"week","team","gsis_id","weekly_status","current_status","full_name","position","game_id","former_team","years_with_team","last_with_team"
1,"ATL","00-0030387","on_depth_chart","on_depth_chart","Steven Means","LB","2021_01_PHI_ATL","PHI",3,2017
1,"ATL","00-0030706","missing","on_depth_chart","Josh Andrews","C","2021_01_PHI_ATL","PHI",2,2016
1,"BAL","00-0030513","missing","on_depth_chart","Latavius Murray","RB","2021_01_BAL_LV","LV",3,2016
1,"BAL","00-0031346","missing","on_depth_chart","Justin Ellis","DT","2021_01_BAL_LV","LV",5,2018
1,"BAL","00-0031690","on_depth_chart","on_depth_chart","Eric Tomlinson","TE","2021_01_BAL_LV","LV",1,2019
1,"BUF","00-0027685","on_depth_chart","on_depth_chart","Emmanuel Sanders","WR","2021_01_PIT_BUF","PIT",4,2013
1,"BUF","00-0032366","on_depth_chart","on_depth_chart","Tyler Matakevich","LB","2021_01_PIT_BUF","PIT",4,2019
1,"CAR","00-0029061","on_depth_chart","on_depth_chart","Julian Stanford","LB","2021_01_NYJ_CAR","NYJ",2,2017
1,"CAR","00-0032403","on_depth_chart","missing","Juston Burris","DB","2021_01_NYJ_CAR","NYJ",3,2018
1,"CAR","00-0032688","on_depth_chart","on_depth_chart","Robby Anderson","WR","2021_01_NYJ_CAR","NYJ",4,2019
1,"CAR","00-0033909","on_depth_chart","missing","Pat Elflein","G","2021_01_NYJ_CAR","NYJ",1,2020
1,"CAR","00-0034302","on_depth_chart","on_depth_chart","Frankie Luvu","LB","2021_01_NYJ_CAR","NYJ",3,2020
1,"CAR","00-0034869","on_depth_chart","on_depth_chart","Sam Darnold","QB","2021_01_NYJ_CAR","NYJ",3,2020
1,"CHI","00-0027952","on_depth_chart","missing","Robert Quinn","LB","2021_01_CHI_LA","LA",7,2017
1,"CHI","00-0029567","missing","on_depth_chart","Nick Foles","QB","2021_01_CHI_LA","LA",1,2015
1,"CHI","00-0030527","on_depth_chart","on_depth_chart","Alec Ogletree","LB","2021_01_CHI_LA","LA",5,2017
1,"CHI","00-0031203","on_depth_chart","on_depth_chart","Cairo Santos","K","2021_01_CHI_LA","LA",1,2018
1,"CHI","00-0032786","on_depth_chart","on_depth_chart","Marqui Christian","DB","2021_01_CHI_LA","LA",4,2019
1,"CHI","00-0035621","on_depth_chart","missing","Nsimba Webster","WR","2021_01_CHI_LA","LA",6,2020
1,"CIN","00-0029672","on_depth_chart","on_depth_chart","Riley Reiff","T","2021_01_MIN_CIN","MIN",4,2020
1,"CIN","00-0031546","on_depth_chart","missing","Trae Waynes","CB","2021_01_MIN_CIN","MIN",5,2019
1,"CLE","00-0033923","on_depth_chart","missing","Kareem Hunt","RB","2021_01_CLE_KC","KC",2,2018
1,"DAL","00-0029692","on_depth_chart","on_depth_chart","Bryan Anger","P","2021_01_DAL_TB","TB",6,2018
1,"DEN","00-0031067","on_depth_chart","on_depth_chart","Cameron Fleming","T","2021_01_DEN_NYG","NYG",1,2020
1,"DET","00-0034614","on_depth_chart","on_depth_chart","Godwin Igwebuike","RB","2021_01_SF_DET","SF",1,2018
1,"HOU","00-0032128","on_depth_chart","on_depth_chart","Chris Conley","WR","2021_01_JAX_HOU","JAX",2,2020
1,"IND","00-0031581","on_depth_chart","on_depth_chart","Mark Glowinski","G","2021_01_SEA_IND","SEA",3,2017
1,"IND","00-0031589","missing","on_depth_chart","Brett Hundley","QB","2021_01_SEA_IND","SEA",1,2018
1,"IND","00-0032443","on_depth_chart","missing","Joey Hunt","C","2021_01_SEA_IND","SEA",4,2019
1,"IND","00-0036226","on_depth_chart","missing","Jacob Eason","QB","2021_01_SEA_IND","SEA",1,2021
1,"JAX","00-0031045","on_depth_chart","on_depth_chart","Carlos Hyde","RB","2021_01_JAX_HOU","HOU",1,2019
1,"KC","00-0029664","missing","on_depth_chart","Josh Gordon","WR","2021_01_CLE_KC","CLE",5,2018
1,"LA","00-0033072","on_depth_chart","on_depth_chart","Leonard Floyd","LB","2021_01_CHI_LA","CHI",4,2019
1,"LV","00-0030663","on_depth_chart","on_depth_chart","Willie Snead","WR","2021_01_BAL_LV","BAL",3,2020
1,"LV","00-0031610","on_depth_chart","missing","Darren Waller","TE","2021_01_BAL_LV","BAL",2,2016
1,"LV","00-0033123","on_depth_chart","on_depth_chart","Yannick Ngakoue","DE","2021_01_BAL_LV","BAL",1,2020
1,"LV","00-0033290","on_depth_chart","on_depth_chart","Jermaine Eluemunor","OL","2021_01_BAL_LV","BAL",2,2018
1,"MIA","00-0027136","on_depth_chart","on_depth_chart","Jason McCourty","DB","2021_01_MIA_NE","NE",3,2020
1,"MIA","00-0031555","on_depth_chart","on_depth_chart","Eric Rowe","DB","2021_01_MIA_NE","NE",3,2018
1,"MIA","00-0031796","on_depth_chart","on_depth_chart","Justin Coleman","CB","2021_01_MIA_NE","NE",2,2016
1,"MIA","00-0032442","on_depth_chart","on_depth_chart","Elandon Roberts","LB","2021_01_MIA_NE","NE",4,2019
1,"MIA","00-0033119","on_depth_chart","on_depth_chart","Jacoby Brissett","QB","2021_01_MIA_NE","NE",1,2016
1,"MIA","00-0033381","on_depth_chart","on_depth_chart","Adam Butler","DT","2021_01_MIA_NE","NE",4,2020
1,"MIA","00-0033471","missing","missing","Isaiah Ford","WR","2021_01_MIA_NE","NE",1,2020
1,"MIN","00-0032389","on_depth_chart","on_depth_chart","Mackensie Alexander","CB","2021_01_MIN_CIN","CIN",1,2020
1,"MIN","00-0032892","on_depth_chart","on_depth_chart","Nick Vigil","LB","2021_01_MIN_CIN","CIN",4,2019
1,"NE","00-0029239","on_depth_chart","on_depth_chart","Brandon Bolden","RB","2021_01_MIA_NE","MIA",1,2018
1,"NE","00-0031360","on_depth_chart","on_depth_chart","Kyle Van Noy","LB","2021_01_MIA_NE","MIA",1,2020
1,"NE","00-0032445","on_depth_chart","on_depth_chart","Ted Karras","OL","2021_01_MIA_NE","MIA",2,2020
1,"NE","00-0033860","on_depth_chart","missing","Davon Godchaux","DT","2021_01_MIA_NE","MIA",4,2020
1,"NO","00-0031615","on_depth_chart","on_depth_chart","Christian Ringo","DT","2021_01_GB_NO","GB",1,2016
1,"NO","00-0032200","on_depth_chart","on_depth_chart","Ty Montgomery","WR","2021_01_GB_NO","GB",4,2018
1,"NO","00-0033929","missing","on_depth_chart","Montravius Adams","DT","2021_01_GB_NO","GB",4,2020
1,"NYG","00-0030957","on_depth_chart","on_depth_chart","Casey Kreiter","LS","2021_01_DEN_NYG","DEN",4,2019
1,"NYG","00-0032943","on_depth_chart","on_depth_chart","Riley Dixon","P","2021_01_DEN_NYG","DEN",4,2017
1,"NYG","00-0032972","on_depth_chart","on_depth_chart","Devontae Booker","RB","2021_01_DEN_NYG","DEN",4,2019
1,"NYJ","00-0029685","on_depth_chart","on_depth_chart","Greg Van Roten","OG","2021_01_NYJ_CAR","CAR",3,2019
1,"PIT","00-0034407","on_depth_chart","on_depth_chart","Ray-Ray McCloud","WR","2021_01_PIT_BUF","BUF",3,2018
1,"SEA","00-0027723","on_depth_chart","on_depth_chart","Al Woods","DT","2021_01_SEA_IND","IND",2,2018
1,"SF","00-0029410","on_depth_chart","on_depth_chart","Tavon Wilson","DB","2021_01_SF_DET","DET",4,2019
1,"SF","00-0029632","on_depth_chart","on_depth_chart","Mohamed Sanu","WR","2021_01_SF_DET","DET",2,2020
1,"SF","00-0032234","on_depth_chart","on_depth_chart","Laken Tomlinson","OL","2021_01_SF_DET","DET",2,2016
1,"SF","00-0034349","missing","missing","Kerryon Johnson","RB","2021_01_SF_DET","DET",3,2020
2,"ATL","00-0030387","on_depth_chart","on_depth_chart","Steven Means","LB","2021_02_ATL_TB","TB",2,2014
2,"BAL","00-0028008","on_depth_chart","on_depth_chart","Justin Houston","LB","2021_02_KC_BAL","KC",8,2018
2,"BAL","00-0030496","missing","on_depth_chart","Le'Veon Bell","RB","2021_02_KC_BAL","KC",1,2020
2,"BAL","00-0031325","on_depth_chart","on_depth_chart","Sammy Watkins","WR","2021_02_KC_BAL","KC",3,2020
2,"BUF","00-0033308","on_depth_chart","on_depth_chart","Matt Breida","RB","2021_02_BUF_MIA","MIA",1,2020
2,"BUF","00-0033400","on_depth_chart","on_depth_chart","Matt Haack","P","2021_02_BUF_MIA","MIA",8,2020
2,"CAR","00-0034011","on_depth_chart","missing","Dan Arnold","TE","2021_02_NO_CAR","NO",2,2019
2,"CHI","00-0027973","on_depth_chart","on_depth_chart","Andy Dalton","QB","2021_02_CIN_CHI","CIN",9,2019
2,"CLE","00-0028986","on_depth_chart","on_depth_chart","Case Keenum","QB","2021_02_HOU_CLE","HOU",2,2014
2,"CLE","00-0031364","on_depth_chart","on_depth_chart","Jadeveon Clowney","DE","2021_02_HOU_CLE","HOU",5,2018
2,"CLE","00-0035258","missing","on_depth_chart","Hjalte Froholdt","G","2021_02_HOU_CLE","HOU",1,2020
2,"DEN","00-0033576","on_depth_chart","on_depth_chart","Eric Saubert","TE","2021_02_DEN_JAX","JAX",1,2020
2,"DET","00-0032626","missing","on_depth_chart","Geronimo Allison","WR","2021_02_DET_GB","GB",4,2019
2,"DET","00-0033948","on_depth_chart","missing","Jamaal Williams","RB","2021_02_DET_GB","GB",4,2020
2,"HOU","00-0028118","on_depth_chart","missing","Tyrod Taylor","QB","2021_02_HOU_CLE","CLE",1,2018
2,"HOU","00-0030792","on_depth_chart","on_depth_chart","Justin McCray","OL","2021_02_HOU_CLE","CLE",1,2019
2,"HOU","00-0031097","on_depth_chart","on_depth_chart","Terrance Mitchell","DB","2021_02_HOU_CLE","CLE",3,2020
2,"HOU","00-0031361","on_depth_chart","on_depth_chart","Christian Kirksey","LB","2021_02_HOU_CLE","CLE",6,2019
2,"HOU","00-0033038","on_depth_chart","on_depth_chart","Eric Murray","DB","2021_02_HOU_CLE","CLE",1,2019
2,"HOU","00-0033439","on_depth_chart","on_depth_chart","Pharaoh Brown","TE","2021_02_HOU_CLE","CLE",2,2019
2,"HOU","00-0033469","on_depth_chart","missing","Vincent Taylor","DT","2021_02_HOU_CLE","CLE",1,2020
2,"HOU","00-0034488","on_depth_chart","on_depth_chart","Tavierre Thomas","DB","2021_02_HOU_CLE","CLE",3,2020
2,"JAX","00-0029799","on_depth_chart","on_depth_chart","Lerentee McCray","DE","2021_02_DEN_JAX","DEN",2,2015
2,"JAX","00-0033064","on_depth_chart","on_depth_chart","Adam Gotsis","DE","2021_02_DEN_JAX","DEN",4,2019
2,"KC","00-0034752","on_depth_chart","on_depth_chart","Orlando Brown","T","2021_02_KC_BAL","BAL",3,2020
2,"LAC","00-0031619","on_depth_chart","on_depth_chart","Christian Covington","DT","2021_02_DAL_LAC","DAL",2,2019
2,"MIN","00-0027943","on_depth_chart","on_depth_chart","Patrick Peterson","CB","2021_02_MIN_ARI","ARI",10,2020
2,"MIN","00-0034785","on_depth_chart","on_depth_chart","Mason Cole","OL","2021_02_MIN_ARI","ARI",3,2020
2,"NE","00-0025565","on_depth_chart","on_depth_chart","Nick Folk","K","2021_02_NE_NYJ","NYJ",7,2016
2,"NE","00-0032269","on_depth_chart","missing","Henry Anderson","DE","2021_02_NE_NYJ","NYJ",3,2020
2,"NE","00-0033392","on_depth_chart","on_depth_chart","Harvey Langi","LB","2021_02_NE_NYJ","NYJ",2,2020
2,"NO","00-0028237","on_depth_chart","missing","Chris Hogan","WR","2021_02_NO_CAR","CAR",1,2019
2,"NO","00-0033296","missing","on_depth_chart","Alex Armah","FB","2021_02_NO_CAR","CAR",4,2020
2,"NYG","00-0026858","on_depth_chart","on_depth_chart","Graham Gano","K","2021_02_NYG_WAS","WAS",3,2011
2,"NYG","00-0035263","missing","on_depth_chart","Wes Martin","G","2021_02_NYG_WAS","WAS",2,2020
2,"SEA","00-0027723","on_depth_chart","on_depth_chart","Al Woods","DT","2021_02_TEN_SEA","TEN",3,2016
2,"SF","00-0032792","missing","on_depth_chart","Nate Sudfeld","QB","2021_02_SF_PHI","PHI",4,2020
2,"TEN","00-0030161","missing","missing","Bradley McDougald","DB","2021_02_TEN_SEA","SEA",3,2019
2,"TEN","00-0035390","on_depth_chart","missing","Anthony Rush","DT","2021_02_TEN_SEA","SEA",1,2020
2,"WAS","00-0031596","on_depth_chart","on_depth_chart","David Mayo","LB","2021_02_NYG_WAS","NYG",4,2020
2,"WAS","00-0032259","on_depth_chart","on_depth_chart","Ereck Flowers","T","2021_02_NYG_WAS","NYG",4,2018
2,"WAS","00-0032262","on_depth_chart","on_depth_chart","Landon Collins","DB","2021_02_NYG_WAS","NYG",4,2018
3,"ARI","00-0029316","on_depth_chart","on_depth_chart","Kelvin Beachum","OL","2021_03_ARI_JAX","JAX",1,2016
3,"ARI","00-0036101","on_depth_chart","missing","Luq Barcoo","CB","2021_03_ARI_JAX","JAX",1,2020
3,"ATL","00-0033950","on_depth_chart","on_depth_chart","Wayne Gallman","RB","2021_03_ATL_NYG","NYG",4,2020
3,"BAL","00-0028278","missing","on_depth_chart","Josh Bynes","LB","2021_03_BAL_DET","DET",3,2016
3,"BUF","00-0028339","on_depth_chart","on_depth_chart","Mario Addison","DE","2021_03_WAS_BUF","WAS",1,2012
3,"CAR","00-0030228","missing","on_depth_chart","A.J. Bouye","CB","2021_03_CAR_HOU","HOU",4,2016
3,"CHI","00-0028924","on_depth_chart","on_depth_chart","Tashaun Gipson","DB","2021_03_CHI_CLE","CLE",4,2015
3,"CHI","00-0032054","on_depth_chart","on_depth_chart","Breshad Perriman","WR","2021_03_CHI_CLE","CLE",1,2018
3,"CIN","00-0032521","on_depth_chart","on_depth_chart","Mike Hilton","CB","2021_03_CIN_PIT","PIT",4,2020
3,"CIN","00-0034951","on_depth_chart","on_depth_chart","Fred Johnson","T","2021_03_CIN_PIT","PIT",1,2019
3,"DAL","00-0033725","on_depth_chart","on_depth_chart","Corey Clement","RB","2021_03_PHI_DAL","PHI",8,2020
3,"DEN","00-0033568","on_depth_chart","on_depth_chart","Nate Hairston","CB","2021_03_NYJ_DEN","NYJ",2,2020
3,"HOU","00-0035192","on_depth_chart","missing","Joey Slye","K","2021_03_CAR_HOU","CAR",2,2020
3,"IND","00-0032871","missing","on_depth_chart","Antwaun Woods","DT","2021_03_IND_TEN","TEN",1,2016
3,"JAX","00-0033792","on_depth_chart","on_depth_chart","Rudy Ford","DB","2021_03_ARI_JAX","ARI",2,2018
3,"KC","00-0029164","on_depth_chart","on_depth_chart","Mike Remmers","T","2021_03_LAC_KC","LAC",1,2013
3,"LA","00-0026189","on_depth_chart","on_depth_chart","DeSean Jackson","WR","2021_03_TB_LA","TB",2,2018
3,"LA","00-0035269","on_depth_chart","on_depth_chart","Matt Gay","K","2021_03_TB_LA","TB",1,2019
3,"LAC","00-0026544","on_depth_chart","on_depth_chart","Chase Daniel","QB","2021_03_LAC_KC","KC",3,2015
3,"LV","00-0023516","missing","missing","Richie Incognito","G","2021_03_MIA_LV","MIA",4,2013
3,"LV","00-0033118","on_depth_chart","on_depth_chart","Kenyan Drake","RB","2021_03_MIA_LV","MIA",8,2019
3,"MIN","00-0030573","on_depth_chart","on_depth_chart","Sheldon Richardson","DT","2021_03_SEA_MIN","SEA",1,2017
3,"MIN","00-0034274","missing","missing","Parry Nickerson","CB","2021_03_SEA_MIN","SEA",1,2019
3,"NO","00-0028237","on_depth_chart","missing","Chris Hogan","WR","2021_03_NO_NE","NE",3,2018
3,"NYJ","00-0033011","on_depth_chart","on_depth_chart","Connor McGovern","OL","2021_03_NYJ_DEN","DEN",4,2019
3,"PIT","00-0031779","on_depth_chart","on_depth_chart","B.J. Finney","OL","2021_03_CIN_PIT","CIN",1,2020
3,"SF","00-0033199","on_depth_chart","on_depth_chart","Taybor Pepper","LS","2021_03_GB_SF","GB",1,2017
3,"TB","00-0027855","on_depth_chart","on_depth_chart","Ndamukong Suh","DT","2021_03_TB_LA","LA",1,2018
3,"TEN","00-0030442","missing","on_depth_chart","John Simon","LB","2021_03_IND_TEN","IND",1,2017
3,"TEN","00-0031254","on_depth_chart","on_depth_chart","Denico Autry","DE","2021_03_IND_TEN","IND",3,2020
3,"TEN","00-0032355","on_depth_chart","on_depth_chart","Chester Rogers","WR","2021_03_IND_TEN","IND",12,2019
3,"TEN","00-0032496","on_depth_chart","on_depth_chart","Matthias Farley","DB","2021_03_IND_TEN","IND",3,2018
3,"TEN","00-0032980","missing","on_depth_chart","Marcus Johnson","WR","2021_03_IND_TEN","IND",3,2020
3,"TEN","00-0033955","on_depth_chart","on_depth_chart","Jeremy McNichols","RB","2021_03_IND_TEN","IND",1,2018
3,"TEN","00-0034084","missing","missing","Michael Badgley","K","2021_03_IND_TEN","IND",1,2021
3,"WAS","00-0023682","missing","missing","Ryan Fitzpatrick","QB","2021_03_WAS_BUF","BUF",4,2012
3,"WAS","00-0030098","on_depth_chart","missing","Dustin Hopkins","K","2021_03_WAS_BUF","BUF",1,2013
3,"WAS","00-0031260","on_depth_chart","missing","Logan Thomas","TE","2021_03_WAS_BUF","BUF",3,2018
4,"ATL","00-0033918","on_depth_chart","on_depth_chart","Fabian Moreau","CB","2021_04_WAS_ATL","WAS",4,2020
4,"BAL","00-0029586","on_depth_chart","missing","Derek Wolfe","DE","2021_04_BAL_DEN","DEN",8,2019
4,"BUF","00-0028063","on_depth_chart","on_depth_chart","Taiwan Jones","RB","2021_04_HOU_BUF","HOU",1,2019
4,"CAR","00-0032145","on_depth_chart","on_depth_chart","Cameron Erving","T","2021_04_CAR_DAL","DAL",1,2020
4,"CHI","00-0031130","on_depth_chart","on_depth_chart","Christian Jones","LB","2021_04_DET_CHI","DET",3,2020
4,"CHI","00-0032135","on_depth_chart","on_depth_chart","Jesse James","TE","2021_04_DET_CHI","DET",2,2020
4,"CIN","00-0032434","on_depth_chart","on_depth_chart","Brandon Allen","QB","2021_04_JAX_CIN","JAX",1,2016
4,"CLE","00-0028986","on_depth_chart","on_depth_chart","Case Keenum","QB","2021_04_CLE_MIN","MIN",1,2017
4,"CLE","00-0033969","on_depth_chart","on_depth_chart","Ifeadi Odenigbo","DE","2021_04_CLE_MIN","MIN",2,2020
4,"DAL","00-0035251","on_depth_chart","on_depth_chart","Will Grier","QB","2021_04_CAR_DAL","CAR",2,2020
4,"DET","00-0030500","on_depth_chart","on_depth_chart","Nicholas Williams","DE","2021_04_DET_CHI","CHI",2,2019
4,"DET","00-0034801","missing","on_depth_chart","Josh Woods","LB","2021_04_DET_CHI","CHI",2,2020
4,"HOU","00-0027691","on_depth_chart","missing","Andre Roberts","WR","2021_04_HOU_BUF","BUF",6,2020
4,"HOU","00-0028118","missing","missing","Tyrod Taylor","QB","2021_04_HOU_BUF","BUF",3,2017
4,"HOU","00-0033469","missing","missing","Vincent Taylor","DT","2021_04_HOU_BUF","BUF",1,2019
4,"IND","00-0031734","on_depth_chart","on_depth_chart","Chris Reed","G","2021_04_IND_MIA","MIA",1,2019
4,"IND","00-0033560","on_depth_chart","on_depth_chart","Julien Davenport","T","2021_04_IND_MIA","MIA",2,2020
4,"JAX","00-0029293","on_depth_chart","on_depth_chart","Marvin Jones","WR","2021_04_JAX_CIN","CIN",4,2015
4,"LAC","00-0027061","on_depth_chart","on_depth_chart","Jared Cook","TE","2021_04_LV_LAC","LV",2,2018
4,"LV","00-0029261","on_depth_chart","on_depth_chart","Casey Hayward","CB","2021_04_LV_LAC","LAC",5,2020
4,"LV","00-0030148","missing","on_depth_chart","Damion Square","DT","2021_04_LV_LAC","LAC",7,2020
4,"LV","00-0032103","on_depth_chart","on_depth_chart","Denzel Perryman","LB","2021_04_LV_LAC","LAC",6,2020
4,"LV","00-0032116","on_depth_chart","on_depth_chart","Darius Philon","DT","2021_04_LV_LAC","LAC",4,2018
4,"LV","00-0034545","missing","on_depth_chart","Brandon Facyson","CB","2021_04_LV_LAC","LAC",3,2020
4,"LV","00-0035437","on_depth_chart","missing","Roderic Teamer","DB","2021_04_LV_LAC","LAC",1,2019
4,"MIA","00-0033119","on_depth_chart","on_depth_chart","Jacoby Brissett","QB","2021_04_IND_MIA","IND",4,2020
4,"MIN","00-0030573","on_depth_chart","on_depth_chart","Sheldon Richardson","DT","2021_04_CLE_MIN","CLE",2,2020
4,"MIN","00-0034450","on_depth_chart","on_depth_chart","Greg Joseph","K","2021_04_CLE_MIN","CLE",1,2018
4,"NE","00-0025565","on_depth_chart","on_depth_chart","Nick Folk","K","2021_04_TB_NE","TB",2,2017
4,"NO","00-0032870","on_depth_chart","missing","Aldrick Rosas","K","2021_04_NYG_NO","NYG",6,2019
4,"NYJ","00-0033871","on_depth_chart","on_depth_chart","Corey Davis","WR","2021_04_TEN_NYJ","TEN",4,2020
4,"PHI","00-0032150","on_depth_chart","on_depth_chart","Steven Nelson","CB","2021_04_KC_PHI","KC",4,2018
4,"SEA","00-0028292","on_depth_chart","on_depth_chart","Nick Bellore","FB","2021_04_SEA_SF","SF",4,2016
4,"SEA","00-0030946","on_depth_chart","on_depth_chart","Kerry Hyder","DE","2021_04_SEA_SF","SF",1,2020
4,"SEA","00-0034229","on_depth_chart","on_depth_chart","Dakoda Shepley","C","2021_04_SEA_SF","SF",1,2020
4,"SEA","00-0034384","on_depth_chart","on_depth_chart","D.J. Reed","CB","2021_04_SEA_SF","SF",6,2019
4,"TB","00-0019596","on_depth_chart","on_depth_chart","Tom Brady","QB","2021_04_TB_NE","NE",21,2019
4,"TB","00-0027656","on_depth_chart","on_depth_chart","Rob Gronkowski","TE","2021_04_TB_NE","NE",9,2018
4,"TB","00-0027793","missing","on_depth_chart","Antonio Brown","WR","2021_04_TB_NE","NE",1,2019
4,"TEN","00-0029421","on_depth_chart","on_depth_chart","Randy Bullock","K","2021_04_TEN_NYJ","NYJ",3,2015
4,"TEN","00-0030161","missing","missing","Bradley McDougald","DB","2021_04_TEN_NYJ","NYJ",1,2020
4,"TEN","00-0031263","missing","on_depth_chart","Avery Williamson","LB","2021_04_TEN_NYJ","NYJ",2,2020
4,"TEN","00-0032496","on_depth_chart","on_depth_chart","Matthias Farley","DB","2021_04_TEN_NYJ","NYJ",2,2020
4,"TEN","00-0034659","missing","missing","Sharif Finch","LB","2021_04_TEN_NYJ","NYJ",1,2020
4,"WAS","00-0032432","on_depth_chart","on_depth_chart","Wes Schweitzer","G","2021_04_WAS_ATL","ATL",4,2019
5,"ARI","00-0022824","on_depth_chart","on_depth_chart","Andy Lee","P","2021_05_SF_ARI","SF",20,2014
5,"ARI","00-0027688","on_depth_chart","on_depth_chart","Colt McCoy","QB","2021_05_SF_ARI","SF",1,2013
5,"ATL","00-0030010","on_depth_chart","on_depth_chart","Brandon Copeland","LB","2021_05_NYJ_ATL","NYJ",2,2019
5,"ATL","00-0030706","missing","on_depth_chart","Josh Andrews","C","2021_05_NYJ_ATL","NYJ",1,2020
5,"ATL","00-0030757","missing","on_depth_chart","Mike Pennel","DT","2021_05_NYJ_ATL","NYJ",2,2018
5,"BAL","00-0028008","on_depth_chart","on_depth_chart","Justin Houston","LB","2021_05_IND_BAL","IND",2,2020
5,"BUF","00-0031936","on_depth_chart","on_depth_chart","Mitch Morse","C","2021_05_BUF_KC","KC",4,2018
5,"BUF","00-0034505","on_depth_chart","on_depth_chart","Ike Boettger","OG","2021_05_BUF_KC","KC",2,2018
5,"CHI","00-0031040","on_depth_chart","on_depth_chart","Khalil Mack","LB","2021_05_CHI_LV","LV",4,2017
5,"CHI","00-0032265","on_depth_chart","on_depth_chart","Mario Edwards","DE","2021_05_CHI_LV","LV",3,2017
5,"CLE","00-0035358","on_depth_chart","on_depth_chart","Chase McLaughlin","K","2021_05_CLE_LAC","LAC",1,2019
5,"HOU","00-0026035","on_depth_chart","on_depth_chart","Danny Amendola","WR","2021_05_NE_HOU","NE",5,2017
5,"HOU","00-0028076","on_depth_chart","missing","Marcus Cannon","OL","2021_05_NE_HOU","NE",9,2019
5,"HOU","00-0030288","on_depth_chart","on_depth_chart","Rex Burkhead","RB","2021_05_NE_HOU","NE",4,2020
5,"HOU","00-0031236","on_depth_chart","on_depth_chart","Brandin Cooks","WR","2021_05_NE_HOU","NE",1,2017
5,"HOU","00-0031338","on_depth_chart","missing","Terrence Brooks","DB","2021_05_NE_HOU","NE",2,2020
5,"LV","00-0032773","on_depth_chart","on_depth_chart","Nick Kwiatkoski","LB","2021_05_CHI_LV","CHI",4,2019
5,"MIN","00-0027701","on_depth_chart","on_depth_chart","Everson Griffen","DE","2021_05_DET_MIN","DET",1,2020
5,"MIN","00-0032104","on_depth_chart","on_depth_chart","Ameer Abdullah","RB","2021_05_DET_MIN","DET",4,2018
5,"NE","00-0026625","on_depth_chart","on_depth_chart","Brian Hoyer","QB","2021_05_NE_HOU","HOU",1,2015
5,"NYJ","00-0032058","on_depth_chart","on_depth_chart","Tevin Coleman","RB","2021_05_NYJ_ATL","ATL",4,2018
5,"NYJ","00-0032592","on_depth_chart","on_depth_chart","Sharrod Neasman","DB","2021_05_NYJ_ATL","ATL",5,2020
5,"PIT","00-0036440","on_depth_chart","on_depth_chart","Derrek Tuszka","LB","2021_05_DEN_PIT","DEN",2,2020
5,"SEA","00-0033895","missing","on_depth_chart","Gerald Everett","TE","2021_05_LA_SEA","LA",4,2020
5,"SF","00-0029560","on_depth_chart","on_depth_chart","Dre Kirkpatrick","CB","2021_05_SF_ARI","ARI",1,2020
5,"SF","00-0031061","on_depth_chart","on_depth_chart","Dontae Johnson","CB","2021_05_SF_ARI","ARI",1,2018
5,"SF","00-0031105","missing","on_depth_chart","Zach Kerr","DE","2021_05_SF_ARI","ARI",1,2019
5,"SF","00-0034487","on_depth_chart","on_depth_chart","Trent Sherfield","WR","2021_05_SF_ARI","ARI",3,2020
5,"TB","00-0027855","on_depth_chart","on_depth_chart","Ndamukong Suh","DT","2021_05_MIA_TB","MIA",3,2017
5,"TEN","00-0032141","on_depth_chart","on_depth_chart","Geoff Swaim","TE","2021_05_TEN_JAX","JAX",1,2019
5,"TEN","00-0033430","missing","on_depth_chart","Greg Mabin","CB","2021_05_TEN_JAX","JAX",1,2020
5,"TEN","00-0033435","on_depth_chart","on_depth_chart","Breon Borders","CB","2021_05_TEN_JAX","JAX",1,2019
5,"WAS","00-0030725","on_depth_chart","on_depth_chart","Cornelius Lucas","T","2021_05_NO_WAS","NO",1,2018
6,"ARI","00-0022824","on_depth_chart","on_depth_chart","Andy Lee","P","2021_06_ARI_CLE","CLE",2,2015
6,"ARI","00-0027688","on_depth_chart","on_depth_chart","Colt McCoy","QB","2021_06_ARI_CLE","CLE",3,2012
6,"ARI","00-0030155","on_depth_chart","on_depth_chart","Demetrius Harris","TE","2021_06_ARI_CLE","CLE",1,2019
6,"ARI","00-0033580","on_depth_chart","on_depth_chart","Tanner Vallejo","LB","2021_06_ARI_CLE","CLE",1,2018
6,"CAR","00-0033909","missing","missing","Pat Elflein","G","2021_06_MIN_CAR","MIN",4,2020
6,"CAR","00-0034052","on_depth_chart","missing","Brandon Zylstra","WR","2021_06_MIN_CAR","MIN",1,2018
6,"CHI","00-0027696","on_depth_chart","missing","Jimmy Graham","TE","2021_06_GB_CHI","GB",2,2019
6,"CIN","00-0029672","on_depth_chart","on_depth_chart","Riley Reiff","T","2021_06_CIN_DET","DET",5,2016
6,"CLE","00-0033969","on_depth_chart","on_depth_chart","Ifeadi Odenigbo","DE","2021_06_ARI_CLE","ARI",1,2018
6,"DEN","00-0031270","on_depth_chart","on_depth_chart","Shelby Harris","DE","2021_06_LV_DEN","LV",2,2015
6,"DET","00-0035145","on_depth_chart","on_depth_chart","Austin Seibert","K","2021_06_CIN_DET","CIN",1,2020
6,"GB","00-0031584","on_depth_chart","on_depth_chart","Adrian Amos","DB","2021_06_GB_CHI","CHI",4,2018
6,"HOU","00-0034278","on_depth_chart","on_depth_chart","Tremon Smith","DB","2021_06_HOU_IND","IND",3,2020
6,"IND","00-0033560","on_depth_chart","on_depth_chart","Julien Davenport","T","2021_06_HOU_IND","HOU",2,2018
6,"KC","00-0031595","on_depth_chart","on_depth_chart","Michael Burton","FB","2021_06_KC_WAS","WAS",1,2019
6,"LA","00-0032641","missing","on_depth_chart","Donte Deayon","CB","2021_06_LA_NYG","NYG",2,2018
6,"MIN","00-0032448","on_depth_chart","on_depth_chart","Stephen Weatherly","LB","2021_06_MIN_CAR","CAR",1,2020
6,"NE","00-0025565","on_depth_chart","on_depth_chart","Nick Folk","K","2021_06_DAL_NE","DAL",6,2009
6,"PIT","00-0031779","on_depth_chart","on_depth_chart","B.J. Finney","OL","2021_06_SEA_PIT","SEA",1,2020
6,"SEA","00-0027723","on_depth_chart","on_depth_chart","Al Woods","DT","2021_06_SEA_PIT","PIT",3,2013
6,"TEN","00-0033430","missing","on_depth_chart","Greg Mabin","CB","2021_06_BUF_TEN","BUF",1,2017
6,"TEN","00-0033435","on_depth_chart","on_depth_chart","Breon Borders","CB","2021_06_BUF_TEN","BUF",1,2017
6,"WAS","00-0033084","on_depth_chart","on_depth_chart","Kendall Fuller","CB","2021_06_KC_WAS","KC",2,2019
6,"WAS","00-0033611","on_depth_chart","on_depth_chart","Ricky Seals-Jones","TE","2021_06_KC_WAS","KC",1,2020
7,"ARI","00-0027949","on_depth_chart","on_depth_chart","J.J. Watt","DE","2021_07_HOU_ARI","HOU",10,2020
7,"ARI","00-0030564","on_depth_chart","on_depth_chart","DeAndre Hopkins","WR","2021_07_HOU_ARI","HOU",7,2019
7,"ATL","00-0034343","on_depth_chart","on_depth_chart","Josh Rosen","QB","2021_07_ATL_MIA","MIA",1,2019
7,"BAL","00-0028278","on_depth_chart","on_depth_chart","Josh Bynes","LB","2021_07_CIN_BAL","CIN",1,2020
7,"BAL","00-0029592","on_depth_chart","on_depth_chart","Kevin Zeitler","OG","2021_07_CIN_BAL","CIN",5,2016
7,"CAR","00-0034496","on_depth_chart","on_depth_chart","Sean Chandler","DB","2021_07_CAR_NYG","NYG",2,2019
7,"CHI","00-0031203","on_depth_chart","on_depth_chart","Cairo Santos","K","2021_07_CHI_TB","TB",1,2018
7,"CHI","00-0032054","on_depth_chart","on_depth_chart","Breshad Perriman","WR","2021_07_CHI_TB","TB",1,2019
7,"CLE","00-0028986","on_depth_chart","on_depth_chart","Case Keenum","QB","2021_07_DEN_CLE","DEN",1,2018
7,"CLE","00-0029568","on_depth_chart","on_depth_chart","Malik Jackson","DT","2021_07_DEN_CLE","DEN",4,2015
7,"CLE","00-0032956","missing","missing","Andy Janovich","FB","2021_07_DEN_CLE","DEN",4,2019
7,"DET","00-0029630","on_depth_chart","on_depth_chart","Michael Brockers","DE","2021_07_DET_LA","LA",9,2020
7,"DET","00-0033106","on_depth_chart","on_depth_chart","Jared Goff","QB","2021_07_DET_LA","LA",5,2020
7,"DET","00-0034854","on_depth_chart","on_depth_chart","Khadarel Hodge","WR","2021_07_DET_LA","LA",1,2018
7,"DET","00-0035928","on_depth_chart","missing","Eric Banks","DE","2021_07_DET_LA","LA",1,2020
7,"GB","00-0031935","on_depth_chart","on_depth_chart","Preston Smith","LB","2021_07_WAS_GB","WAS",4,2018
7,"HOU","00-0027691","on_depth_chart","missing","Andre Roberts","WR","2021_07_HOU_ARI","ARI",12,2013
7,"HOU","00-0032187","on_depth_chart","on_depth_chart","David Johnson","RB","2021_07_HOU_ARI","ARI",5,2019
7,"IND","00-0032378","on_depth_chart","on_depth_chart","DeForest Buckner","DT","2021_07_IND_SF","SF",4,2019
7,"LA","00-0026498","on_depth_chart","on_depth_chart","Matthew Stafford","QB","2021_07_DET_LA","DET",12,2020
7,"LA","00-0032889","on_depth_chart","on_depth_chart","A'Shawn Robinson","DT","2021_07_DET_LA","DET",4,2019
7,"LV","00-0030148","on_depth_chart","on_depth_chart","Damion Square","DT","2021_07_PHI_LV","PHI",1,2013
7,"MIA","00-0033549","on_depth_chart","on_depth_chart","Duke Riley","LB","2021_07_ATL_MIA","ATL",3,2019
7,"NE","00-0025565","on_depth_chart","on_depth_chart","Nick Folk","K","2021_07_NYJ_NE","NYJ",14,2016
7,"NE","00-0032269","missing","missing","Henry Anderson","DE","2021_07_NYJ_NE","NYJ",3,2020
7,"NE","00-0033392","on_depth_chart","on_depth_chart","Harvey Langi","LB","2021_07_NYJ_NE","NYJ",2,2020
7,"NYG","00-0026858","on_depth_chart","on_depth_chart","Graham Gano","K","2021_07_CAR_NYG","CAR",7,2018
7,"NYG","00-0032890","on_depth_chart","on_depth_chart","James Bradberry","CB","2021_07_CAR_NYG","CAR",4,2019
7,"SF","00-0029410","on_depth_chart","on_depth_chart","Tavon Wilson","DB","2021_07_IND_SF","IND",1,2020
7,"SF","00-0031105","on_depth_chart","on_depth_chart","Zach Kerr","DE","2021_07_IND_SF","IND",3,2016
7,"TEN","00-0030161","missing","missing","Bradley McDougald","DB","2021_07_KC_TEN","KC",1,2013
7,"WAS","00-0035671","on_depth_chart","missing","Jace Sternberger","TE","2021_07_WAS_GB","GB",2,2020
8,"ARI","00-0029747","on_depth_chart","on_depth_chart","Chris Banjo","DB","2021_08_GB_ARI","GB",4,2016
8,"ATL","00-0032063","on_depth_chart","on_depth_chart","Mike Davis","RB","2021_08_CAR_ATL","CAR",2,2020
8,"ATL","00-0033059","on_depth_chart","on_depth_chart","T.J. Green","DB","2021_08_CAR_ATL","CAR",1,2019
8,"BUF","00-0033308","missing","on_depth_chart","Matt Breida","RB","2021_08_MIA_BUF","MIA",1,2020
8,"BUF","00-0033400","missing","on_depth_chart","Matt Haack","P","2021_08_MIA_BUF","MIA",4,2020
8,"CHI","00-0030068","on_depth_chart","on_depth_chart","Marquise Goodwin","WR","2021_08_SF_CHI","SF",3,2019
8,"CLE","00-0029963","missing","missing","Christopher Hubbard","T","2021_08_PIT_CLE","PIT",4,2017
8,"DAL","00-0032454","missing","on_depth_chart","Jayron Kearse","DB","2021_08_DAL_MIN","MIN",4,2019
8,"DEN","00-0032195","on_depth_chart","on_depth_chart","Ronald Darby","CB","2021_08_WAS_DEN","WAS",1,2020
8,"DET","00-0032785","on_depth_chart","on_depth_chart","Halapoulivaati Vaitai","G","2021_08_PHI_DET","PHI",4,2019
8,"GB","00-0032401","on_depth_chart","on_depth_chart","De'Vondre Campbell","LB","2021_08_GB_ARI","ARI",1,2020
8,"HOU","00-0026035","on_depth_chart","on_depth_chart","Danny Amendola","WR","2021_08_LA_HOU","LA",4,2012
8,"HOU","00-0031236","on_depth_chart","on_depth_chart","Brandin Cooks","WR","2021_08_LA_HOU","LA",2,2019
8,"IND","00-0032871","on_depth_chart","on_depth_chart","Antwaun Woods","DT","2021_08_TEN_IND","TEN",1,2016
8,"IND","00-0034084","on_depth_chart","on_depth_chart","Michael Badgley","K","2021_08_TEN_IND","TEN",1,2021
8,"JAX","00-0031045","missing","on_depth_chart","Carlos Hyde","RB","2021_08_JAX_SEA","SEA",1,2020
8,"JAX","00-0033387","missing","on_depth_chart","Jacob Hollister","TE","2021_08_JAX_SEA","SEA",2,2020
8,"JAX","00-0033926","missing","on_depth_chart","Shaquill Griffin","CB","2021_08_JAX_SEA","SEA",4,2020
8,"KC","00-0029164","on_depth_chart","on_depth_chart","Mike Remmers","T","2021_08_NYG_KC","NYG",1,2019
8,"KC","00-0035684","on_depth_chart","on_depth_chart","Deandre Baker","CB","2021_08_NYG_KC","NYG",1,2019
8,"LA","00-0034449","on_depth_chart","on_depth_chart","Buddy Howell","RB","2021_08_LA_HOU","HOU",3,2020
8,"LAC","00-0032725","missing","on_depth_chart","Stephen Anderson","TE","2021_08_NE_LAC","NE",1,2018
8,"MIN","00-0027701","missing","on_depth_chart","Everson Griffen","DE","2021_08_DAL_MIN","DAL",1,2020
8,"MIN","00-0033579","missing","on_depth_chart","Xavier Woods","DB","2021_08_DAL_MIN","DAL",4,2020
8,"NE","00-0028171","on_depth_chart","on_depth_chart","Lawrence Guy","DT","2021_08_NE_LAC","LAC",4,2014
8,"NE","00-0031404","on_depth_chart","on_depth_chart","Adrian Phillips","DB","2021_08_NE_LAC","LAC",6,2019
8,"NE","00-0033090","on_depth_chart","on_depth_chart","Hunter Henry","TE","2021_08_NE_LAC","LAC",5,2020
8,"NO","00-0031503","on_depth_chart","on_depth_chart","Jameis Winston","QB","2021_08_TB_NO","TB",5,2019
8,"NO","00-0032109","missing","missing","Kwon Alexander","LB","2021_08_TB_NO","TB",4,2018
8,"NYG","00-0033058","on_depth_chart","on_depth_chart","Reggie Ragland","LB","2021_08_NYG_KC","KC",3,2019
8,"NYJ","00-0032214","on_depth_chart","on_depth_chart","Tyler Kroft","TE","2021_08_CIN_NYJ","CIN",4,2018
8,"PHI","00-0030062","on_depth_chart","on_depth_chart","Darius Slay","CB","2021_08_PHI_DET","DET",7,2019
8,"PIT","00-0027860","missing","on_depth_chart","Joe Haden","CB","2021_08_PIT_CLE","CLE",7,2016
8,"PIT","00-0033125","missing","on_depth_chart","Joe Schobert","LB","2021_08_PIT_CLE","CLE",4,2019
8,"SEA","00-0031492","on_depth_chart","on_depth_chart","Jason Myers","K","2021_08_JAX_SEA","JAX",3,2017
8,"SEA","00-0032233","missing","missing","Cedric Ogbuehi","T","2021_08_JAX_SEA","JAX",1,2019
8,"SEA","00-0033543","on_depth_chart","on_depth_chart","Sidney Jones","CB","2021_08_JAX_SEA","JAX",1,2020
8,"SEA","00-0036312","on_depth_chart","on_depth_chart","Jake Luton","QB","2021_08_JAX_SEA","JAX",1,2020
8,"SF","00-0023252","missing","missing","Robbie Gould","K","2021_08_SF_CHI","CHI",11,2015
8,"SF","00-0028075","missing","missing","Buster Skrine","DB","2021_08_SF_CHI","CHI",2,2020
8,"SF","00-0029144","on_depth_chart","on_depth_chart","Tom Compton","OL","2021_08_SF_CHI","CHI",1,2017
8,"SF","00-0031687","missing","missing","Raheem Mostert","RB","2021_08_SF_CHI","CHI",1,2016
8,"TEN","00-0030442","on_depth_chart","on_depth_chart","John Simon","LB","2021_08_TEN_IND","IND",1,2017
8,"TEN","00-0031254","on_depth_chart","on_depth_chart","Denico Autry","DE","2021_08_TEN_IND","IND",3,2020
8,"TEN","00-0032355","on_depth_chart","on_depth_chart","Chester Rogers","WR","2021_08_TEN_IND","IND",12,2019
8,"TEN","00-0032496","on_depth_chart","on_depth_chart","Matthias Farley","DB","2021_08_TEN_IND","IND",3,2018
8,"TEN","00-0032980","on_depth_chart","on_depth_chart","Marcus Johnson","WR","2021_08_TEN_IND","IND",3,2020
8,"TEN","00-0033955","on_depth_chart","on_depth_chart","Jeremy McNichols","RB","2021_08_TEN_IND","IND",2,2018
9,"ARI","00-0022824","missing","on_depth_chart","Andy Lee","P","2021_09_ARI_SF","SF",10,2014
9,"ARI","00-0027688","missing","on_depth_chart","Colt McCoy","QB","2021_09_ARI_SF","SF",1,2013
9,"ATL","00-0031947","missing","on_depth_chart","Tyeler Davison","DT","2021_09_ATL_NO","NO",4,2018
9,"ATL","00-0032320","missing","on_depth_chart","Erik Harris","DB","2021_09_ATL_NO","NO",1,2016
9,"ATL","00-0033059","missing","on_depth_chart","T.J. Green","DB","2021_09_ATL_NO","NO",1,2019
9,"BAL","00-0030513","missing","on_depth_chart","Latavius Murray","RB","2021_09_MIN_BAL","MIN",2,2018
9,"CAR","00-0029901","missing","on_depth_chart","Rashaan Melvin","CB","2021_09_NE_CAR","NE",1,2015
9,"CHI","00-0032135","missing","on_depth_chart","Jesse James","TE","2021_09_CHI_PIT","PIT",4,2018
9,"CHI","00-0033103","missing","on_depth_chart","Artie Burns","DB","2021_09_CHI_PIT","PIT",4,2019
9,"CIN","00-0033905","missing","on_depth_chart","Larry Ogunjobi","DT","2021_09_CLE_CIN","CLE",4,2020
9,"CLE","00-0033066","missing","on_depth_chart","Andrew Billings","DT","2021_09_CLE_CIN","CIN",3,2019
9,"DEN","00-0031067","missing","on_depth_chart","Cameron Fleming","T","2021_09_DEN_DAL","DAL",2,2019
9,"HOU","00-0026035","missing","on_depth_chart","Danny Amendola","WR","2021_09_HOU_MIA","MIA",1,2018
9,"HOU","00-0031740","missing","on_depth_chart","Neville Hewitt","LB","2021_09_HOU_MIA","MIA",3,2017
9,"HOU","00-0032380","missing","missing","Laremy Tunsil","OL","2021_09_HOU_MIA","MIA",3,2018
9,"HOU","00-0032437","missing","on_depth_chart","Kamu Grugier-Hill","LB","2021_09_HOU_MIA","MIA",1,2020
9,"HOU","00-0033469","missing","missing","Vincent Taylor","DT","2021_09_HOU_MIA","MIA",2,2018
9,"IND","00-0027914","missing","on_depth_chart","Andrew Sendejo","DB","2021_09_NYJ_IND","NYJ",1,2011
9,"JAX","00-0029799","missing","on_depth_chart","Lerentee McCray","DE","2021_09_BUF_JAX","BUF",1,2016
9,"LA","00-0035118","missing","on_depth_chart","Matt Orzech","LS","2021_09_TEN_LA","TEN",1,2020
9,"LAC","00-0026544","missing","on_depth_chart","Chase Daniel","QB","2021_09_LAC_PHI","PHI",1,2016
9,"LV","00-0030063","missing","on_depth_chart","Johnathan Hankins","DT","2021_09_LV_NYG","NYG",4,2016
9,"LV","00-0035003","missing","on_depth_chart","Jackson Barton","T","2021_09_LV_NYG","NYG",1,2020
9,"MIA","00-0031923","missing","on_depth_chart","Greg Mancz","OL","2021_09_HOU_MIA","HOU",5,2019
9,"MIA","00-0032734","missing","on_depth_chart","Brennan Scarlett","LB","2021_09_HOU_MIA","HOU",5,2020
9,"MIA","00-0033127","missing","missing","Will Fuller","WR","2021_09_HOU_MIA","HOU",5,2020
9,"MIN","00-0032574","missing","on_depth_chart","Michael Pierce","DT","2021_09_MIN_BAL","BAL",4,2019
9,"NO","00-0030562","missing","missing","Desmond Trufant","CB","2021_09_ATL_NO","ATL",7,2019
9,"NYG","00-0030520","missing","on_depth_chart","Mike Glennon","QB","2021_09_LV_NYG","LV",1,2019
9,"NYG","00-0032972","missing","on_depth_chart","Devontae Booker","RB","2021_09_LV_NYG","LV",1,2020
9,"NYJ","00-0033161","missing","on_depth_chart","Isaiah Williams","OL","2021_09_NYJ_IND","IND",1,2017
9,"PIT","00-0033631","missing","missing","Rashaad Coward","OL","2021_09_CHI_PIT","CHI",4,2020
9,"SF","00-0029560","missing","on_depth_chart","Dre Kirkpatrick","CB","2021_09_ARI_SF","ARI",1,2020
9,"SF","00-0031061","missing","on_depth_chart","Dontae Johnson","CB","2021_09_ARI_SF","ARI",1,2018
9,"SF","00-0031105","missing","on_depth_chart","Zach Kerr","DE","2021_09_ARI_SF","ARI",1,2019
9,"SF","00-0034487","missing","on_depth_chart","Trent Sherfield","WR","2021_09_ARI_SF","ARI",3,2020
9,"TEN","00-0027648","missing","on_depth_chart","Rodger Saffold","G","2021_09_TEN_LA","LA",9,2018
9,"TEN","00-0029681","missing","on_depth_chart","Janoris Jenkins","CB","2021_09_TEN_LA","LA",4,2015
9,"TEN","00-0033943","missing","on_depth_chart","Josh Reynolds","WR","2021_09_TEN_LA","LA",4,2020
10,"ARI","00-0022824","missing","on_depth_chart","Andy Lee","P","2021_10_CAR_ARI","CAR",1,2016
10,"ATL","00-0030968","missing","on_depth_chart","Keith Smith","FB","2021_10_ATL_DAL","DAL",4,2017
10,"CAR","00-0033862","missing","on_depth_chart","Zane Gonzalez","K","2021_10_CAR_ARI","ARI",3,2020
10,"CAR","00-0033875","missing","on_depth_chart","Haason Reddick","LB","2021_10_CAR_ARI","ARI",4,2020
10,"CLE","00-0035258","missing","on_depth_chart","Hjalte Froholdt","G","2021_10_CLE_NE","NE",1,2020
10,"DAL","00-0031357","missing","on_depth_chart","C.J. Goodwin","CB","2021_10_ATL_DAL","ATL",2,2017
10,"DAL","00-0032382","missing","on_depth_chart","Keanu Neal","LB","2021_10_ATL_DAL","ATL",5,2020
10,"DAL","00-0033512","missing","on_depth_chart","Damontae Kazee","DB","2021_10_ATL_DAL","ATL",4,2020
10,"DEN","00-0032195","missing","on_depth_chart","Ronald Darby","CB","2021_10_PHI_DEN","PHI",3,2019
10,"IND","00-0031734","missing","on_depth_chart","Chris Reed","G","2021_10_JAX_IND","JAX",3,2018
10,"IND","00-0033903","missing","on_depth_chart","Josh Jones","DB","2021_10_JAX_IND","JAX",1,2020
10,"JAX","00-0033046","missing","on_depth_chart","Jihad Ward","DE","2021_10_JAX_IND","IND",2,2019
10,"LAC","00-0027885","missing","on_depth_chart","Linval Joseph","DT","2021_10_MIN_LAC","MIN",6,2019
10,"LAC","00-0033752","missing","on_depth_chart","Storm Norton","T","2021_10_MIN_LAC","MIN",1,2018
10,"LV","00-0030148","missing","on_depth_chart","Damion Square","DT","2021_10_KC_LV","KC",1,2014
10,"LV","00-0035003","missing","on_depth_chart","Jackson Barton","T","2021_10_KC_LV","KC",1,2019
10,"MIA","00-0034285","missing","on_depth_chart","Zach Sieler","DT","2021_10_BAL_MIA","BAL",2,2019
10,"MIN","00-0032892","missing","on_depth_chart","Nick Vigil","LB","2021_10_MIN_LAC","LAC",1,2020
10,"NE","00-0026625","missing","on_depth_chart","Brian Hoyer","QB","2021_10_CLE_NE","CLE",2,2014
10,"NE","00-0030421","missing","on_depth_chart","Jamie Collins","LB","2021_10_CLE_NE","CLE",3,2018
10,"NE","00-0031938","missing","on_depth_chart","Carl Davis","DT","2021_10_CLE_NE","CLE",1,2018
10,"NO","00-0030850","missing","missing","Cody Parkey","K","2021_10_NO_TEN","TEN",1,2019
10,"NYJ","00-0032214","missing","on_depth_chart","Tyler Kroft","TE","2021_10_BUF_NYJ","BUF",2,2020
10,"NYJ","00-0033096","missing","on_depth_chart","Shaq Lawson","DE","2021_10_BUF_NYJ","BUF",4,2019
10,"NYJ","00-0035202","missing","on_depth_chart","Del'Shawn Phillips","LB","2021_10_BUF_NYJ","BUF",1,2020
10,"PHI","00-0026158","missing","on_depth_chart","Joe Flacco","QB","2021_10_PHI_DEN","DEN",1,2019
10,"PIT","00-0031387","missing","on_depth_chart","Eric Ebron","TE","2021_10_DET_PIT","DET",4,2017
10,"PIT","00-0032399","missing","on_depth_chart","Miles Killebrew","DB","2021_10_DET_PIT","DET",5,2020
10,"SF","00-0033945","missing","on_depth_chart","Samson Ebukam","DE","2021_10_LA_SF","LA",4,2020
10,"TB","00-0034515","missing","on_depth_chart","Dee Delaney","CB","2021_10_TB_WAS","WAS",1,2019
10,"TEN","00-0029681","missing","on_depth_chart","Janoris Jenkins","CB","2021_10_NO_TEN","NO",2,2020
10,"WAS","00-0023682","missing","missing","Ryan Fitzpatrick","QB","2021_10_TB_WAS","TB",2,2018
10,"WAS","00-0032009","missing","on_depth_chart","Adam Humphries","WR","2021_10_TB_WAS","TB",4,2018
11,"ARI","00-0033258","missing","on_depth_chart","Darrell Daniels","TE","2021_11_ARI_SEA","SEA",1,2018
11,"ATL","00-0030010","missing","on_depth_chart","Brandon Copeland","LB","2021_11_NE_ATL","NE",1,2020
11,"ATL","00-0030383","missing","on_depth_chart","Duron Harmon","DB","2021_11_NE_ATL","NE",7,2019
11,"ATL","00-0030578","missing","on_depth_chart","Cordarrelle Patterson","RB","2021_11_NE_ATL","NE",1,2018
11,"BAL","00-0028103","missing","on_depth_chart","Pernell McPhee","LB","2021_11_BAL_CHI","CHI",3,2017
11,"BUF","00-0027881","missing","on_depth_chart","Jerry Hughes","DE","2021_11_IND_BUF","IND",3,2012
11,"BUF","00-0028339","missing","on_depth_chart","Mario Addison","DE","2021_11_IND_BUF","IND",2,2012
11,"CHI","00-0028284","missing","on_depth_chart","Patrick Scales","LS","2021_11_BAL_CHI","BAL",1,2014
11,"CHI","00-0032054","missing","on_depth_chart","Breshad Perriman","WR","2021_11_BAL_CHI","BAL",3,2017
11,"CLE","00-0033973","missing","on_depth_chart","Elijah Lee","LB","2021_11_DET_CLE","DET",1,2020
11,"DET","00-0029738","missing","on_depth_chart","Darren Fells","TE","2021_11_DET_CLE","CLE",1,2018
11,"DET","00-0034495","missing","on_depth_chart","Evan Brown","C","2021_11_DET_CLE","CLE",1,2020
11,"DET","00-0034854","missing","on_depth_chart","Khadarel Hodge","WR","2021_11_DET_CLE","CLE",2,2020
11,"DET","00-0035145","missing","on_depth_chart","Austin Seibert","K","2021_11_DET_CLE","CLE",2,2020
11,"HOU","00-0033566","missing","on_depth_chart","Desmond King","DB","2021_11_HOU_TEN","TEN",1,2020
11,"JAX","00-0031045","missing","on_depth_chart","Carlos Hyde","RB","2021_11_SF_JAX","SF",4,2017
11,"JAX","00-0033936","missing","on_depth_chart","C.J. Beathard","QB","2021_11_SF_JAX","SF",4,2020
11,"KC","00-0031348","missing","on_depth_chart","Anthony Hitchens","LB","2021_11_DAL_KC","DAL",4,2017
11,"KC","00-0032062","missing","on_depth_chart","Blake Bell","TE","2021_11_DAL_KC","DAL",1,2020
11,"LAC","00-0031142","missing","on_depth_chart","Matt Feiler","G","2021_11_PIT_LAC","PIT",5,2020
11,"MIA","00-0034248","missing","on_depth_chart","Elijah Campbell","DB","2021_11_MIA_NYJ","NYJ",1,2020
11,"MIN","00-0031052","missing","on_depth_chart","Bashaud Breeland","CB","2021_11_GB_MIN","GB",1,2018
11,"MIN","00-0034274","missing","missing","Parry Nickerson","CB","2021_11_GB_MIN","GB",1,2020
11,"NE","00-0029530","missing","on_depth_chart","Justin Bethel","DB","2021_11_NE_ATL","ATL",1,2018
11,"NO","00-0026990","missing","on_depth_chart","Malcolm Jenkins","SS","2021_11_NO_PHI","PHI",6,2019
11,"NO","00-0030850","missing","missing","Cody Parkey","K","2021_11_NO_PHI","PHI",2,2015
11,"NO","00-0035455","missing","missing","Albert Huggins","DT","2021_11_NO_PHI","PHI",1,2019
11,"NYG","00-0030520","missing","on_depth_chart","Mike Glennon","QB","2021_11_NYG_TB","TB",4,2016
11,"NYJ","00-0033096","missing","on_depth_chart","Shaq Lawson","DE","2021_11_MIA_NYJ","MIA",1,2020
11,"NYJ","00-0033302","missing","on_depth_chart","Adrian Colbert","DB","2021_11_MIA_NYJ","MIA",1,2019
11,"PIT","00-0029249","missing","on_depth_chart","Melvin Ingram","LB","2021_11_PIT_LAC","LAC",9,2020
11,"PIT","00-0031362","missing","on_depth_chart","Trai Turner","G","2021_11_PIT_LAC","LAC",1,2020
11,"PIT","00-0032897","missing","on_depth_chart","Derek Watt","FB","2021_11_PIT_LAC","LAC",4,2019
11,"PIT","00-0034799","missing","on_depth_chart","Kalen Ballage","RB","2021_11_PIT_LAC","LAC",1,2020
11,"SEA","00-0030380","missing","on_depth_chart","Benson Mayowa","DE","2021_11_ARI_SEA","ARI",1,2018
11,"SEA","00-0032761","missing","on_depth_chart","Robert Nkemdiche","DT","2021_11_ARI_SEA","ARI",3,2018
11,"TB","00-0027867","missing","on_depth_chart","Jason Pierre-Paul","LB","2021_11_NYG_TB","NYG",8,2017
11,"TB","00-0031016","missing","on_depth_chart","Ross Cockrell","CB","2021_11_NYG_TB","NYG",1,2017
11,"TB","00-0032637","missing","on_depth_chart","Andrew Adams","DB","2021_11_NYG_TB","NYG",2,2017
11,"TEN","00-0029413","missing","on_depth_chart","Ben Jones","C","2021_11_HOU_TEN","HOU",4,2015
11,"TEN","00-0029421","missing","on_depth_chart","Randy Bullock","K","2021_11_HOU_TEN","HOU",3,2015
11,"TEN","00-0030097","missing","on_depth_chart","David Quessenberry","OL","2021_11_HOU_TEN","HOU",2,2017
11,"TEN","00-0030442","missing","on_depth_chart","John Simon","LB","2021_11_HOU_TEN","HOU",3,2016
11,"TEN","00-0031585","missing","on_depth_chart","MyCole Pruitt","TE","2021_11_HOU_TEN","HOU",1,2017
11,"TEN","00-0031921","missing","on_depth_chart","Kendall Lamm","OT","2021_11_HOU_TEN","HOU",4,2018
11,"WAS","00-0030869","missing","on_depth_chart","Tyler Larsen","C","2021_11_WAS_CAR","CAR",5,2020
11,"WAS","00-0031596","missing","on_depth_chart","David Mayo","LB","2021_11_WAS_CAR","CAR",4,2018
11,"WAS","00-0031800","missing","on_depth_chart","Taylor Heinicke","QB","2021_11_WAS_CAR","CAR",1,2018
11,"WAS","00-0032998","missing","missing","Jared Norris","LB","2021_11_WAS_CAR","CAR",3,2018
11,"WAS","00-0033282","missing","missing","Curtis Samuel","WR","2021_11_WAS_CAR","CAR",4,2020
11,"WAS","00-0033289","missing","on_depth_chart","Corn Elder","CB","2021_11_WAS_CAR","CAR",3,2020
11,"WAS","00-0034577","missing","on_depth_chart","Kyle Allen","QB","2021_11_WAS_CAR","CAR",2,2019
11,"WAS","00-0035444","missing","on_depth_chart","Jordan Kunaszyk","LB","2021_11_WAS_CAR","CAR",1,2019
12,"ATL","00-0023534","missing","on_depth_chart","Dustin Colquitt","P","2021_12_ATL_JAX","JAX",1,2020
12,"ATL","00-0032052","missing","missing","Dante Fowler","LB","2021_12_ATL_JAX","JAX",3,2018
12,"BAL","00-0029592","missing","on_depth_chart","Kevin Zeitler","OG","2021_12_CLE_BAL","CLE",2,2018
12,"BUF","00-0027685","missing","on_depth_chart","Emmanuel Sanders","WR","2021_12_BUF_NO","NO",1,2020
12,"BUF","00-0030463","missing","on_depth_chart","A.J. Klein","LB","2021_12_BUF_NO","NO",3,2019
12,"CHI","00-0031130","missing","on_depth_chart","Christian Jones","LB","2021_12_CHI_DET","DET",3,2020
12,"CHI","00-0032135","missing","on_depth_chart","Jesse James","TE","2021_12_CHI_DET","DET",2,2020
12,"CIN","00-0032521","missing","on_depth_chart","Mike Hilton","CB","2021_12_PIT_CIN","PIT",4,2020
12,"CIN","00-0034951","missing","on_depth_chart","Fred Johnson","T","2021_12_PIT_CIN","PIT",1,2019
12,"DAL","00-0031544","missing","on_depth_chart","Amari Cooper","WR","2021_12_LV_DAL","LV",4,2018
12,"DEN","00-0032144","missing","on_depth_chart","Melvin Gordon","RB","2021_12_LAC_DEN","LAC",5,2019
12,"DET","00-0030500","missing","on_depth_chart","Nicholas Williams","DE","2021_12_CHI_DET","CHI",2,2019
12,"DET","00-0034801","missing","on_depth_chart","Josh Woods","LB","2021_12_CHI_DET","CHI",2,2020
12,"HOU","00-0027691","missing","missing","Andre Roberts","WR","2021_12_NYJ_HOU","NYJ",1,2018
12,"HOU","00-0031338","missing","missing","Terrence Brooks","DB","2021_12_NYJ_HOU","NYJ",2,2018
12,"HOU","00-0031740","missing","on_depth_chart","Neville Hewitt","LB","2021_12_NYJ_HOU","NYJ",3,2020
12,"HOU","00-0032970","missing","on_depth_chart","Jordan Jenkins","DE","2021_12_NYJ_HOU","NYJ",5,2020
12,"IND","00-0036430","missing","on_depth_chart","Khalil Davis","DT","2021_12_TB_IND","TB",2,2021
12,"JAX","00-0032951","missing","on_depth_chart","Laquon Treadwell","WR","2021_12_ATL_JAX","ATL",1,2020
12,"LAC","00-0028224","missing","on_depth_chart","Chris Harris","CB","2021_12_LAC_DEN","DEN",9,2019
12,"LAC","00-0031353","missing","on_depth_chart","Michael Schofield","T","2021_12_LAC_DEN","DEN",3,2016
12,"LAC","00-0034111","missing","on_depth_chart","Trey Marshall","DB","2021_12_LAC_DEN","DEN",3,2020
12,"MIA","00-0031363","missing","on_depth_chart","Michael Palardy","P","2021_12_CAR_MIA","CAR",4,2019
12,"MIA","00-0035694","missing","on_depth_chart","Greg Little","T","2021_12_CAR_MIA","CAR",2,2020
12,"NE","00-0033858","missing","on_depth_chart","Jonnu Smith","TE","2021_12_TEN_NE","TEN",4,2020
12,"NO","00-0028237","missing","missing","Chris Hogan","WR","2021_12_BUF_NO","BUF",4,2015
12,"NYJ","00-0030108","missing","on_depth_chart","Ryan Griffin","TE","2021_12_NYJ_HOU","HOU",6,2018
12,"PIT","00-0031779","missing","on_depth_chart","B.J. Finney","OL","2021_12_PIT_CIN","CIN",1,2020
12,"SEA","00-0033592","missing","on_depth_chart","Kyle Fuller","OL","2021_12_SEA_WAS","WAS",1,2018
12,"SF","00-0029144","missing","on_depth_chart","Tom Compton","OL","2021_12_MIN_SF","MIN",1,2018
12,"TB","00-0031331","missing","on_depth_chart","Pierre Desir","CB","2021_12_TB_IND","IND",3,2019
12,"TEN","00-0030442","missing","on_depth_chart","John Simon","LB","2021_12_TEN_NE","NE",3,2020
12,"TEN","00-0032578","missing","missing","Woodrow Hamilton","DT","2021_12_TEN_NE","NE",1,2016
12,"WAS","00-0032602","missing","on_depth_chart","J.D. McKissic","RB","2021_12_SEA_WAS","SEA",3,2018
13,"ARI","00-0030155","missing","on_depth_chart","Demetrius Harris","TE","2021_13_ARI_CHI","CHI",1,2020
13,"ARI","00-0034404","missing","missing","Kylie Fitts","LB","2021_13_ARI_CHI","CHI",1,2018
13,"ATL","00-0030387","missing","on_depth_chart","Steven Means","LB","2021_13_TB_ATL","TB",2,2014
13,"BAL","00-0030496","missing","on_depth_chart","Le'Veon Bell","RB","2021_13_BAL_PIT","PIT",5,2017
13,"BAL","00-0030648","missing","on_depth_chart","Alejandro Villanueva","OT","2021_13_BAL_PIT","PIT",6,2020
13,"CHI","00-0031868","missing","on_depth_chart","Damiere Byrd","WR","2021_13_ARI_CHI","ARI",1,2019
13,"CHI","00-0032107","missing","on_depth_chart","Angelo Blackson","DE","2021_13_ARI_CHI","ARI",1,2020
13,"CHI","00-0032786","missing","on_depth_chart","Marqui Christian","DB","2021_13_ARI_CHI","ARI",1,2016
13,"HOU","00-0034278","missing","on_depth_chart","Tremon Smith","DB","2021_13_IND_HOU","IND",1,2020
13,"IND","00-0033560","missing","on_depth_chart","Julien Davenport","T","2021_13_IND_HOU","HOU",2,2018
13,"JAX","00-0030525","missing","on_depth_chart","Tavon Austin","WR","2021_13_JAX_LA","LA",5,2017
13,"LA","00-0033055","missing","on_depth_chart","Jalen Ramsey","CB","2021_13_JAX_LA","JAX",4,2019
13,"LA","00-0035118","missing","on_depth_chart","Matt Orzech","LS","2021_13_JAX_LA","JAX",1,2019
13,"LAC","00-0031619","missing","on_depth_chart","Christian Covington","DT","2021_13_LAC_CIN","CIN",1,2020
13,"LV","00-0029119","missing","missing","Derek Carrier","TE","2021_13_WAS_LV","WAS",2,2016
13,"LV","00-0032741","missing","on_depth_chart","Peyton Barber","RB","2021_13_WAS_LV","WAS",1,2020
13,"MIA","00-0030070","missing","on_depth_chart","John Jenkins","DT","2021_13_NYG_MIA","NYG",1,2018
13,"MIN","00-0027701","missing","on_depth_chart","Everson Griffen","DE","2021_13_MIN_DET","DET",1,2020
13,"MIN","00-0032104","missing","on_depth_chart","Ameer Abdullah","RB","2021_13_MIN_DET","DET",4,2018
13,"NO","00-0030196","missing","on_depth_chart","Jeff Heath","DB","2021_13_DAL_NO","DAL",7,2019
13,"NO","00-0031615","missing","on_depth_chart","Christian Ringo","DT","2021_13_DAL_NO","DAL",1,2018
13,"NYJ","00-0034457","missing","missing","Josh Adams","RB","2021_13_PHI_NYJ","PHI",1,2018
13,"PHI","00-0026158","missing","on_depth_chart","Joe Flacco","QB","2021_13_PHI_NYJ","NYJ",1,2020
13,"PIT","00-0033913","missing","on_depth_chart","Chris Wormley","DT","2021_13_BAL_PIT","BAL",3,2019
13,"SEA","00-0028292","missing","on_depth_chart","Nick Bellore","FB","2021_13_SF_SEA","SF",2,2016
13,"SEA","00-0030946","missing","on_depth_chart","Kerry Hyder","DE","2021_13_SF_SEA","SF",1,2020
13,"SEA","00-0034229","missing","on_depth_chart","Dakoda Shepley","C","2021_13_SF_SEA","SF",1,2020
13,"SEA","00-0034384","missing","on_depth_chart","D.J. Reed","CB","2021_13_SF_SEA","SF",2,2019
14,"ATL","00-0032063","missing","on_depth_chart","Mike Davis","RB","2021_14_ATL_CAR","CAR",2,2020
14,"ATL","00-0033059","missing","on_depth_chart","T.J. Green","DB","2021_14_ATL_CAR","CAR",1,2019
14,"BAL","00-0029592","missing","on_depth_chart","Kevin Zeitler","OG","2021_14_BAL_CLE","CLE",2,2018
14,"CHI","00-0027696","missing","missing","Jimmy Graham","TE","2021_14_CHI_GB","GB",2,2019
14,"DAL","00-0029709","missing","on_depth_chart","Ty Nsekhe","T","2021_14_DAL_WAS","WAS",4,2018
14,"DEN","00-0030092","missing","on_depth_chart","Sam Martin","P","2021_14_DET_DEN","DET",7,2019
14,"DEN","00-0032395","missing","on_depth_chart","Graham Glasgow","G","2021_14_DET_DEN","DET",4,2019
14,"DEN","00-0034639","missing","missing","Mike Ford","DB","2021_14_DET_DEN","DET",3,2020
14,"DET","00-0032464","missing","on_depth_chart","Kalif Raymond","WR","2021_14_DET_DEN","DEN",1,2016
14,"GB","00-0031584","missing","on_depth_chart","Adrian Amos","DB","2021_14_CHI_GB","CHI",4,2018
14,"HOU","00-0031282","missing","on_depth_chart","Justin Britt","OL","2021_14_SEA_HOU","SEA",6,2019
14,"HOU","00-0034163","missing","on_depth_chart","Jacob Martin","DE","2021_14_SEA_HOU","SEA",1,2018
14,"LAC","00-0027885","missing","on_depth_chart","Linval Joseph","DT","2021_14_NYG_LAC","NYG",4,2013
14,"LAC","00-0032955","missing","on_depth_chart","Kyler Fackrell","LB","2021_14_NYG_LAC","NYG",1,2020
14,"LV","00-0030148","missing","on_depth_chart","Damion Square","DT","2021_14_LV_KC","KC",1,2014
14,"LV","00-0035003","missing","on_depth_chart","Jackson Barton","T","2021_14_LV_KC","KC",1,2019
14,"MIN","00-0031502","missing","on_depth_chart","Jordan Berry","P","2021_14_PIT_MIN","PIT",6,2020
14,"NO","00-0028237","missing","missing","Chris Hogan","WR","2021_14_NO_NYJ","NYJ",1,2020
14,"NO","00-0029607","missing","on_depth_chart","Demario Davis","LB","2021_14_NO_NYJ","NYJ",5,2017
14,"NO","00-0032156","missing","on_depth_chart","Trevor Siemian","QB","2021_14_NO_NYJ","NYJ",1,2019
14,"NO","00-0032200","missing","on_depth_chart","Ty Montgomery","WR","2021_14_NO_NYJ","NYJ",1,2019
14,"NYJ","00-0027114","missing","on_depth_chart","Thomas Morstead","P","2021_14_NO_NYJ","NO",12,2020
14,"NYJ","00-0032759","missing","on_depth_chart","Sheldon Rankins","DT","2021_14_NO_NYJ","NO",5,2020
14,"NYJ","00-0033770","missing","on_depth_chart","Justin Hardee","CB","2021_14_NO_NYJ","NO",4,2020
14,"SEA","00-0026166","missing","on_depth_chart","Duane Brown","T","2021_14_SEA_HOU","HOU",10,2017
14,"SEA","00-0033592","missing","on_depth_chart","Kyle Fuller","OL","2021_14_SEA_HOU","HOU",1,2017
14,"SEA","00-0036304","missing","on_depth_chart","John Reid","CB","2021_14_SEA_HOU","HOU",1,2020
14,"SF","00-0029560","missing","on_depth_chart","Dre Kirkpatrick","CB","2021_14_SF_CIN","CIN",8,2019
14,"SF","00-0029632","missing","on_depth_chart","Mohamed Sanu","WR","2021_14_SF_CIN","CIN",4,2015
14,"TB","00-0031016","missing","on_depth_chart","Ross Cockrell","CB","2021_14_BUF_TB","BUF",1,2014
14,"TEN","00-0032141","missing","on_depth_chart","Geoff Swaim","TE","2021_14_JAX_TEN","JAX",1,2019
14,"TEN","00-0033430","missing","on_depth_chart","Greg Mabin","CB","2021_14_JAX_TEN","JAX",1,2020
14,"TEN","00-0033435","missing","on_depth_chart","Breon Borders","CB","2021_14_JAX_TEN","JAX",1,2019
15,"ARI","00-0023853","missing","on_depth_chart","Matt Prater","K","2021_15_ARI_DET","DET",7,2020
15,"ARI","00-0031241","missing","on_depth_chart","Devon Kennard","LB","2021_15_ARI_DET","DET",2,2019
15,"ARI","00-0032560","missing","missing","Charles Washington","DB","2021_15_ARI_DET","DET",2,2018
15,"ATL","00-0032063","missing","on_depth_chart","Mike Davis","RB","2021_15_ATL_SF","SF",2,2016
15,"ATL","00-0034343","missing","on_depth_chart","Josh Rosen","QB","2021_15_ATL_SF","SF",1,2020
15,"BUF","00-0028339","missing","on_depth_chart","Mario Addison","DE","2021_15_CAR_BUF","CAR",8,2019
15,"BUF","00-0030455","missing","on_depth_chart","Star Lotulelei","DT","2021_15_CAR_BUF","CAR",5,2017
15,"BUF","00-0030463","missing","on_depth_chart","A.J. Klein","LB","2021_15_CAR_BUF","CAR",4,2016
15,"BUF","00-0031500","missing","on_depth_chart","Efe Obada","DE","2021_15_CAR_BUF","CAR",3,2020
15,"BUF","00-0031567","missing","on_depth_chart","Daryl Williams","OL","2021_15_CAR_BUF","CAR",5,2019
15,"BUF","00-0032967","missing","on_depth_chart","Vernon Butler","DT","2021_15_CAR_BUF","CAR",4,2019
15,"BUF","00-0034430","missing","on_depth_chart","Andre Smith","LB","2021_15_CAR_BUF","CAR",2,2019
15,"CAR","00-0029061","missing","on_depth_chart","Julian Stanford","LB","2021_15_CAR_BUF","BUF",2,2019
15,"CAR","00-0032149","missing","on_depth_chart","John Miller","G","2021_15_CAR_BUF","BUF",4,2018
15,"CAR","00-0035306","missing","on_depth_chart","Darryl Johnson","DE","2021_15_CAR_BUF","BUF",2,2020
15,"CIN","00-0032434","missing","on_depth_chart","Brandon Allen","QB","2021_15_CIN_DEN","DEN",1,2019
15,"CLE","00-0028180","missing","on_depth_chart","Malcolm Smith","LB","2021_15_LV_CLE","LV",2,2016
15,"DEN","00-0031795","missing","on_depth_chart","DeShawn Williams","DT","2021_15_CIN_DEN","CIN",1,2016
15,"DET","00-0029738","missing","on_depth_chart","Darren Fells","TE","2021_15_ARI_DET","ARI",3,2016
15,"DET","00-0033788","missing","on_depth_chart","Will Holden","T","2021_15_ARI_DET","ARI",2,2018
15,"GB","00-0031576","missing","missing","Za'Darius Smith","LB","2021_15_GB_BAL","BAL",4,2018
15,"HOU","00-0032128","missing","on_depth_chart","Chris Conley","WR","2021_15_HOU_JAX","JAX",2,2020
15,"JAX","00-0031045","missing","on_depth_chart","Carlos Hyde","RB","2021_15_HOU_JAX","HOU",1,2019
15,"KC","00-0029164","missing","on_depth_chart","Mike Remmers","T","2021_15_KC_LAC","LAC",1,2013
15,"LAC","00-0026544","missing","on_depth_chart","Chase Daniel","QB","2021_15_KC_LAC","KC",3,2015
15,"LV","00-0033129","missing","on_depth_chart","Carl Nassib","DE","2021_15_LV_CLE","CLE",2,2017
15,"MIA","00-0034248","missing","on_depth_chart","Elijah Campbell","DB","2021_15_NYJ_MIA","NYJ",1,2020
15,"MIN","00-0029714","missing","on_depth_chart","Andrew DePaola","LS","2021_15_MIN_CHI","CHI",1,2017
15,"NE","00-0026625","missing","on_depth_chart","Brian Hoyer","QB","2021_15_NE_IND","IND",1,2019
15,"NE","00-0028171","missing","on_depth_chart","Lawrence Guy","DT","2021_15_NE_IND","IND",2,2013
15,"NE","00-0031938","missing","on_depth_chart","Carl Davis","DT","2021_15_NE_IND","IND",1,2019
15,"NE","00-0032269","missing","missing","Henry Anderson","DE","2021_15_NE_IND","IND",3,2017
15,"NO","00-0031503","missing","on_depth_chart","Jameis Winston","QB","2021_15_NO_TB","TB",5,2019
15,"NO","00-0032109","missing","missing","Kwon Alexander","LB","2021_15_NO_TB","TB",4,2018
15,"NYJ","00-0033096","missing","on_depth_chart","Shaq Lawson","DE","2021_15_NYJ_MIA","MIA",1,2020
15,"NYJ","00-0033302","missing","on_depth_chart","Adrian Colbert","DB","2021_15_NYJ_MIA","MIA",1,2019
15,"PHI","00-0027954","missing","on_depth_chart","Ryan Kerrigan","DE","2021_15_WAS_PHI","WAS",10,2020
15,"PIT","00-0034720","missing","on_depth_chart","Robert Spillane","LB","2021_15_TEN_PIT","TEN",1,2018
15,"SEA","00-0033895","missing","on_depth_chart","Gerald Everett","TE","2021_15_SEA_LA","LA",4,2020
15,"SF","00-0026997","missing","on_depth_chart","Alex Mack","C","2021_15_ATL_SF","ATL",5,2020
15,"SF","00-0029144","missing","on_depth_chart","Tom Compton","OL","2021_15_ATL_SF","ATL",1,2016
15,"SF","00-0029632","missing","on_depth_chart","Mohamed Sanu","WR","2021_15_ATL_SF","ATL",4,2019
15,"TEN","00-0029421","missing","on_depth_chart","Randy Bullock","K","2021_15_TEN_PIT","PIT",1,2016
15,"TEN","00-0031263","missing","on_depth_chart","Avery Williamson","LB","2021_15_TEN_PIT","PIT",1,2020
15,"TEN","00-0032146","missing","on_depth_chart","Bud Dupree","LB","2021_15_TEN_PIT","PIT",6,2020
15,"TEN","00-0034204","missing","on_depth_chart","Olasunkanmi Adeniyi","LB","2021_15_TEN_PIT","PIT",3,2020
15,"WAS","00-0031763","missing","on_depth_chart","DeAndre Carter","WR","2021_15_WAS_PHI","PHI",1,2018
15,"WAS","00-0036403","missing","on_depth_chart","Casey Toohill","DE","2021_15_WAS_PHI","PHI",1,2020
16,"ARI","00-0033258","missing","on_depth_chart","Darrell Daniels","TE","2021_16_IND_ARI","IND",1,2017
16,"ATL","00-0030010","missing","on_depth_chart","Brandon Copeland","LB","2021_16_DET_ATL","DET",2,2016
16,"ATL","00-0030383","missing","on_depth_chart","Duron Harmon","DB","2021_16_DET_ATL","DET",1,2020
16,"BAL","00-0028278","missing","on_depth_chart","Josh Bynes","LB","2021_16_BAL_CIN","CIN",1,2020
16,"BAL","00-0029592","missing","on_depth_chart","Kevin Zeitler","OG","2021_16_BAL_CIN","CIN",5,2016
16,"CAR","00-0029901","missing","on_depth_chart","Rashaan Melvin","CB","2021_16_TB_CAR","TB",2,2014
16,"CHI","00-0027696","missing","missing","Jimmy Graham","TE","2021_16_CHI_SEA","SEA",3,2017
16,"CHI","00-0032384","missing","missing","Germain Ifedi","OL","2021_16_CHI_SEA","SEA",4,2019
16,"CLE","00-0030076","missing","on_depth_chart","J.C. Tretter","C","2021_16_CLE_GB","GB",4,2016
16,"DAL","00-0029709","missing","on_depth_chart","Ty Nsekhe","T","2021_16_WAS_DAL","WAS",4,2018
16,"DEN","00-0031270","missing","on_depth_chart","Shelby Harris","DE","2021_16_DEN_LV","LV",2,2015
16,"DET","00-0033880","missing","on_depth_chart","Charles Harris","LB","2021_16_DET_ATL","ATL",1,2020
16,"HOU","00-0028118","missing","missing","Tyrod Taylor","QB","2021_16_LAC_HOU","LAC",2,2020
16,"HOU","00-0033566","missing","on_depth_chart","Desmond King","DB","2021_16_LAC_HOU","LAC",4,2020
16,"IND","00-0031589","missing","on_depth_chart","Brett Hundley","QB","2021_16_IND_ARI","ARI",2,2020
16,"LAC","00-0029546","missing","on_depth_chart","Senio Kelemete","OL","2021_16_LAC_HOU","HOU",3,2020
16,"LAC","00-0030083","missing","missing","Oday Aboushi","G","2021_16_LAC_HOU","HOU",2,2016
16,"LAC","00-0031619","missing","on_depth_chart","Christian Covington","DT","2021_16_LAC_HOU","HOU",4,2018
16,"LAC","00-0032725","missing","on_depth_chart","Stephen Anderson","TE","2021_16_LAC_HOU","HOU",2,2017
16,"MIA","00-0030070","missing","on_depth_chart","John Jenkins","DT","2021_16_MIA_NO","NO",4,2016
16,"MIA","00-0033505","missing","missing","Cameron Tom","C","2021_16_MIA_NO","NO",2,2018
16,"MIN","00-0032245","missing","on_depth_chart","Sean Mannion","QB","2021_16_LA_MIN","LA",4,2018
16,"NO","00-0030085","missing","on_depth_chart","Kenny Stills","WR","2021_16_MIA_NO","MIA",4,2018
16,"NO","00-0030850","missing","missing","Cody Parkey","K","2021_16_MIA_NO","MIA",1,2017
16,"NYJ","00-0032525","missing","missing","Jarrod Wilson","DB","2021_16_JAX_NYJ","JAX",5,2020
16,"NYJ","00-0033681","missing","on_depth_chart","Keelan Cole","WR","2021_16_JAX_NYJ","JAX",4,2020
16,"NYJ","00-0035680","missing","on_depth_chart","Quincy Williams","LB","2021_16_JAX_NYJ","JAX",2,2020
16,"TB","00-0031016","missing","on_depth_chart","Ross Cockrell","CB","2021_16_TB_CAR","CAR",1,2019
16,"TEN","00-0033430","missing","on_depth_chart","Greg Mabin","CB","2021_16_SF_TEN","SF",2,2018
16,"TEN","00-0033955","missing","on_depth_chart","Jeremy McNichols","RB","2021_16_SF_TEN","SF",1,2017
17,"ATL","00-0028097","missing","on_depth_chart","Lee Smith","TE","2021_17_ATL_BUF","BUF",6,2020
17,"BAL","00-0031325","missing","on_depth_chart","Sammy Watkins","WR","2021_17_LA_BAL","LA",1,2017
17,"BUF","00-0032518","missing","on_depth_chart","Justin Zimmer","DT","2021_17_ATL_BUF","ATL",1,2018
17,"CHI","00-0030527","missing","on_depth_chart","Alec Ogletree","LB","2021_17_NYG_CHI","NYG",2,2019
17,"CHI","00-0032265","missing","on_depth_chart","Mario Edwards","DE","2021_17_NYG_CHI","NYG",1,2018
17,"CLE","00-0029963","missing","missing","Christopher Hubbard","T","2021_17_CLE_PIT","PIT",4,2017
17,"DAL","00-0031357","missing","on_depth_chart","C.J. Goodwin","CB","2021_17_ARI_DAL","ARI",1,2017
17,"DEN","00-0032144","missing","on_depth_chart","Melvin Gordon","RB","2021_17_DEN_LAC","LAC",5,2019
17,"IND","00-0031269","missing","missing","T.J. Carrie","CB","2021_17_LV_IND","LV",4,2017
17,"JAX","00-0032261","missing","on_depth_chart","Malcom Brown","DT","2021_17_JAX_NE","NE",4,2018
17,"JAX","00-0033387","missing","on_depth_chart","Jacob Hollister","TE","2021_17_JAX_NE","NE",2,2018
17,"LA","00-0034203","missing","missing","Darious Williams","CB","2021_17_LA_BAL","BAL",1,2018
17,"LA","00-0034266","missing","on_depth_chart","Kenny Young","LB","2021_17_LA_BAL","BAL",2,2019
17,"LAC","00-0028224","missing","on_depth_chart","Chris Harris","CB","2021_17_DEN_LAC","DEN",9,2019
17,"LAC","00-0031353","missing","on_depth_chart","Michael Schofield","T","2021_17_DEN_LAC","DEN",3,2016
17,"LAC","00-0034111","missing","on_depth_chart","Trey Marshall","DB","2021_17_DEN_LAC","DEN",3,2020
17,"LV","00-0030063","missing","on_depth_chart","Johnathan Hankins","DT","2021_17_LV_IND","IND",1,2017
17,"LV","00-0031632","missing","missing","Denzelle Good","G","2021_17_LV_IND","IND",4,2018
17,"MIA","00-0027136","missing","on_depth_chart","Jason McCourty","DB","2021_17_MIA_TEN","TEN",8,2016
17,"MIN","00-0031052","missing","on_depth_chart","Bashaud Breeland","CB","2021_17_MIN_GB","GB",1,2018
17,"MIN","00-0034274","missing","missing","Parry Nickerson","CB","2021_17_MIN_GB","GB",1,2020
17,"NE","00-0029764","missing","on_depth_chart","Cody Davis","DB","2021_17_JAX_NE","JAX",2,2019
17,"NE","00-0031938","missing","on_depth_chart","Carl Davis","DT","2021_17_JAX_NE","JAX",1,2019
17,"NO","00-0028237","missing","missing","Chris Hogan","WR","2021_17_CAR_NO","CAR",1,2019
17,"NO","00-0033296","missing","on_depth_chart","Alex Armah","FB","2021_17_CAR_NO","CAR",4,2020
17,"NYG","00-0030520","missing","on_depth_chart","Mike Glennon","QB","2021_17_NYG_CHI","CHI",1,2017
17,"PHI","00-0027954","missing","on_depth_chart","Ryan Kerrigan","DE","2021_17_PHI_WAS","WAS",10,2020
17,"PIT","00-0027860","missing","on_depth_chart","Joe Haden","CB","2021_17_CLE_PIT","CLE",7,2016
17,"PIT","00-0033125","missing","on_depth_chart","Joe Schobert","LB","2021_17_CLE_PIT","CLE",4,2019
17,"SEA","00-0028292","missing","on_depth_chart","Nick Bellore","FB","2021_17_DET_SEA","DET",2,2018
17,"SEA","00-0030946","missing","on_depth_chart","Kerry Hyder","DE","2021_17_DET_SEA","DET",2,2018
17,"SEA","00-0031608","missing","on_depth_chart","Quandre Diggs","DB","2021_17_DET_SEA","DET",5,2019
17,"SF","00-0035192","missing","on_depth_chart","Joey Slye","K","2021_17_HOU_SF","HOU",1,2021
17,"TB","00-0026564","missing","on_depth_chart","Steve McLendon","DT","2021_17_TB_NYJ","NYJ",5,2020
17,"TB","00-0031331","missing","on_depth_chart","Pierre Desir","CB","2021_17_TB_NYJ","NYJ",1,2020
17,"TEN","00-0029701","missing","on_depth_chart","Ryan Tannehill","QB","2021_17_MIA_TEN","MIA",6,2018
17,"WAS","00-0031763","missing","on_depth_chart","DeAndre Carter","WR","2021_17_PHI_WAS","PHI",1,2018
17,"WAS","00-0036403","missing","on_depth_chart","Casey Toohill","DE","2021_17_PHI_WAS","PHI",1,2020
18,"ARI","00-0033258","missing","on_depth_chart","Darrell Daniels","TE","2021_18_SEA_ARI","SEA",1,2018
18,"ATL","00-0031947","missing","on_depth_chart","Tyeler Davison","DT","2021_18_NO_ATL","NO",4,2018
18,"ATL","00-0032320","missing","on_depth_chart","Erik Harris","DB","2021_18_NO_ATL","NO",1,2016
18,"ATL","00-0033059","missing","on_depth_chart","T.J. Green","DB","2021_18_NO_ATL","NO",1,2019
18,"BAL","00-0030496","missing","on_depth_chart","Le'Veon Bell","RB","2021_18_PIT_BAL","PIT",5,2017
18,"BAL","00-0030648","missing","on_depth_chart","Alejandro Villanueva","OT","2021_18_PIT_BAL","PIT",6,2020
18,"CAR","00-0029901","missing","on_depth_chart","Rashaan Melvin","CB","2021_18_CAR_TB","TB",2,2014
18,"CIN","00-0033905","missing","on_depth_chart","Larry Ogunjobi","DT","2021_18_CIN_CLE","CLE",4,2020
18,"CLE","00-0033066","missing","on_depth_chart","Andrew Billings","DT","2021_18_CIN_CLE","CIN",3,2019
18,"DAL","00-0033725","missing","on_depth_chart","Corey Clement","RB","2021_18_DAL_PHI","PHI",4,2020
18,"DET","00-0032626","missing","on_depth_chart","Geronimo Allison","WR","2021_18_GB_DET","GB",4,2019
18,"DET","00-0033948","missing","missing","Jamaal Williams","RB","2021_18_GB_DET","GB",4,2020
18,"HOU","00-0033566","missing","on_depth_chart","Desmond King","DB","2021_18_TEN_HOU","TEN",1,2020
18,"IND","00-0031734","missing","on_depth_chart","Chris Reed","G","2021_18_IND_JAX","JAX",3,2018
18,"IND","00-0033903","missing","on_depth_chart","Josh Jones","DB","2021_18_IND_JAX","JAX",1,2020
18,"JAX","00-0033046","missing","on_depth_chart","Jihad Ward","DE","2021_18_IND_JAX","IND",2,2019
18,"LAC","00-0027061","missing","on_depth_chart","Jared Cook","TE","2021_18_LAC_LV","LV",2,2018
18,"LV","00-0029261","missing","on_depth_chart","Casey Hayward","CB","2021_18_LAC_LV","LAC",5,2020
18,"LV","00-0030148","missing","on_depth_chart","Damion Square","DT","2021_18_LAC_LV","LAC",7,2020
18,"LV","00-0032103","missing","on_depth_chart","Denzel Perryman","LB","2021_18_LAC_LV","LAC",6,2020
18,"LV","00-0032116","missing","on_depth_chart","Darius Philon","DT","2021_18_LAC_LV","LAC",4,2018
18,"LV","00-0034545","missing","on_depth_chart","Brandon Facyson","CB","2021_18_LAC_LV","LAC",3,2020
18,"LV","00-0035437","missing","missing","Roderic Teamer","DB","2021_18_LAC_LV","LAC",1,2019
18,"MIA","00-0027136","missing","on_depth_chart","Jason McCourty","DB","2021_18_NE_MIA","NE",3,2020
18,"MIA","00-0031555","missing","on_depth_chart","Eric Rowe","DB","2021_18_NE_MIA","NE",3,2018
18,"MIA","00-0031796","missing","on_depth_chart","Justin Coleman","CB","2021_18_NE_MIA","NE",2,2016
18,"MIA","00-0032442","missing","on_depth_chart","Elandon Roberts","LB","2021_18_NE_MIA","NE",4,2019
18,"MIA","00-0033119","missing","on_depth_chart","Jacoby Brissett","QB","2021_18_NE_MIA","NE",1,2016
18,"MIA","00-0033381","missing","on_depth_chart","Adam Butler","DT","2021_18_NE_MIA","NE",4,2020
18,"MIA","00-0033471","missing","missing","Isaiah Ford","WR","2021_18_NE_MIA","NE",1,2020
18,"MIN","00-0029714","missing","on_depth_chart","Andrew DePaola","LS","2021_18_CHI_MIN","CHI",1,2017
18,"NE","00-0029239","missing","on_depth_chart","Brandon Bolden","RB","2021_18_NE_MIA","MIA",1,2018
18,"NE","00-0031360","missing","on_depth_chart","Kyle Van Noy","LB","2021_18_NE_MIA","MIA",1,2020
18,"NE","00-0032445","missing","on_depth_chart","Ted Karras","OL","2021_18_NE_MIA","MIA",1,2020
18,"NE","00-0033860","missing","missing","Davon Godchaux","DT","2021_18_NE_MIA","MIA",4,2020
18,"NO","00-0030562","missing","missing","Desmond Trufant","CB","2021_18_NO_ATL","ATL",7,2019
18,"NYG","00-0026858","missing","on_depth_chart","Graham Gano","K","2021_18_WAS_NYG","WAS",3,2011
18,"NYG","00-0035263","missing","on_depth_chart","Wes Martin","G","2021_18_WAS_NYG","WAS",2,2020
18,"NYJ","00-0032214","missing","on_depth_chart","Tyler Kroft","TE","2021_18_NYJ_BUF","BUF",2,2020
18,"NYJ","00-0033096","missing","on_depth_chart","Shaq Lawson","DE","2021_18_NYJ_BUF","BUF",4,2019
18,"NYJ","00-0035202","missing","on_depth_chart","Del'Shawn Phillips","LB","2021_18_NYJ_BUF","BUF",1,2020
18,"PIT","00-0033913","missing","on_depth_chart","Chris Wormley","DT","2021_18_PIT_BAL","BAL",3,2019
18,"SEA","00-0030380","missing","on_depth_chart","Benson Mayowa","DE","2021_18_SEA_ARI","ARI",1,2018
18,"SEA","00-0032761","missing","on_depth_chart","Robert Nkemdiche","DT","2021_18_SEA_ARI","ARI",3,2018
18,"SF","00-0033945","missing","on_depth_chart","Samson Ebukam","DE","2021_18_SF_LA","LA",4,2020
18,"TB","00-0031016","missing","on_depth_chart","Ross Cockrell","CB","2021_18_CAR_TB","CAR",1,2019
18,"TEN","00-0029413","missing","on_depth_chart","Ben Jones","C","2021_18_TEN_HOU","HOU",4,2015
18,"TEN","00-0029421","missing","on_depth_chart","Randy Bullock","K","2021_18_TEN_HOU","HOU",3,2015
18,"TEN","00-0030097","missing","on_depth_chart","David Quessenberry","OL","2021_18_TEN_HOU","HOU",2,2017
18,"TEN","00-0030442","missing","on_depth_chart","John Simon","LB","2021_18_TEN_HOU","HOU",3,2016
18,"TEN","00-0031585","missing","on_depth_chart","MyCole Pruitt","TE","2021_18_TEN_HOU","HOU",1,2017
18,"TEN","00-0031921","missing","on_depth_chart","Kendall Lamm","OT","2021_18_TEN_HOU","HOU",4,2018
18,"WAS","00-0031596","missing","on_depth_chart","David Mayo","LB","2021_18_WAS_NYG","NYG",2,2020
18,"WAS","00-0032259","missing","on_depth_chart","Ereck Flowers","T","2021_18_WAS_NYG","NYG",4,2018
18,"WAS","00-0032262","missing","on_depth_chart","Landon Collins","DB","2021_18_WAS_NYG","NYG",4,2018
