"rank","team","outlet","week","prior_rank","rank_chng"
1,"TB","BR",1,NA,NA
2,"KC","BR",1,NA,NA
3,"GB","BR",1,NA,NA
4,"CLE","BR",1,NA,NA
5,"BUF","BR",1,NA,NA
6,"LA","BR",1,NA,NA
7,"BAL","BR",1,NA,NA
8,"SEA","BR",1,NA,NA
9,"TEN","BR",1,NA,NA
10,"SF","BR",1,NA,NA
11,"NE","BR",1,NA,NA
12,"WAS","BR",1,NA,NA
13,"ARI","BR",1,NA,NA
14,"MIA","BR",1,NA,NA
15,"LAC","BR",1,NA,NA
16,"PIT","BR",1,NA,NA
17,"DAL","BR",1,NA,NA
18,"NO","BR",1,NA,NA
19,"IND","BR",1,NA,NA
20,"CHI","BR",1,NA,NA
21,"DEN","BR",1,NA,NA
22,"MIN","BR",1,NA,NA
23,"LV","BR",1,NA,NA
24,"NYG","BR",1,NA,NA
25,"CIN","BR",1,NA,NA
26,"CAR","BR",1,NA,NA
27,"PHI","BR",1,NA,NA
28,"ATL","BR",1,NA,NA
29,"NYJ","BR",1,NA,NA
30,"JAX","BR",1,NA,NA
31,"DET","BR",1,NA,NA
32,"HOU","BR",1,NA,NA
1,"TB","CBS",1,NA,NA
2,"BUF","CBS",1,NA,NA
3,"KC","CBS",1,NA,NA
4,"GB","CBS",1,NA,NA
5,"CLE","CBS",1,NA,NA
6,"SF","CBS",1,NA,NA
7,"BAL","CBS",1,NA,NA
8,"LA","CBS",1,NA,NA
9,"ARI","CBS",1,NA,NA
10,"TEN","CBS",1,NA,NA
11,"NE","CBS",1,NA,NA
12,"IND","CBS",1,NA,NA
13,"WAS","CBS",1,NA,NA
14,"DAL","CBS",1,NA,NA
15,"MIA","CBS",1,NA,NA
16,"MIN","CBS",1,NA,NA
17,"DEN","CBS",1,NA,NA
18,"SEA","CBS",1,NA,NA
19,"NO","CBS",1,NA,NA
20,"LAC","CBS",1,NA,NA
21,"PIT","CBS",1,NA,NA
22,"ATL","CBS",1,NA,NA
23,"CHI","CBS",1,NA,NA
24,"NYG","CBS",1,NA,NA
25,"LV","CBS",1,NA,NA
26,"PHI","CBS",1,NA,NA
27,"JAX","CBS",1,NA,NA
28,"CAR","CBS",1,NA,NA
29,"CIN","CBS",1,NA,NA
30,"DET","CBS",1,NA,NA
31,"NYJ","CBS",1,NA,NA
32,"HOU","CBS",1,NA,NA
1,"KC","ESPN",1,NA,NA
2,"TB","ESPN",1,NA,NA
3,"BUF","ESPN",1,NA,NA
4,"GB","ESPN",1,NA,NA
5,"LA","ESPN",1,NA,NA
6,"BAL","ESPN",1,NA,NA
7,"CLE","ESPN",1,NA,NA
8,"SEA","ESPN",1,NA,NA
9,"TEN","ESPN",1,NA,NA
10,"SF","ESPN",1,NA,NA
11,"PIT","ESPN",1,NA,NA
12,"DAL","ESPN",1,NA,NA
13,"ARI","ESPN",1,NA,NA
14,"IND","ESPN",1,NA,NA
15,"LAC","ESPN",1,NA,NA
16,"MIA","ESPN",1,NA,NA
17,"NE","ESPN",1,NA,NA
18,"MIN","ESPN",1,NA,NA
19,"NO","ESPN",1,NA,NA
20,"WAS","ESPN",1,NA,NA
21,"LV","ESPN",1,NA,NA
22,"CHI","ESPN",1,NA,NA
23,"ATL","ESPN",1,NA,NA
24,"NYG","ESPN",1,NA,NA
25,"CAR","ESPN",1,NA,NA
26,"DEN","ESPN",1,NA,NA
27,"PHI","ESPN",1,NA,NA
28,"CIN","ESPN",1,NA,NA
29,"JAX","ESPN",1,NA,NA
30,"NYJ","ESPN",1,NA,NA
31,"DET","ESPN",1,NA,NA
32,"HOU","ESPN",1,NA,NA
1,"TB","NFL",1,NA,NA
2,"KC","NFL",1,NA,NA
3,"BUF","NFL",1,NA,NA
4,"GB","NFL",1,NA,NA
5,"BAL","NFL",1,NA,NA
6,"LA","NFL",1,NA,NA
7,"SEA","NFL",1,NA,NA
8,"CLE","NFL",1,NA,NA
9,"SF","NFL",1,NA,NA
10,"PIT","NFL",1,NA,NA
11,"TEN","NFL",1,NA,NA
12,"LAC","NFL",1,NA,NA
13,"NE","NFL",1,NA,NA
14,"MIA","NFL",1,NA,NA
15,"NO","NFL",1,NA,NA
16,"IND","NFL",1,NA,NA
17,"MIN","NFL",1,NA,NA
18,"ARI","NFL",1,NA,NA
19,"DAL","NFL",1,NA,NA
20,"WAS","NFL",1,NA,NA
21,"CHI","NFL",1,NA,NA
22,"DEN","NFL",1,NA,NA
23,"LV","NFL",1,NA,NA
24,"NYG","NFL",1,NA,NA
25,"PHI","NFL",1,NA,NA
26,"ATL","NFL",1,NA,NA
27,"CAR","NFL",1,NA,NA
28,"NYJ","NFL",1,NA,NA
29,"JAX","NFL",1,NA,NA
30,"CIN","NFL",1,NA,NA
31,"DET","NFL",1,NA,NA
32,"HOU","NFL",1,NA,NA
1,"TB","PFT",1,NA,NA
2,"KC","PFT",1,NA,NA
3,"BUF","PFT",1,NA,NA
4,"GB","PFT",1,NA,NA
5,"LA","PFT",1,NA,NA
6,"CLE","PFT",1,NA,NA
7,"BAL","PFT",1,NA,NA
8,"LAC","PFT",1,NA,NA
9,"NO","PFT",1,NA,NA
10,"NE","PFT",1,NA,NA
11,"SF","PFT",1,NA,NA
12,"SEA","PFT",1,NA,NA
13,"TEN","PFT",1,NA,NA
14,"PIT","PFT",1,NA,NA
15,"WAS","PFT",1,NA,NA
16,"MIA","PFT",1,NA,NA
17,"DAL","PFT",1,NA,NA
18,"MIN","PFT",1,NA,NA
19,"IND","PFT",1,NA,NA
20,"CHI","PFT",1,NA,NA
21,"LV","PFT",1,NA,NA
22,"NYG","PFT",1,NA,NA
23,"DEN","PFT",1,NA,NA
24,"CAR","PFT",1,NA,NA
25,"ARI","PFT",1,NA,NA
26,"ATL","PFT",1,NA,NA
27,"JAX","PFT",1,NA,NA
28,"PHI","PFT",1,NA,NA
29,"CIN","PFT",1,NA,NA
30,"NYJ","PFT",1,NA,NA
31,"DET","PFT",1,NA,NA
32,"HOU","PFT",1,NA,NA
1,"TB","USA",1,NA,NA
2,"KC","USA",1,NA,NA
3,"CLE","USA",1,NA,NA
4,"GB","USA",1,NA,NA
5,"BUF","USA",1,NA,NA
6,"LA","USA",1,NA,NA
7,"TEN","USA",1,NA,NA
8,"BAL","USA",1,NA,NA
9,"SF","USA",1,NA,NA
10,"SEA","USA",1,NA,NA
11,"MIA","USA",1,NA,NA
12,"LAC","USA",1,NA,NA
13,"NE","USA",1,NA,NA
14,"DAL","USA",1,NA,NA
15,"MIN","USA",1,NA,NA
16,"NO","USA",1,NA,NA
17,"PIT","USA",1,NA,NA
18,"DEN","USA",1,NA,NA
19,"WAS","USA",1,NA,NA
20,"IND","USA",1,NA,NA
21,"ARI","USA",1,NA,NA
22,"NYG","USA",1,NA,NA
23,"CAR","USA",1,NA,NA
24,"LV","USA",1,NA,NA
25,"CHI","USA",1,NA,NA
26,"ATL","USA",1,NA,NA
27,"NYJ","USA",1,NA,NA
28,"CIN","USA",1,NA,NA
29,"JAX","USA",1,NA,NA
30,"PHI","USA",1,NA,NA
31,"DET","USA",1,NA,NA
32,"HOU","USA",1,NA,NA
1,"TB","WaPo",1,NA,NA
2,"KC","WaPo",1,NA,NA
3,"BUF","WaPo",1,NA,NA
4,"GB","WaPo",1,NA,NA
5,"LA","WaPo",1,NA,NA
6,"TEN","WaPo",1,NA,NA
7,"CLE","WaPo",1,NA,NA
8,"NE","WaPo",1,NA,NA
9,"BAL","WaPo",1,NA,NA
10,"MIA","WaPo",1,NA,NA
11,"NO","WaPo",1,NA,NA
12,"SF","WaPo",1,NA,NA
13,"SEA","WaPo",1,NA,NA
14,"WAS","WaPo",1,NA,NA
15,"PIT","WaPo",1,NA,NA
16,"DAL","WaPo",1,NA,NA
17,"LAC","WaPo",1,NA,NA
18,"IND","WaPo",1,NA,NA
19,"NYG","WaPo",1,NA,NA
20,"CHI","WaPo",1,NA,NA
21,"MIN","WaPo",1,NA,NA
22,"ARI","WaPo",1,NA,NA
23,"CAR","WaPo",1,NA,NA
24,"LV","WaPo",1,NA,NA
25,"PHI","WaPo",1,NA,NA
26,"ATL","WaPo",1,NA,NA
27,"CIN","WaPo",1,NA,NA
28,"NYJ","WaPo",1,NA,NA
29,"DEN","WaPo",1,NA,NA
30,"JAX","WaPo",1,NA,NA
31,"DET","WaPo",1,NA,NA
32,"HOU","WaPo",1,NA,NA
1,"KC","Yahoo",1,NA,NA
2,"TB","Yahoo",1,NA,NA
3,"BUF","Yahoo",1,NA,NA
4,"GB","Yahoo",1,NA,NA
5,"SF","Yahoo",1,NA,NA
6,"BAL","Yahoo",1,NA,NA
7,"LA","Yahoo",1,NA,NA
8,"SEA","Yahoo",1,NA,NA
9,"TEN","Yahoo",1,NA,NA
10,"CLE","Yahoo",1,NA,NA
11,"MIA","Yahoo",1,NA,NA
12,"NE","Yahoo",1,NA,NA
13,"IND","Yahoo",1,NA,NA
14,"LAC","Yahoo",1,NA,NA
15,"PIT","Yahoo",1,NA,NA
16,"WAS","Yahoo",1,NA,NA
17,"MIN","Yahoo",1,NA,NA
18,"DAL","Yahoo",1,NA,NA
19,"ARI","Yahoo",1,NA,NA
20,"NO","Yahoo",1,NA,NA
21,"DEN","Yahoo",1,NA,NA
22,"LV","Yahoo",1,NA,NA
23,"CHI","Yahoo",1,NA,NA
24,"NYG","Yahoo",1,NA,NA
25,"CAR","Yahoo",1,NA,NA
26,"ATL","Yahoo",1,NA,NA
27,"CIN","Yahoo",1,NA,NA
28,"PHI","Yahoo",1,NA,NA
29,"NYJ","Yahoo",1,NA,NA
30,"JAX","Yahoo",1,NA,NA
31,"DET","Yahoo",1,NA,NA
32,"HOU","Yahoo",1,NA,NA
1,"TB","BR",2,1,0
2,"KC","BR",2,2,0
3,"SEA","BR",2,8,5
4,"CLE","BR",2,4,0
5,"BUF","BR",2,5,0
6,"LA","BR",2,6,0
7,"ARI","BR",2,13,6
8,"PIT","BR",2,16,8
9,"BAL","BR",2,7,-2
10,"NO","BR",2,18,8
11,"LAC","BR",2,15,4
12,"MIA","BR",2,14,2
13,"GB","BR",2,3,-10
14,"SF","BR",2,10,-4
15,"NE","BR",2,11,-4
16,"DAL","BR",2,17,1
17,"TEN","BR",2,9,-8
18,"DEN","BR",2,21,3
19,"IND","BR",2,19,0
20,"WAS","BR",2,12,-8
21,"CIN","BR",2,25,4
22,"PHI","BR",2,27,5
23,"LV","BR",2,23,0
24,"CHI","BR",2,20,-4
25,"MIN","BR",2,22,-3
26,"CAR","BR",2,26,0
27,"HOU","BR",2,32,5
28,"NYG","BR",2,24,-4
29,"NYJ","BR",2,29,0
30,"DET","BR",2,31,1
31,"ATL","BR",2,28,-3
32,"JAX","BR",2,30,-2
1,"TB","CBS",2,1,0
2,"KC","CBS",2,3,1
3,"SF","CBS",2,6,3
4,"LA","CBS",2,8,4
5,"ARI","CBS",2,9,4
6,"NO","CBS",2,19,13
7,"PIT","CBS",2,21,14
8,"SEA","CBS",2,18,10
9,"BUF","CBS",2,2,-7
10,"GB","CBS",2,4,-6
11,"BAL","CBS",2,7,-4
12,"CLE","CBS",2,5,-7
13,"DEN","CBS",2,17,4
14,"MIA","CBS",2,15,1
15,"LAC","CBS",2,20,5
16,"LV","CBS",2,25,9
17,"WAS","CBS",2,13,-4
18,"DAL","CBS",2,14,-4
19,"TEN","CBS",2,10,-9
20,"NE","CBS",2,11,-9
21,"IND","CBS",2,12,-9
22,"PHI","CBS",2,26,4
23,"CAR","CBS",2,28,5
24,"CHI","CBS",2,23,-1
25,"CIN","CBS",2,29,4
26,"MIN","CBS",2,16,-10
27,"NYG","CBS",2,24,-3
28,"HOU","CBS",2,32,4
29,"ATL","CBS",2,22,-7
30,"DET","CBS",2,30,0
31,"NYJ","CBS",2,31,0
32,"JAX","CBS",2,27,-5
1,"KC","ESPN",2,1,0
2,"TB","ESPN",2,2,0
3,"SEA","ESPN",2,8,5
4,"LA","ESPN",2,5,1
5,"BUF","ESPN",2,3,-2
6,"CLE","ESPN",2,7,1
7,"SF","ESPN",2,10,3
8,"PIT","ESPN",2,11,3
9,"NO","ESPN",2,19,10
10,"BAL","ESPN",2,6,-4
11,"GB","ESPN",2,4,-7
12,"ARI","ESPN",2,13,1
13,"DAL","ESPN",2,12,-1
14,"LAC","ESPN",2,15,1
15,"MIA","ESPN",2,16,1
16,"IND","ESPN",2,14,-2
17,"NE","ESPN",2,17,0
18,"TEN","ESPN",2,9,-9
19,"LV","ESPN",2,21,2
20,"DEN","ESPN",2,26,6
21,"PHI","ESPN",2,27,6
22,"WAS","ESPN",2,20,-2
23,"CAR","ESPN",2,25,2
24,"CIN","ESPN",2,28,4
25,"MIN","ESPN",2,18,-7
26,"CHI","ESPN",2,22,-4
27,"ATL","ESPN",2,23,-4
28,"NYG","ESPN",2,24,-4
29,"HOU","ESPN",2,32,3
30,"DET","ESPN",2,31,1
31,"NYJ","ESPN",2,30,-1
32,"JAX","ESPN",2,29,-3
1,"TB","NFL",2,1,0
2,"KC","NFL",2,2,0
3,"LA","NFL",2,6,3
4,"SEA","NFL",2,7,3
5,"PIT","NFL",2,10,5
6,"BUF","NFL",2,3,-3
7,"BAL","NFL",2,5,-2
8,"CLE","NFL",2,8,0
9,"SF","NFL",2,9,0
10,"NO","NFL",2,15,5
11,"LAC","NFL",2,12,1
12,"GB","NFL",2,4,-8
13,"MIA","NFL",2,14,1
14,"ARI","NFL",2,18,4
15,"NE","NFL",2,13,-2
16,"DEN","NFL",2,22,6
17,"PHI","NFL",2,25,8
18,"LV","NFL",2,23,5
19,"DAL","NFL",2,19,0
20,"TEN","NFL",2,11,-9
21,"IND","NFL",2,16,-5
22,"WAS","NFL",2,20,-2
23,"CIN","NFL",2,30,7
24,"MIN","NFL",2,17,-7
25,"CAR","NFL",2,27,2
26,"CHI","NFL",2,21,-5
27,"NYG","NFL",2,24,-3
28,"ATL","NFL",2,26,-2
29,"HOU","NFL",2,32,3
30,"NYJ","NFL",2,28,-2
31,"DET","NFL",2,31,0
32,"JAX","NFL",2,29,-3
1,"TB","PFT",2,1,0
2,"KC","PFT",2,2,0
3,"LA","PFT",2,5,2
4,"NO","PFT",2,9,5
5,"PIT","PFT",2,14,9
6,"BUF","PFT",2,3,-3
7,"CLE","PFT",2,6,-1
8,"LAC","PFT",2,8,0
9,"SF","PFT",2,11,2
10,"SEA","PFT",2,12,2
11,"BAL","PFT",2,7,-4
12,"MIA","PFT",2,16,4
13,"NE","PFT",2,10,-3
14,"ARI","PFT",2,25,11
15,"GB","PFT",2,4,-11
16,"DAL","PFT",2,17,1
17,"LV","PFT",2,21,4
18,"DEN","PFT",2,23,5
19,"TEN","PFT",2,13,-6
20,"CAR","PFT",2,24,4
21,"CIN","PFT",2,29,8
22,"WAS","PFT",2,15,-7
23,"MIN","PFT",2,18,-5
24,"IND","PFT",2,19,-5
25,"PHI","PFT",2,28,3
26,"CHI","PFT",2,20,-6
27,"NYG","PFT",2,22,-5
28,"HOU","PFT",2,32,4
29,"ATL","PFT",2,26,-3
30,"NYJ","PFT",2,30,0
31,"DET","PFT",2,31,0
32,"JAX","PFT",2,27,-5
1,"TB","USA",2,1,0
2,"KC","USA",2,2,0
3,"LA","USA",2,6,3
4,"CLE","USA",2,3,-1
5,"NO","USA",2,16,11
6,"SEA","USA",2,10,4
7,"ARI","USA",2,21,14
8,"PIT","USA",2,17,9
9,"DAL","USA",2,14,5
10,"BUF","USA",2,5,-5
11,"SF","USA",2,9,-2
12,"MIA","USA",2,11,-1
13,"LAC","USA",2,12,-1
14,"GB","USA",2,4,-10
15,"DEN","USA",2,18,3
16,"LV","USA",2,24,8
17,"NE","USA",2,13,-4
18,"BAL","USA",2,8,-10
19,"TEN","USA",2,7,-12
20,"CIN","USA",2,28,8
21,"WAS","USA",2,19,-2
22,"PHI","USA",2,30,8
23,"CAR","USA",2,23,0
24,"MIN","USA",2,15,-9
25,"IND","USA",2,20,-5
26,"CHI","USA",2,25,-1
27,"HOU","USA",2,32,5
28,"NYJ","USA",2,27,-1
29,"DET","USA",2,31,2
30,"NYG","USA",2,22,-8
31,"ATL","USA",2,26,-5
32,"JAX","USA",2,29,-3
1,"TB","WaPo",2,1,0
2,"KC","WaPo",2,2,0
3,"LA","WaPo",2,5,2
4,"NO","WaPo",2,11,7
5,"PIT","WaPo",2,15,10
6,"CLE","WaPo",2,7,1
7,"BUF","WaPo",2,3,-4
8,"MIA","WaPo",2,10,2
9,"SF","WaPo",2,12,3
10,"SEA","WaPo",2,13,3
11,"GB","WaPo",2,4,-7
12,"ARI","WaPo",2,22,10
13,"NE","WaPo",2,8,-5
14,"DAL","WaPo",2,16,2
15,"LAC","WaPo",2,17,2
16,"TEN","WaPo",2,6,-10
17,"CAR","WaPo",2,23,6
18,"LV","WaPo",2,24,6
19,"BAL","WaPo",2,9,-10
20,"PHI","WaPo",2,25,5
21,"CIN","WaPo",2,27,6
22,"DEN","WaPo",2,29,7
23,"WAS","WaPo",2,14,-9
24,"IND","WaPo",2,18,-6
25,"CHI","WaPo",2,20,-5
26,"MIN","WaPo",2,21,-5
27,"HOU","WaPo",2,32,5
28,"NYG","WaPo",2,19,-9
29,"ATL","WaPo",2,26,-3
30,"DET","WaPo",2,31,1
31,"NYJ","WaPo",2,28,-3
32,"JAX","WaPo",2,30,-2
1,"KC","Yahoo",2,1,0
2,"TB","Yahoo",2,2,0
3,"SF","Yahoo",2,5,2
4,"LA","Yahoo",2,7,3
5,"SEA","Yahoo",2,8,3
6,"ARI","Yahoo",2,19,13
7,"NO","Yahoo",2,20,13
8,"PIT","Yahoo",2,15,7
9,"BUF","Yahoo",2,3,-6
10,"LAC","Yahoo",2,14,4
11,"CLE","Yahoo",2,10,-1
12,"BAL","Yahoo",2,6,-6
13,"MIA","Yahoo",2,11,-2
14,"GB","Yahoo",2,4,-10
15,"NE","Yahoo",2,12,-3
16,"DEN","Yahoo",2,21,5
17,"LV","Yahoo",2,22,5
18,"TEN","Yahoo",2,9,-9
19,"DAL","Yahoo",2,18,-1
20,"WAS","Yahoo",2,16,-4
21,"IND","Yahoo",2,13,-8
22,"CAR","Yahoo",2,25,3
23,"PHI","Yahoo",2,28,5
24,"CIN","Yahoo",2,27,3
25,"MIN","Yahoo",2,17,-8
26,"CHI","Yahoo",2,23,-3
27,"NYG","Yahoo",2,24,-3
28,"NYJ","Yahoo",2,29,1
29,"ATL","Yahoo",2,26,-3
30,"DET","Yahoo",2,31,1
31,"HOU","Yahoo",2,32,1
32,"JAX","Yahoo",2,30,-2
1,"TB","BR",3,1,0
2,"KC","BR",3,2,0
3,"LA","BR",3,6,3
4,"ARI","BR",3,7,3
5,"BAL","BR",3,9,4
6,"CLE","BR",3,4,-2
7,"BUF","BR",3,5,-2
8,"SEA","BR",3,3,-5
9,"LAC","BR",3,11,2
10,"SF","BR",3,14,4
11,"DAL","BR",3,16,5
12,"DEN","BR",3,18,6
13,"GB","BR",3,13,0
14,"PIT","BR",3,8,-6
15,"LV","BR",3,23,8
16,"CAR","BR",3,26,10
17,"TEN","BR",3,17,0
18,"NE","BR",3,15,-3
19,"NO","BR",3,10,-9
20,"MIA","BR",3,12,-8
21,"WAS","BR",3,20,-1
22,"PHI","BR",3,22,0
23,"CHI","BR",3,24,1
24,"CIN","BR",3,21,-3
25,"MIN","BR",3,25,0
26,"IND","BR",3,19,-7
27,"HOU","BR",3,27,0
28,"NYG","BR",3,28,0
29,"ATL","BR",3,31,2
30,"DET","BR",3,30,0
31,"NYJ","BR",3,29,-2
32,"JAX","BR",3,32,0
1,"TB","CBS",3,1,0
2,"SF","CBS",3,3,1
3,"LA","CBS",3,4,1
4,"ARI","CBS",3,5,1
5,"KC","CBS",3,2,-3
6,"BUF","CBS",3,9,3
7,"GB","CBS",3,10,3
8,"LV","CBS",3,16,8
9,"BAL","CBS",3,11,2
10,"CLE","CBS",3,12,2
11,"CAR","CBS",3,23,12
12,"DEN","CBS",3,13,1
13,"NO","CBS",3,6,-7
14,"PIT","CBS",3,7,-7
15,"SEA","CBS",3,8,-7
16,"DAL","CBS",3,18,2
17,"TEN","CBS",3,19,2
18,"LAC","CBS",3,15,-3
19,"NE","CBS",3,20,1
20,"MIA","CBS",3,14,-6
21,"WAS","CBS",3,17,-4
22,"IND","CBS",3,21,-1
23,"PHI","CBS",3,22,-1
24,"CHI","CBS",3,24,0
25,"CIN","CBS",3,25,0
26,"MIN","CBS",3,26,0
27,"NYG","CBS",3,27,0
28,"HOU","CBS",3,28,0
29,"ATL","CBS",3,29,0
30,"DET","CBS",3,30,0
31,"NYJ","CBS",3,31,0
32,"JAX","CBS",3,32,0
1,"TB","ESPN",3,2,1
2,"LA","ESPN",3,4,2
3,"KC","ESPN",3,1,-2
4,"SF","ESPN",3,7,3
5,"BUF","ESPN",3,5,0
6,"SEA","ESPN",3,3,-3
7,"ARI","ESPN",3,12,5
8,"CLE","ESPN",3,6,-2
9,"BAL","ESPN",3,10,1
10,"LV","ESPN",3,19,9
11,"GB","ESPN",3,11,0
12,"PIT","ESPN",3,8,-4
13,"DAL","ESPN",3,13,0
14,"DEN","ESPN",3,20,6
15,"CAR","ESPN",3,23,8
16,"TEN","ESPN",3,18,2
17,"NO","ESPN",3,9,-8
18,"LAC","ESPN",3,14,-4
19,"NE","ESPN",3,17,-2
20,"MIA","ESPN",3,15,-5
21,"PHI","ESPN",3,21,0
22,"WAS","ESPN",3,22,0
23,"IND","ESPN",3,16,-7
24,"CHI","ESPN",3,26,2
25,"CIN","ESPN",3,24,-1
26,"MIN","ESPN",3,25,-1
27,"HOU","ESPN",3,29,2
28,"NYG","ESPN",3,28,0
29,"ATL","ESPN",3,27,-2
30,"DET","ESPN",3,30,0
31,"JAX","ESPN",3,32,1
32,"NYJ","ESPN",3,31,-1
1,"TB","NFL",3,1,0
2,"KC","NFL",3,2,0
3,"BAL","NFL",3,7,4
4,"LA","NFL",3,3,-1
5,"BUF","NFL",3,6,1
6,"GB","NFL",3,12,6
7,"SF","NFL",3,9,2
8,"CLE","NFL",3,8,0
9,"SEA","NFL",3,4,-5
10,"ARI","NFL",3,14,4
11,"LV","NFL",3,18,7
12,"PIT","NFL",3,5,-7
13,"DEN","NFL",3,16,3
14,"LAC","NFL",3,11,-3
15,"NE","NFL",3,15,0
16,"TEN","NFL",3,20,4
17,"DAL","NFL",3,19,2
18,"CAR","NFL",3,25,7
19,"NO","NFL",3,10,-9
20,"PHI","NFL",3,17,-3
21,"WAS","NFL",3,22,1
22,"MIA","NFL",3,13,-9
23,"IND","NFL",3,21,-2
24,"MIN","NFL",3,24,0
25,"CHI","NFL",3,26,1
26,"CIN","NFL",3,23,-3
27,"NYG","NFL",3,27,0
28,"HOU","NFL",3,29,1
29,"ATL","NFL",3,28,-1
30,"NYJ","NFL",3,30,0
31,"DET","NFL",3,31,0
32,"JAX","NFL",3,32,0
1,"TB","PFT",3,1,0
2,"LA","PFT",3,3,1
3,"BAL","PFT",3,11,8
4,"KC","PFT",3,2,-2
5,"BUF","PFT",3,6,1
6,"SF","PFT",3,9,3
7,"ARI","PFT",3,14,7
8,"LV","PFT",3,17,9
9,"PIT","PFT",3,5,-4
10,"CAR","PFT",3,20,10
11,"GB","PFT",3,15,4
12,"CLE","PFT",3,7,-5
13,"NE","PFT",3,13,0
14,"NO","PFT",3,4,-10
15,"DAL","PFT",3,16,1
16,"LAC","PFT",3,8,-8
17,"TEN","PFT",3,19,2
18,"DEN","PFT",3,18,0
19,"SEA","PFT",3,10,-9
20,"MIA","PFT",3,12,-8
21,"WAS","PFT",3,22,1
22,"CHI","PFT",3,26,4
23,"CIN","PFT",3,21,-2
24,"MIN","PFT",3,23,-1
25,"PHI","PFT",3,25,0
26,"NYG","PFT",3,27,1
27,"IND","PFT",3,24,-3
28,"HOU","PFT",3,28,0
29,"DET","PFT",3,31,2
30,"ATL","PFT",3,29,-1
31,"NYJ","PFT",3,30,-1
32,"JAX","PFT",3,32,0
1,"TB","USA",3,1,0
2,"LA","USA",3,3,1
3,"KC","USA",3,2,-1
4,"CLE","USA",3,4,0
5,"ARI","USA",3,7,2
6,"LV","USA",3,16,10
7,"BAL","USA",3,18,11
8,"PIT","USA",3,8,0
9,"BUF","USA",3,10,1
10,"DAL","USA",3,9,-1
11,"SF","USA",3,11,0
12,"TEN","USA",3,19,7
13,"SEA","USA",3,6,-7
14,"CAR","USA",3,23,9
15,"NO","USA",3,5,-10
16,"GB","USA",3,14,-2
17,"DEN","USA",3,15,-2
18,"LAC","USA",3,13,-5
19,"MIA","USA",3,12,-7
20,"NE","USA",3,17,-3
21,"WAS","USA",3,21,0
22,"PHI","USA",3,22,0
23,"CHI","USA",3,26,3
24,"CIN","USA",3,20,-4
25,"MIN","USA",3,24,-1
26,"IND","USA",3,25,-1
27,"NYG","USA",3,30,3
28,"HOU","USA",3,27,-1
29,"DET","USA",3,29,0
30,"NYJ","USA",3,28,-2
31,"ATL","USA",3,31,0
32,"JAX","USA",3,32,0
1,"TB","WaPo",3,1,0
2,"LA","WaPo",3,3,1
3,"BUF","WaPo",3,7,4
4,"SF","WaPo",3,9,5
5,"KC","WaPo",3,2,-3
6,"CLE","WaPo",3,6,0
7,"GB","WaPo",3,11,4
8,"ARI","WaPo",3,12,4
9,"LV","WaPo",3,18,9
10,"BAL","WaPo",3,19,9
11,"NE","WaPo",3,13,2
12,"DAL","WaPo",3,14,2
13,"TEN","WaPo",3,16,3
14,"CAR","WaPo",3,17,3
15,"NO","WaPo",3,4,-11
16,"PIT","WaPo",3,5,-11
17,"LAC","WaPo",3,15,-2
18,"SEA","WaPo",3,10,-8
19,"DEN","WaPo",3,22,3
20,"WAS","WaPo",3,23,3
21,"CHI","WaPo",3,25,4
22,"MIA","WaPo",3,8,-14
23,"PHI","WaPo",3,20,-3
24,"CIN","WaPo",3,21,-3
25,"IND","WaPo",3,24,-1
26,"MIN","WaPo",3,26,0
27,"HOU","WaPo",3,27,0
28,"NYG","WaPo",3,28,0
29,"ATL","WaPo",3,29,0
30,"DET","WaPo",3,30,0
31,"NYJ","WaPo",3,31,0
32,"JAX","WaPo",3,32,0
1,"TB","Yahoo",3,2,1
2,"SF","Yahoo",3,3,1
3,"LA","Yahoo",3,4,1
4,"KC","Yahoo",3,1,-3
5,"ARI","Yahoo",3,6,1
6,"SEA","Yahoo",3,5,-1
7,"LV","Yahoo",3,17,10
8,"BAL","Yahoo",3,12,4
9,"DEN","Yahoo",3,16,7
10,"PIT","Yahoo",3,8,-2
11,"BUF","Yahoo",3,9,-2
12,"CLE","Yahoo",3,11,-1
13,"GB","Yahoo",3,14,1
14,"CAR","Yahoo",3,22,8
15,"MIA","Yahoo",3,13,-2
16,"NE","Yahoo",3,15,-1
17,"LAC","Yahoo",3,10,-7
18,"NO","Yahoo",3,7,-11
19,"TEN","Yahoo",3,18,-1
20,"DAL","Yahoo",3,19,-1
21,"WAS","Yahoo",3,20,-1
22,"IND","Yahoo",3,21,-1
23,"CHI","Yahoo",3,26,3
24,"PHI","Yahoo",3,23,-1
25,"CIN","Yahoo",3,24,-1
26,"MIN","Yahoo",3,25,-1
27,"NYG","Yahoo",3,27,0
28,"ATL","Yahoo",3,29,1
29,"DET","Yahoo",3,30,1
30,"NYJ","Yahoo",3,28,-2
31,"HOU","Yahoo",3,31,0
32,"JAX","Yahoo",3,32,0
1,"LA","BR",4,3,2
2,"TB","BR",4,1,-1
3,"ARI","BR",4,4,1
4,"CLE","BR",4,6,2
5,"LAC","BR",4,9,4
6,"BUF","BR",4,7,1
7,"KC","BR",4,2,-5
8,"BAL","BR",4,5,-3
9,"DEN","BR",4,12,3
10,"GB","BR",4,13,3
11,"DAL","BR",4,11,0
12,"CAR","BR",4,16,4
13,"LV","BR",4,15,2
14,"SF","BR",4,10,-4
15,"NO","BR",4,19,4
16,"SEA","BR",4,8,-8
17,"TEN","BR",4,17,0
18,"CIN","BR",4,24,6
19,"MIA","BR",4,20,1
20,"NE","BR",4,18,-2
21,"MIN","BR",4,25,4
22,"PIT","BR",4,14,-8
23,"PHI","BR",4,22,-1
24,"WAS","BR",4,21,-3
25,"CHI","BR",4,23,-2
26,"IND","BR",4,26,0
27,"ATL","BR",4,29,2
28,"HOU","BR",4,27,-1
29,"DET","BR",4,30,1
30,"NYG","BR",4,28,-2
31,"NYJ","BR",4,31,0
32,"JAX","BR",4,32,0
1,"LA","CBS",4,3,2
2,"ARI","CBS",4,4,2
3,"GB","CBS",4,7,4
4,"TB","CBS",4,1,-3
5,"BUF","CBS",4,6,1
6,"LV","CBS",4,8,2
7,"SF","CBS",4,2,-5
8,"CLE","CBS",4,10,2
9,"CAR","CBS",4,11,2
10,"DEN","CBS",4,12,2
11,"LAC","CBS",4,18,7
12,"KC","CBS",4,5,-7
13,"BAL","CBS",4,9,-4
14,"NO","CBS",4,13,-1
15,"TEN","CBS",4,17,2
16,"DAL","CBS",4,16,0
17,"CIN","CBS",4,25,8
18,"MIN","CBS",4,26,8
19,"SEA","CBS",4,15,-4
20,"NE","CBS",4,19,-1
21,"MIA","CBS",4,20,-1
22,"PIT","CBS",4,14,-8
23,"WAS","CBS",4,21,-2
24,"PHI","CBS",4,23,-1
25,"CHI","CBS",4,24,-1
26,"IND","CBS",4,22,-4
27,"ATL","CBS",4,29,2
28,"NYG","CBS",4,27,-1
29,"HOU","CBS",4,28,-1
30,"DET","CBS",4,30,0
31,"JAX","CBS",4,32,1
32,"NYJ","CBS",4,31,-1
1,"LA","ESPN",4,2,1
2,"TB","ESPN",4,1,-1
3,"BUF","ESPN",4,5,2
4,"GB","ESPN",4,11,7
5,"LV","ESPN",4,10,5
6,"CLE","ESPN",4,8,2
7,"BAL","ESPN",4,9,2
8,"ARI","ESPN",4,7,-1
9,"LAC","ESPN",4,18,9
10,"KC","ESPN",4,3,-7
11,"SF","ESPN",4,4,-7
12,"CAR","ESPN",4,15,3
13,"DEN","ESPN",4,14,1
14,"DAL","ESPN",4,13,-1
15,"NO","ESPN",4,17,2
16,"TEN","ESPN",4,16,0
17,"SEA","ESPN",4,6,-11
18,"CIN","ESPN",4,25,7
19,"NE","ESPN",4,19,0
20,"MIN","ESPN",4,26,6
21,"PIT","ESPN",4,12,-9
22,"WAS","ESPN",4,22,0
23,"MIA","ESPN",4,20,-3
24,"PHI","ESPN",4,21,-3
25,"ATL","ESPN",4,29,4
26,"IND","ESPN",4,23,-3
27,"CHI","ESPN",4,24,-3
28,"HOU","ESPN",4,27,-1
29,"NYG","ESPN",4,28,-1
30,"DET","ESPN",4,30,0
31,"JAX","ESPN",4,31,0
32,"NYJ","ESPN",4,32,0
1,"LA","NFL",4,4,3
2,"TB","NFL",4,1,-1
3,"GB","NFL",4,6,3
4,"BUF","NFL",4,5,1
5,"BAL","NFL",4,3,-2
6,"KC","NFL",4,2,-4
7,"SF","NFL",4,7,0
8,"CLE","NFL",4,8,0
9,"LV","NFL",4,11,2
10,"LAC","NFL",4,14,4
11,"ARI","NFL",4,10,-1
12,"DEN","NFL",4,13,1
13,"CAR","NFL",4,18,5
14,"DAL","NFL",4,17,3
15,"TEN","NFL",4,16,1
16,"MIN","NFL",4,24,8
17,"SEA","NFL",4,9,-8
18,"NO","NFL",4,19,1
19,"CIN","NFL",4,26,7
20,"PIT","NFL",4,12,-8
21,"MIA","NFL",4,22,1
22,"PHI","NFL",4,20,-2
23,"NE","NFL",4,15,-8
24,"WAS","NFL",4,21,-3
25,"ATL","NFL",4,29,4
26,"IND","NFL",4,23,-3
27,"DET","NFL",4,31,4
28,"HOU","NFL",4,28,0
29,"CHI","NFL",4,25,-4
30,"NYG","NFL",4,27,-3
31,"JAX","NFL",4,32,1
32,"NYJ","NFL",4,30,-2
1,"LA","PFT",4,2,1
2,"TB","PFT",4,1,-1
3,"BUF","PFT",4,5,2
4,"BAL","PFT",4,3,-1
5,"LV","PFT",4,8,3
6,"ARI","PFT",4,7,1
7,"GB","PFT",4,11,4
8,"CAR","PFT",4,10,2
9,"SF","PFT",4,6,-3
10,"CLE","PFT",4,12,2
11,"LAC","PFT",4,16,5
12,"KC","PFT",4,4,-8
13,"NO","PFT",4,14,1
14,"DAL","PFT",4,15,1
15,"TEN","PFT",4,17,2
16,"DEN","PFT",4,18,2
17,"CIN","PFT",4,23,6
18,"MIN","PFT",4,24,6
19,"NE","PFT",4,13,-6
20,"SEA","PFT",4,19,-1
21,"MIA","PFT",4,20,-1
22,"PIT","PFT",4,9,-13
23,"WAS","PFT",4,21,-2
24,"ATL","PFT",4,30,6
25,"PHI","PFT",4,25,0
26,"CHI","PFT",4,22,-4
27,"DET","PFT",4,29,2
28,"NYG","PFT",4,26,-2
29,"HOU","PFT",4,28,-1
30,"IND","PFT",4,27,-3
31,"JAX","PFT",4,32,1
32,"NYJ","PFT",4,31,-1
1,"LA","USA",4,2,1
2,"TB","USA",4,1,-1
3,"CLE","USA",4,4,1
4,"LV","USA",4,6,2
5,"ARI","USA",4,5,0
6,"BAL","USA",4,7,1
7,"BUF","USA",4,9,2
8,"DAL","USA",4,10,2
9,"LAC","USA",4,18,9
10,"KC","USA",4,3,-7
11,"CAR","USA",4,14,3
12,"NO","USA",4,15,3
13,"GB","USA",4,16,3
14,"TEN","USA",4,12,-2
15,"SF","USA",4,11,-4
16,"DEN","USA",4,17,1
17,"CIN","USA",4,24,7
18,"MIN","USA",4,25,7
19,"SEA","USA",4,13,-6
20,"PIT","USA",4,8,-12
21,"MIA","USA",4,19,-2
22,"NE","USA",4,20,-2
23,"WAS","USA",4,21,-2
24,"PHI","USA",4,22,-2
25,"IND","USA",4,26,1
26,"DET","USA",4,29,3
27,"CHI","USA",4,23,-4
28,"ATL","USA",4,31,3
29,"HOU","USA",4,28,-1
30,"NYG","USA",4,27,-3
31,"JAX","USA",4,32,1
32,"NYJ","USA",4,30,-2
1,"LA","WaPo",4,2,1
2,"BUF","WaPo",4,3,1
3,"GB","WaPo",4,7,4
4,"TB","WaPo",4,1,-3
5,"CLE","WaPo",4,6,1
6,"ARI","WaPo",4,8,2
7,"LV","WaPo",4,9,2
8,"BAL","WaPo",4,10,2
9,"SF","WaPo",4,4,-5
10,"DAL","WaPo",4,12,2
11,"TEN","WaPo",4,13,2
12,"NO","WaPo",4,15,3
13,"LAC","WaPo",4,17,4
14,"KC","WaPo",4,5,-9
15,"CAR","WaPo",4,14,-1
16,"DEN","WaPo",4,19,3
17,"NE","WaPo",4,11,-6
18,"CIN","WaPo",4,24,6
19,"MIN","WaPo",4,26,7
20,"SEA","WaPo",4,18,-2
21,"PIT","WaPo",4,16,-5
22,"ATL","WaPo",4,29,7
23,"WAS","WaPo",4,20,-3
24,"CHI","WaPo",4,21,-3
25,"MIA","WaPo",4,22,-3
26,"PHI","WaPo",4,23,-3
27,"HOU","WaPo",4,27,0
28,"IND","WaPo",4,25,-3
29,"DET","WaPo",4,30,1
30,"NYG","WaPo",4,28,-2
31,"NYJ","WaPo",4,31,0
32,"JAX","WaPo",4,32,0
1,"LA","Yahoo",4,3,2
2,"TB","Yahoo",4,1,-1
3,"ARI","Yahoo",4,5,2
4,"BUF","Yahoo",4,11,7
5,"LV","Yahoo",4,7,2
6,"NO","Yahoo",4,18,12
7,"GB","Yahoo",4,13,6
8,"SF","Yahoo",4,2,-6
9,"KC","Yahoo",4,4,-5
10,"DEN","Yahoo",4,9,-1
11,"CLE","Yahoo",4,12,1
12,"BAL","Yahoo",4,8,-4
13,"LAC","Yahoo",4,17,4
14,"CAR","Yahoo",4,14,0
15,"DAL","Yahoo",4,20,5
16,"TEN","Yahoo",4,19,3
17,"SEA","Yahoo",4,6,-11
18,"NE","Yahoo",4,16,-2
19,"CIN","Yahoo",4,25,6
20,"PIT","Yahoo",4,10,-10
21,"MIA","Yahoo",4,15,-6
22,"MIN","Yahoo",4,26,4
23,"WAS","Yahoo",4,21,-2
24,"PHI","Yahoo",4,24,0
25,"IND","Yahoo",4,22,-3
26,"CHI","Yahoo",4,23,-3
27,"ATL","Yahoo",4,28,1
28,"DET","Yahoo",4,29,1
29,"NYG","Yahoo",4,27,-2
30,"HOU","Yahoo",4,31,1
31,"NYJ","Yahoo",4,30,-1
32,"JAX","Yahoo",4,32,0
1,"ARI","BR",5,3,2
2,"LA","BR",5,1,-1
3,"TB","BR",5,2,-1
4,"BUF","BR",5,6,2
5,"LAC","BR",5,5,0
6,"KC","BR",5,7,1
7,"CLE","BR",5,4,-3
8,"BAL","BR",5,8,0
9,"GB","BR",5,10,1
10,"DAL","BR",5,11,1
11,"LV","BR",5,13,2
12,"SEA","BR",5,16,4
13,"CAR","BR",5,12,-1
14,"CIN","BR",5,18,4
15,"DEN","BR",5,9,-6
16,"SF","BR",5,14,-2
17,"NE","BR",5,20,3
18,"TEN","BR",5,17,-1
19,"NO","BR",5,15,-4
20,"MIA","BR",5,19,-1
21,"WAS","BR",5,24,3
22,"CHI","BR",5,25,3
23,"IND","BR",5,26,3
24,"MIN","BR",5,21,-3
25,"PHI","BR",5,23,-2
26,"NYG","BR",5,30,4
27,"PIT","BR",5,22,-5
28,"ATL","BR",5,27,-1
29,"NYJ","BR",5,31,2
30,"HOU","BR",5,28,-2
31,"DET","BR",5,29,-2
32,"JAX","BR",5,32,0
1,"ARI","CBS",5,2,1
2,"GB","CBS",5,3,1
3,"TB","CBS",5,4,1
4,"BUF","CBS",5,5,1
5,"CLE","CBS",5,8,3
6,"LA","CBS",5,1,-5
7,"LAC","CBS",5,11,4
8,"DAL","CBS",5,16,8
9,"KC","CBS",5,12,3
10,"BAL","CBS",5,13,3
11,"LV","CBS",5,6,-5
12,"CAR","CBS",5,9,-3
13,"CIN","CBS",5,17,4
14,"SEA","CBS",5,19,5
15,"DEN","CBS",5,10,-5
16,"SF","CBS",5,7,-9
17,"NO","CBS",5,14,-3
18,"TEN","CBS",5,15,-3
19,"NE","CBS",5,20,1
20,"WAS","CBS",5,23,3
21,"CHI","CBS",5,25,4
22,"IND","CBS",5,26,4
23,"MIN","CBS",5,18,-5
24,"ATL","CBS",5,27,3
25,"NYG","CBS",5,28,3
26,"MIA","CBS",5,21,-5
27,"PHI","CBS",5,24,-3
28,"PIT","CBS",5,22,-6
29,"HOU","CBS",5,29,0
30,"NYJ","CBS",5,32,2
31,"DET","CBS",5,30,-1
32,"JAX","CBS",5,31,-1
1,"BUF","ESPN",5,3,2
2,"ARI","ESPN",5,8,6
3,"LA","ESPN",5,1,-2
4,"TB","ESPN",5,2,-2
5,"GB","ESPN",5,4,-1
6,"CLE","ESPN",5,6,0
7,"BAL","ESPN",5,7,0
8,"DAL","ESPN",5,14,6
9,"LAC","ESPN",5,9,0
10,"LV","ESPN",5,5,-5
11,"KC","ESPN",5,10,-1
12,"CAR","ESPN",5,12,0
13,"SEA","ESPN",5,17,4
14,"DEN","ESPN",5,13,-1
15,"SF","ESPN",5,11,-4
16,"CIN","ESPN",5,18,2
17,"NO","ESPN",5,15,-2
18,"TEN","ESPN",5,16,-2
19,"WAS","ESPN",5,22,3
20,"NE","ESPN",5,19,-1
21,"IND","ESPN",5,26,5
22,"MIN","ESPN",5,20,-2
23,"CHI","ESPN",5,27,4
24,"PIT","ESPN",5,21,-3
25,"PHI","ESPN",5,24,-1
26,"MIA","ESPN",5,23,-3
27,"ATL","ESPN",5,25,-2
28,"NYG","ESPN",5,29,1
29,"NYJ","ESPN",5,32,3
30,"HOU","ESPN",5,28,-2
31,"DET","ESPN",5,30,-1
32,"JAX","ESPN",5,31,-1
1,"ARI","NFL",5,11,10
2,"TB","NFL",5,2,0
3,"BUF","NFL",5,4,1
4,"GB","NFL",5,3,-1
5,"BAL","NFL",5,5,0
6,"DAL","NFL",5,14,8
7,"LAC","NFL",5,10,3
8,"KC","NFL",5,6,-2
9,"LA","NFL",5,1,-8
10,"CLE","NFL",5,8,-2
11,"LV","NFL",5,9,-2
12,"SEA","NFL",5,17,5
13,"SF","NFL",5,7,-6
14,"CAR","NFL",5,13,-1
15,"CIN","NFL",5,19,4
16,"DEN","NFL",5,12,-4
17,"MIN","NFL",5,16,-1
18,"TEN","NFL",5,15,-3
19,"NO","NFL",5,18,-1
20,"PIT","NFL",5,20,0
21,"IND","NFL",5,26,5
22,"NE","NFL",5,23,1
23,"WAS","NFL",5,24,1
24,"NYG","NFL",5,30,6
25,"PHI","NFL",5,22,-3
26,"MIA","NFL",5,21,-5
27,"ATL","NFL",5,25,-2
28,"NYJ","NFL",5,32,4
29,"CHI","NFL",5,29,0
30,"JAX","NFL",5,31,1
31,"DET","NFL",5,27,-4
32,"HOU","NFL",5,28,-4
1,"BUF","PFT",5,3,2
2,"ARI","PFT",5,6,4
3,"TB","PFT",5,2,-1
4,"BAL","PFT",5,4,0
5,"LA","PFT",5,1,-4
6,"GB","PFT",5,7,1
7,"CLE","PFT",5,10,3
8,"LAC","PFT",5,11,3
9,"LV","PFT",5,5,-4
10,"KC","PFT",5,12,2
11,"DAL","PFT",5,14,3
12,"CAR","PFT",5,8,-4
13,"CIN","PFT",5,17,4
14,"SEA","PFT",5,20,6
15,"SF","PFT",5,9,-6
16,"NO","PFT",5,13,-3
17,"DEN","PFT",5,16,-1
18,"MIN","PFT",5,18,0
19,"NE","PFT",5,19,0
20,"TEN","PFT",5,15,-5
21,"WAS","PFT",5,23,2
22,"CHI","PFT",5,26,4
23,"NYG","PFT",5,28,5
24,"PIT","PFT",5,22,-2
25,"PHI","PFT",5,25,0
26,"ATL","PFT",5,24,-2
27,"IND","PFT",5,30,3
28,"MIA","PFT",5,21,-7
29,"NYJ","PFT",5,32,3
30,"HOU","PFT",5,29,-1
31,"DET","PFT",5,27,-4
32,"JAX","PFT",5,31,-1
1,"ARI","USA",5,5,4
2,"LA","USA",5,1,-1
3,"TB","USA",5,2,-1
4,"CLE","USA",5,3,-1
5,"DAL","USA",5,8,3
6,"BUF","USA",5,7,1
7,"BAL","USA",5,6,-1
8,"LAC","USA",5,9,1
9,"KC","USA",5,10,1
10,"GB","USA",5,13,3
11,"LV","USA",5,4,-7
12,"CAR","USA",5,11,-1
13,"NO","USA",5,12,-1
14,"CIN","USA",5,17,3
15,"TEN","USA",5,14,-1
16,"DEN","USA",5,16,0
17,"MIN","USA",5,18,1
18,"SEA","USA",5,19,1
19,"SF","USA",5,15,-4
20,"WAS","USA",5,23,3
21,"NE","USA",5,22,1
22,"PIT","USA",5,20,-2
23,"IND","USA",5,25,2
24,"CHI","USA",5,27,3
25,"PHI","USA",5,24,-1
26,"MIA","USA",5,21,-5
27,"ATL","USA",5,28,1
28,"NYG","USA",5,30,2
29,"NYJ","USA",5,32,3
30,"DET","USA",5,26,-4
31,"HOU","USA",5,29,-2
32,"JAX","USA",5,31,-1
1,"BUF","WaPo",5,2,1
2,"GB","WaPo",5,3,1
3,"TB","WaPo",5,4,1
4,"CLE","WaPo",5,5,1
5,"ARI","WaPo",5,6,1
6,"LA","WaPo",5,1,-5
7,"BAL","WaPo",5,8,1
8,"DAL","WaPo",5,10,2
9,"LAC","WaPo",5,13,4
10,"KC","WaPo",5,14,4
11,"CIN","WaPo",5,18,7
12,"LV","WaPo",5,7,-5
13,"SEA","WaPo",5,20,7
14,"SF","WaPo",5,9,-5
15,"TEN","WaPo",5,11,-4
16,"NO","WaPo",5,12,-4
17,"CAR","WaPo",5,15,-2
18,"DEN","WaPo",5,16,-2
19,"WAS","WaPo",5,23,4
20,"NE","WaPo",5,17,-3
21,"CHI","WaPo",5,24,3
22,"MIN","WaPo",5,19,-3
23,"IND","WaPo",5,28,5
24,"NYG","WaPo",5,30,6
25,"NYJ","WaPo",5,31,6
26,"PIT","WaPo",5,21,-5
27,"ATL","WaPo",5,22,-5
28,"MIA","WaPo",5,25,-3
29,"PHI","WaPo",5,26,-3
30,"HOU","WaPo",5,27,-3
31,"DET","WaPo",5,29,-2
32,"JAX","WaPo",5,32,0
1,"ARI","Yahoo",5,3,2
2,"BUF","Yahoo",5,4,2
3,"LA","Yahoo",5,1,-2
4,"TB","Yahoo",5,2,-2
5,"GB","Yahoo",5,7,2
6,"KC","Yahoo",5,9,3
7,"DAL","Yahoo",5,15,8
8,"CLE","Yahoo",5,11,3
9,"LAC","Yahoo",5,13,4
10,"BAL","Yahoo",5,12,2
11,"LV","Yahoo",5,5,-6
12,"SF","Yahoo",5,8,-4
13,"NO","Yahoo",5,6,-7
14,"DEN","Yahoo",5,10,-4
15,"CAR","Yahoo",5,14,-1
16,"SEA","Yahoo",5,17,1
17,"CIN","Yahoo",5,19,2
18,"TEN","Yahoo",5,16,-2
19,"NE","Yahoo",5,18,-1
20,"WAS","Yahoo",5,23,3
21,"PIT","Yahoo",5,20,-1
22,"IND","Yahoo",5,25,3
23,"MIN","Yahoo",5,22,-1
24,"CHI","Yahoo",5,26,2
25,"MIA","Yahoo",5,21,-4
26,"NYG","Yahoo",5,29,3
27,"PHI","Yahoo",5,24,-3
28,"ATL","Yahoo",5,27,-1
29,"NYJ","Yahoo",5,31,2
30,"DET","Yahoo",5,28,-2
31,"HOU","Yahoo",5,30,-1
32,"JAX","Yahoo",5,32,0
1,"ARI","BR",6,1,0
2,"LA","BR",6,2,0
3,"BUF","BR",6,4,1
4,"TB","BR",6,3,-1
5,"LAC","BR",6,5,0
6,"DAL","BR",6,10,4
7,"BAL","BR",6,8,1
8,"GB","BR",6,9,1
9,"CLE","BR",6,7,-2
10,"KC","BR",6,6,-4
11,"CIN","BR",6,14,3
12,"CAR","BR",6,13,1
13,"TEN","BR",6,18,5
14,"NO","BR",6,19,5
15,"DEN","BR",6,15,0
16,"NE","BR",6,17,1
17,"SF","BR",6,16,-1
18,"LV","BR",6,11,-7
19,"SEA","BR",6,12,-7
20,"CHI","BR",6,22,2
21,"PIT","BR",6,27,6
22,"PHI","BR",6,25,3
23,"MIN","BR",6,24,1
24,"IND","BR",6,23,-1
25,"MIA","BR",6,20,-5
26,"WAS","BR",6,21,-5
27,"ATL","BR",6,28,1
28,"NYG","BR",6,26,-2
29,"NYJ","BR",6,29,0
30,"HOU","BR",6,30,0
31,"DET","BR",6,31,0
32,"JAX","BR",6,32,0
1,"ARI","CBS",6,1,0
2,"BUF","CBS",6,4,2
3,"GB","CBS",6,2,-1
4,"LA","CBS",6,6,2
5,"LAC","CBS",6,7,2
6,"TB","CBS",6,3,-3
7,"DAL","CBS",6,8,1
8,"BAL","CBS",6,10,2
9,"CLE","CBS",6,5,-4
10,"TEN","CBS",6,18,8
11,"NO","CBS",6,17,6
12,"KC","CBS",6,9,-3
13,"CHI","CBS",6,21,8
14,"LV","CBS",6,11,-3
15,"CAR","CBS",6,12,-3
16,"CIN","CBS",6,13,-3
17,"SEA","CBS",6,14,-3
18,"DEN","CBS",6,15,-3
19,"SF","CBS",6,16,-3
20,"PHI","CBS",6,27,7
21,"NE","CBS",6,19,-2
22,"MIN","CBS",6,23,1
23,"PIT","CBS",6,28,5
24,"IND","CBS",6,22,-2
25,"ATL","CBS",6,24,-1
26,"WAS","CBS",6,20,-6
27,"NYG","CBS",6,25,-2
28,"MIA","CBS",6,26,-2
29,"HOU","CBS",6,29,0
30,"NYJ","CBS",6,30,0
31,"DET","CBS",6,31,0
32,"JAX","CBS",6,32,0
1,"BUF","ESPN",6,1,0
2,"ARI","ESPN",6,2,0
3,"LA","ESPN",6,3,0
4,"TB","ESPN",6,4,0
5,"GB","ESPN",6,5,0
6,"DAL","ESPN",6,8,2
7,"LAC","ESPN",6,9,2
8,"BAL","ESPN",6,7,-1
9,"CLE","ESPN",6,6,-3
10,"KC","ESPN",6,11,1
11,"TEN","ESPN",6,18,7
12,"CAR","ESPN",6,12,0
13,"NO","ESPN",6,17,4
14,"CIN","ESPN",6,16,2
15,"DEN","ESPN",6,14,-1
16,"CHI","ESPN",6,23,7
17,"LV","ESPN",6,10,-7
18,"SF","ESPN",6,15,-3
19,"NE","ESPN",6,20,1
20,"SEA","ESPN",6,13,-7
21,"PIT","ESPN",6,24,3
22,"WAS","ESPN",6,19,-3
23,"MIN","ESPN",6,22,-1
24,"PHI","ESPN",6,25,1
25,"IND","ESPN",6,21,-4
26,"ATL","ESPN",6,27,1
27,"MIA","ESPN",6,26,-1
28,"HOU","ESPN",6,30,2
29,"NYJ","ESPN",6,29,0
30,"NYG","ESPN",6,28,-2
31,"DET","ESPN",6,31,0
32,"JAX","ESPN",6,32,0
1,"BUF","NFL",6,3,2
2,"ARI","NFL",6,1,-1
3,"TB","NFL",6,2,-1
4,"DAL","NFL",6,6,2
5,"LAC","NFL",6,7,2
6,"GB","NFL",6,4,-2
7,"BAL","NFL",6,5,-2
8,"LA","NFL",6,9,1
9,"CLE","NFL",6,10,1
10,"KC","NFL",6,8,-2
11,"NO","NFL",6,19,8
12,"TEN","NFL",6,18,6
13,"CIN","NFL",6,15,2
14,"CAR","NFL",6,14,0
15,"MIN","NFL",6,17,2
16,"PIT","NFL",6,20,4
17,"SF","NFL",6,13,-4
18,"LV","NFL",6,11,-7
19,"DEN","NFL",6,16,-3
20,"PHI","NFL",6,25,5
21,"SEA","NFL",6,12,-9
22,"NE","NFL",6,22,0
23,"CHI","NFL",6,29,6
24,"IND","NFL",6,21,-3
25,"ATL","NFL",6,27,2
26,"WAS","NFL",6,23,-3
27,"NYG","NFL",6,24,-3
28,"MIA","NFL",6,26,-2
29,"DET","NFL",6,31,2
30,"HOU","NFL",6,32,2
31,"NYJ","NFL",6,28,-3
32,"JAX","NFL",6,30,-2
1,"BUF","PFT",6,1,0
2,"ARI","PFT",6,2,0
3,"TB","PFT",6,3,0
4,"BAL","PFT",6,4,0
5,"LA","PFT",6,5,0
6,"GB","PFT",6,6,0
7,"DAL","PFT",6,11,4
8,"LAC","PFT",6,8,0
9,"CLE","PFT",6,7,-2
10,"CIN","PFT",6,13,3
11,"KC","PFT",6,10,-1
12,"NO","PFT",6,16,4
13,"CAR","PFT",6,12,-1
14,"TEN","PFT",6,20,6
15,"LV","PFT",6,9,-6
16,"MIN","PFT",6,18,2
17,"NE","PFT",6,19,2
18,"SEA","PFT",6,14,-4
19,"CHI","PFT",6,22,3
20,"SF","PFT",6,15,-5
21,"PIT","PFT",6,24,3
22,"PHI","PFT",6,25,3
23,"DEN","PFT",6,17,-6
24,"ATL","PFT",6,26,2
25,"WAS","PFT",6,21,-4
26,"NYG","PFT",6,23,-3
27,"IND","PFT",6,27,0
28,"MIA","PFT",6,28,0
29,"NYJ","PFT",6,29,0
30,"HOU","PFT",6,30,0
31,"DET","PFT",6,31,0
32,"JAX","PFT",6,32,0
1,"ARI","USA",6,1,0
2,"LA","USA",6,2,0
3,"TB","USA",6,3,0
4,"DAL","USA",6,5,1
5,"BUF","USA",6,6,1
6,"LAC","USA",6,8,2
7,"BAL","USA",6,7,0
8,"CLE","USA",6,4,-4
9,"GB","USA",6,10,1
10,"KC","USA",6,9,-1
11,"TEN","USA",6,15,4
12,"CAR","USA",6,12,0
13,"NO","USA",6,13,0
14,"CHI","USA",6,24,10
15,"CIN","USA",6,14,-1
16,"PIT","USA",6,22,6
17,"DEN","USA",6,16,-1
18,"MIN","USA",6,17,-1
19,"SEA","USA",6,18,-1
20,"SF","USA",6,19,-1
21,"PHI","USA",6,25,4
22,"WAS","USA",6,20,-2
23,"LV","USA",6,11,-12
24,"IND","USA",6,23,-1
25,"ATL","USA",6,27,2
26,"NE","USA",6,21,-5
27,"MIA","USA",6,26,-1
28,"HOU","USA",6,31,3
29,"NYJ","USA",6,29,0
30,"DET","USA",6,30,0
31,"NYG","USA",6,28,-3
32,"JAX","USA",6,32,0
1,"BUF","WaPo",6,1,0
2,"GB","WaPo",6,2,0
3,"TB","WaPo",6,3,0
4,"ARI","WaPo",6,5,1
5,"LA","WaPo",6,6,1
6,"BAL","WaPo",6,7,1
7,"DAL","WaPo",6,8,1
8,"LAC","WaPo",6,9,1
9,"CLE","WaPo",6,4,-5
10,"TEN","WaPo",6,15,5
11,"NO","WaPo",6,16,5
12,"CIN","WaPo",6,11,-1
13,"KC","WaPo",6,10,-3
14,"CHI","WaPo",6,21,7
15,"SF","WaPo",6,14,-1
16,"NE","WaPo",6,20,4
17,"MIN","WaPo",6,22,5
18,"LV","WaPo",6,12,-6
19,"PIT","WaPo",6,26,7
20,"ATL","WaPo",6,27,7
21,"PHI","WaPo",6,29,8
22,"CAR","WaPo",6,17,-5
23,"DEN","WaPo",6,18,-5
24,"SEA","WaPo",6,13,-11
25,"WAS","WaPo",6,19,-6
26,"IND","WaPo",6,23,-3
27,"NYG","WaPo",6,24,-3
28,"NYJ","WaPo",6,25,-3
29,"MIA","WaPo",6,28,-1
30,"HOU","WaPo",6,30,0
31,"DET","WaPo",6,31,0
32,"JAX","WaPo",6,32,0
1,"ARI","Yahoo",6,1,0
2,"BUF","Yahoo",6,2,0
3,"LA","Yahoo",6,3,0
4,"TB","Yahoo",6,4,0
5,"GB","Yahoo",6,5,0
6,"DAL","Yahoo",6,7,1
7,"LAC","Yahoo",6,9,2
8,"BAL","Yahoo",6,10,2
9,"CLE","Yahoo",6,8,-1
10,"KC","Yahoo",6,6,-4
11,"NO","Yahoo",6,13,2
12,"SF","Yahoo",6,12,0
13,"TEN","Yahoo",6,18,5
14,"CAR","Yahoo",6,15,1
15,"CIN","Yahoo",6,17,2
16,"DEN","Yahoo",6,14,-2
17,"NE","Yahoo",6,19,2
18,"PIT","Yahoo",6,21,3
19,"LV","Yahoo",6,11,-8
20,"SEA","Yahoo",6,16,-4
21,"CHI","Yahoo",6,24,3
22,"PHI","Yahoo",6,27,5
23,"IND","Yahoo",6,22,-1
24,"WAS","Yahoo",6,20,-4
25,"MIN","Yahoo",6,23,-2
26,"MIA","Yahoo",6,25,-1
27,"ATL","Yahoo",6,28,1
28,"NYG","Yahoo",6,26,-2
29,"NYJ","Yahoo",6,29,0
30,"DET","Yahoo",6,30,0
31,"HOU","Yahoo",6,31,0
32,"JAX","Yahoo",6,32,0
1,"ARI","BR",7,1,0
2,"LA","BR",7,2,0
3,"TB","BR",7,4,1
4,"BUF","BR",7,3,-1
5,"BAL","BR",7,7,2
6,"DAL","BR",7,6,0
7,"GB","BR",7,8,1
8,"KC","BR",7,10,2
9,"LAC","BR",7,5,-4
10,"CIN","BR",7,11,1
11,"TEN","BR",7,13,2
12,"NO","BR",7,14,2
13,"CLE","BR",7,9,-4
14,"PIT","BR",7,21,7
15,"LV","BR",7,18,3
16,"NE","BR",7,16,0
17,"CAR","BR",7,12,-5
18,"DEN","BR",7,15,-3
19,"SF","BR",7,17,-2
20,"SEA","BR",7,19,-1
21,"CHI","BR",7,20,-1
22,"MIN","BR",7,23,1
23,"IND","BR",7,24,1
24,"PHI","BR",7,22,-2
25,"MIA","BR",7,25,0
26,"ATL","BR",7,27,1
27,"WAS","BR",7,26,-1
28,"NYG","BR",7,28,0
29,"NYJ","BR",7,29,0
30,"JAX","BR",7,32,2
31,"HOU","BR",7,30,-1
32,"DET","BR",7,31,-1
1,"ARI","CBS",7,1,0
2,"GB","CBS",7,3,1
3,"LA","CBS",7,4,1
4,"TB","CBS",7,6,2
5,"DAL","CBS",7,7,2
6,"BAL","CBS",7,8,2
7,"BUF","CBS",7,2,-5
8,"LAC","CBS",7,5,-3
9,"NO","CBS",7,11,2
10,"KC","CBS",7,12,2
11,"LV","CBS",7,14,3
12,"CIN","CBS",7,16,4
13,"TEN","CBS",7,10,-3
14,"CLE","CBS",7,9,-5
15,"MIN","CBS",7,22,7
16,"PIT","CBS",7,23,7
17,"IND","CBS",7,24,7
18,"CAR","CBS",7,15,-3
19,"CHI","CBS",7,13,-6
20,"SEA","CBS",7,17,-3
21,"DEN","CBS",7,18,-3
22,"SF","CBS",7,19,-3
23,"PHI","CBS",7,20,-3
24,"NE","CBS",7,21,-3
25,"ATL","CBS",7,25,0
26,"WAS","CBS",7,26,0
27,"NYG","CBS",7,27,0
28,"JAX","CBS",7,32,4
29,"MIA","CBS",7,28,-1
30,"HOU","CBS",7,29,-1
31,"NYJ","CBS",7,30,-1
32,"DET","CBS",7,31,-1
1,"ARI","ESPN",7,2,1
2,"BUF","ESPN",7,1,-1
3,"LA","ESPN",7,3,0
4,"TB","ESPN",7,4,0
5,"DAL","ESPN",7,6,1
6,"BAL","ESPN",7,8,2
7,"GB","ESPN",7,5,-2
8,"LAC","ESPN",7,7,-1
9,"KC","ESPN",7,10,1
10,"TEN","ESPN",7,11,1
11,"CIN","ESPN",7,14,3
12,"CLE","ESPN",7,9,-3
13,"LV","ESPN",7,17,4
14,"NO","ESPN",7,13,-1
15,"PIT","ESPN",7,21,6
16,"MIN","ESPN",7,23,7
17,"CAR","ESPN",7,12,-5
18,"SF","ESPN",7,18,0
19,"CHI","ESPN",7,16,-3
20,"DEN","ESPN",7,15,-5
21,"NE","ESPN",7,19,-2
22,"IND","ESPN",7,25,3
23,"SEA","ESPN",7,20,-3
24,"PHI","ESPN",7,24,0
25,"WAS","ESPN",7,22,-3
26,"ATL","ESPN",7,26,0
27,"MIA","ESPN",7,27,0
28,"NYJ","ESPN",7,29,1
29,"JAX","ESPN",7,32,3
30,"HOU","ESPN",7,28,-2
31,"NYG","ESPN",7,30,-1
32,"DET","ESPN",7,31,-1
1,"ARI","NFL",7,2,1
2,"BUF","NFL",7,1,-1
3,"TB","NFL",7,3,0
4,"DAL","NFL",7,4,0
5,"BAL","NFL",7,7,2
6,"GB","NFL",7,6,0
7,"LA","NFL",7,8,1
8,"LAC","NFL",7,5,-3
9,"KC","NFL",7,10,1
10,"TEN","NFL",7,12,2
11,"CIN","NFL",7,13,2
12,"NO","NFL",7,11,-1
13,"CLE","NFL",7,9,-4
14,"MIN","NFL",7,15,1
15,"LV","NFL",7,18,3
16,"PIT","NFL",7,16,0
17,"SF","NFL",7,17,0
18,"IND","NFL",7,24,6
19,"CAR","NFL",7,14,-5
20,"DEN","NFL",7,19,-1
21,"NE","NFL",7,22,1
22,"SEA","NFL",7,21,-1
23,"CHI","NFL",7,23,0
24,"PHI","NFL",7,20,-4
25,"ATL","NFL",7,25,0
26,"WAS","NFL",7,26,0
27,"NYG","NFL",7,27,0
28,"JAX","NFL",7,32,4
29,"MIA","NFL",7,28,-1
30,"NYJ","NFL",7,31,1
31,"DET","NFL",7,29,-2
32,"HOU","NFL",7,30,-2
1,"ARI","PFT",7,2,1
2,"TB","PFT",7,3,1
3,"BAL","PFT",7,4,1
4,"LA","PFT",7,5,1
5,"GB","PFT",7,6,1
6,"BUF","PFT",7,1,-5
7,"DAL","PFT",7,7,0
8,"CIN","PFT",7,10,2
9,"TEN","PFT",7,14,5
10,"LAC","PFT",7,8,-2
11,"KC","PFT",7,11,0
12,"NO","PFT",7,12,0
13,"LV","PFT",7,15,2
14,"CLE","PFT",7,9,-5
15,"MIN","PFT",7,16,1
16,"CAR","PFT",7,13,-3
17,"PIT","PFT",7,21,4
18,"NE","PFT",7,17,-1
19,"SEA","PFT",7,18,-1
20,"SF","PFT",7,20,0
21,"CHI","PFT",7,19,-2
22,"PHI","PFT",7,22,0
23,"ATL","PFT",7,24,1
24,"IND","PFT",7,27,3
25,"DEN","PFT",7,23,-2
26,"WAS","PFT",7,25,-1
27,"JAX","PFT",7,32,5
28,"NYJ","PFT",7,29,1
29,"NYG","PFT",7,26,-3
30,"MIA","PFT",7,28,-2
31,"HOU","PFT",7,30,-1
32,"DET","PFT",7,31,-1
1,"ARI","USA",7,1,0
2,"LA","USA",7,2,0
3,"TB","USA",7,3,0
4,"DAL","USA",7,4,0
5,"BAL","USA",7,7,2
6,"GB","USA",7,9,3
7,"TEN","USA",7,11,4
8,"BUF","USA",7,5,-3
9,"LAC","USA",7,6,-3
10,"KC","USA",7,10,0
11,"NO","USA",7,13,2
12,"CLE","USA",7,8,-4
13,"CIN","USA",7,15,2
14,"MIN","USA",7,18,4
15,"CAR","USA",7,12,-3
16,"CHI","USA",7,14,-2
17,"LV","USA",7,23,6
18,"PIT","USA",7,16,-2
19,"SEA","USA",7,19,0
20,"SF","USA",7,20,0
21,"DEN","USA",7,17,-4
22,"IND","USA",7,24,2
23,"NE","USA",7,26,3
24,"PHI","USA",7,21,-3
25,"WAS","USA",7,22,-3
26,"ATL","USA",7,25,-1
27,"NYJ","USA",7,29,2
28,"JAX","USA",7,32,4
29,"MIA","USA",7,27,-2
30,"NYG","USA",7,31,1
31,"HOU","USA",7,28,-3
32,"DET","USA",7,30,-2
1,"GB","WaPo",7,2,1
2,"TB","WaPo",7,3,1
3,"ARI","WaPo",7,4,1
4,"LA","WaPo",7,5,1
5,"BAL","WaPo",7,6,1
6,"DAL","WaPo",7,7,1
7,"TEN","WaPo",7,10,3
8,"BUF","WaPo",7,1,-7
9,"CIN","WaPo",7,12,3
10,"NO","WaPo",7,11,1
11,"KC","WaPo",7,13,2
12,"CLE","WaPo",7,9,-3
13,"LAC","WaPo",7,8,-5
14,"MIN","WaPo",7,17,3
15,"LV","WaPo",7,18,3
16,"PIT","WaPo",7,19,3
17,"SF","WaPo",7,15,-2
18,"CHI","WaPo",7,14,-4
19,"ATL","WaPo",7,20,1
20,"NE","WaPo",7,16,-4
21,"PHI","WaPo",7,21,0
22,"CAR","WaPo",7,22,0
23,"DEN","WaPo",7,23,0
24,"IND","WaPo",7,26,2
25,"SEA","WaPo",7,24,-1
26,"WAS","WaPo",7,25,-1
27,"NYJ","WaPo",7,28,1
28,"NYG","WaPo",7,27,-1
29,"JAX","WaPo",7,32,3
30,"MIA","WaPo",7,29,-1
31,"HOU","WaPo",7,30,-1
32,"DET","WaPo",7,31,-1
1,"ARI","Yahoo",7,1,0
2,"LA","Yahoo",7,3,1
3,"TB","Yahoo",7,4,1
4,"DAL","Yahoo",7,6,2
5,"GB","Yahoo",7,5,0
6,"BUF","Yahoo",7,2,-4
7,"BAL","Yahoo",7,8,1
8,"KC","Yahoo",7,10,2
9,"LAC","Yahoo",7,7,-2
10,"TEN","Yahoo",7,13,3
11,"CLE","Yahoo",7,9,-2
12,"CIN","Yahoo",7,15,3
13,"NO","Yahoo",7,11,-2
14,"LV","Yahoo",7,19,5
15,"PIT","Yahoo",7,18,3
16,"MIN","Yahoo",7,25,9
17,"SF","Yahoo",7,12,-5
18,"CAR","Yahoo",7,14,-4
19,"NE","Yahoo",7,17,-2
20,"DEN","Yahoo",7,16,-4
21,"CHI","Yahoo",7,21,0
22,"IND","Yahoo",7,23,1
23,"SEA","Yahoo",7,20,-3
24,"PHI","Yahoo",7,22,-2
25,"WAS","Yahoo",7,24,-1
26,"ATL","Yahoo",7,27,1
27,"MIA","Yahoo",7,26,-1
28,"NYJ","Yahoo",7,29,1
29,"NYG","Yahoo",7,28,-1
30,"JAX","Yahoo",7,32,2
31,"HOU","Yahoo",7,31,0
32,"DET","Yahoo",7,30,-2
1,"ARI","BR",8,1,0
2,"LA","BR",8,2,0
3,"TB","BR",8,3,0
4,"BUF","BR",8,4,0
5,"GB","BR",8,7,2
6,"DAL","BR",8,6,0
7,"CIN","BR",8,10,3
8,"LAC","BR",8,9,1
9,"TEN","BR",8,11,2
10,"BAL","BR",8,5,-5
11,"LV","BR",8,15,4
12,"NO","BR",8,12,0
13,"CLE","BR",8,13,0
14,"KC","BR",8,8,-6
15,"NE","BR",8,16,1
16,"PIT","BR",8,14,-2
17,"IND","BR",8,23,6
18,"DEN","BR",8,18,0
19,"CAR","BR",8,17,-2
20,"SF","BR",8,19,-1
21,"SEA","BR",8,20,-1
22,"MIN","BR",8,22,0
23,"ATL","BR",8,26,3
24,"CHI","BR",8,21,-3
25,"NYG","BR",8,28,3
26,"PHI","BR",8,24,-2
27,"WAS","BR",8,27,0
28,"MIA","BR",8,25,-3
29,"NYJ","BR",8,29,0
30,"JAX","BR",8,30,0
31,"DET","BR",8,32,1
32,"HOU","BR",8,31,-1
1,"ARI","CBS",8,1,0
2,"GB","CBS",8,2,0
3,"LA","CBS",8,3,0
4,"TB","CBS",8,4,0
5,"DAL","CBS",8,5,0
6,"BUF","CBS",8,7,1
7,"CIN","CBS",8,12,5
8,"TEN","CBS",8,13,5
9,"BAL","CBS",8,6,-3
10,"LAC","CBS",8,8,-2
11,"LV","CBS",8,11,0
12,"NO","CBS",8,9,-3
13,"CLE","CBS",8,14,1
14,"MIN","CBS",8,15,1
15,"PIT","CBS",8,16,1
16,"IND","CBS",8,17,1
17,"KC","CBS",8,10,-7
18,"NE","CBS",8,24,6
19,"ATL","CBS",8,25,6
20,"SF","CBS",8,22,2
21,"CAR","CBS",8,18,-3
22,"CHI","CBS",8,19,-3
23,"SEA","CBS",8,20,-3
24,"DEN","CBS",8,21,-3
25,"NYG","CBS",8,27,2
26,"PHI","CBS",8,23,-3
27,"WAS","CBS",8,26,-1
28,"JAX","CBS",8,28,0
29,"MIA","CBS",8,29,0
30,"HOU","CBS",8,30,0
31,"DET","CBS",8,32,1
32,"NYJ","CBS",8,31,-1
1,"ARI","ESPN",8,1,0
2,"TB","ESPN",8,4,2
3,"LA","ESPN",8,3,0
4,"GB","ESPN",8,7,3
5,"BUF","ESPN",8,2,-3
6,"DAL","ESPN",8,5,-1
7,"CIN","ESPN",8,11,4
8,"BAL","ESPN",8,6,-2
9,"TEN","ESPN",8,10,1
10,"LAC","ESPN",8,8,-2
11,"LV","ESPN",8,13,2
12,"CLE","ESPN",8,12,0
13,"NO","ESPN",8,14,1
14,"KC","ESPN",8,9,-5
15,"PIT","ESPN",8,15,0
16,"IND","ESPN",8,22,6
17,"MIN","ESPN",8,16,-1
18,"NE","ESPN",8,21,3
19,"ATL","ESPN",8,26,7
20,"SF","ESPN",8,18,-2
21,"DEN","ESPN",8,20,-1
22,"CHI","ESPN",8,19,-3
23,"SEA","ESPN",8,23,0
24,"CAR","ESPN",8,17,-7
25,"PHI","ESPN",8,24,-1
26,"WAS","ESPN",8,25,-1
27,"NYG","ESPN",8,31,4
28,"MIA","ESPN",8,27,-1
29,"JAX","ESPN",8,29,0
30,"NYJ","ESPN",8,28,-2
31,"HOU","ESPN",8,30,-1
32,"DET","ESPN",8,32,0
1,"ARI","NFL",8,1,0
2,"TB","NFL",8,3,1
3,"BUF","NFL",8,2,-1
4,"DAL","NFL",8,4,0
5,"LA","NFL",8,7,2
6,"GB","NFL",8,6,0
7,"CIN","NFL",8,11,4
8,"BAL","NFL",8,5,-3
9,"LAC","NFL",8,8,-1
10,"TEN","NFL",8,10,0
11,"LV","NFL",8,15,4
12,"NO","NFL",8,12,0
13,"CLE","NFL",8,13,0
14,"KC","NFL",8,9,-5
15,"MIN","NFL",8,14,-1
16,"IND","NFL",8,18,2
17,"PIT","NFL",8,16,-1
18,"NE","NFL",8,21,3
19,"SF","NFL",8,17,-2
20,"ATL","NFL",8,25,5
21,"DEN","NFL",8,20,-1
22,"SEA","NFL",8,22,0
23,"CHI","NFL",8,23,0
24,"NYG","NFL",8,27,3
25,"CAR","NFL",8,19,-6
26,"PHI","NFL",8,24,-2
27,"WAS","NFL",8,26,-1
28,"JAX","NFL",8,28,0
29,"MIA","NFL",8,29,0
30,"DET","NFL",8,31,1
31,"NYJ","NFL",8,30,-1
32,"HOU","NFL",8,32,0
1,"ARI","PFT",8,1,0
2,"TB","PFT",8,2,0
3,"LA","PFT",8,4,1
4,"GB","PFT",8,5,1
5,"BUF","PFT",8,6,1
6,"DAL","PFT",8,7,1
7,"CIN","PFT",8,8,1
8,"TEN","PFT",8,9,1
9,"BAL","PFT",8,3,-6
10,"LAC","PFT",8,10,0
11,"LV","PFT",8,13,2
12,"NO","PFT",8,12,0
13,"CLE","PFT",8,14,1
14,"MIN","PFT",8,15,1
15,"PIT","PFT",8,17,2
16,"NE","PFT",8,18,2
17,"KC","PFT",8,11,-6
18,"CAR","PFT",8,16,-2
19,"IND","PFT",8,24,5
20,"ATL","PFT",8,23,3
21,"SEA","PFT",8,19,-2
22,"SF","PFT",8,20,-2
23,"CHI","PFT",8,21,-2
24,"PHI","PFT",8,22,-2
25,"DEN","PFT",8,25,0
26,"NYG","PFT",8,29,3
27,"JAX","PFT",8,27,0
28,"WAS","PFT",8,26,-2
29,"NYJ","PFT",8,28,-1
30,"MIA","PFT",8,30,0
31,"HOU","PFT",8,31,0
32,"DET","PFT",8,32,0
1,"ARI","USA",8,1,0
2,"LA","USA",8,2,0
3,"TB","USA",8,3,0
4,"DAL","USA",8,4,0
5,"GB","USA",8,6,1
6,"TEN","USA",8,7,1
7,"BUF","USA",8,8,1
8,"CIN","USA",8,13,5
9,"BAL","USA",8,5,-4
10,"LAC","USA",8,9,-1
11,"LV","USA",8,17,6
12,"NO","USA",8,11,-1
13,"KC","USA",8,10,-3
14,"CLE","USA",8,12,-2
15,"MIN","USA",8,14,-1
16,"PIT","USA",8,18,2
17,"IND","USA",8,22,5
18,"SF","USA",8,20,2
19,"CHI","USA",8,16,-3
20,"DEN","USA",8,21,1
21,"NE","USA",8,23,2
22,"SEA","USA",8,19,-3
23,"PHI","USA",8,24,1
24,"WAS","USA",8,25,1
25,"ATL","USA",8,26,1
26,"NYG","USA",8,30,4
27,"CAR","USA",8,15,-12
28,"JAX","USA",8,28,0
29,"MIA","USA",8,29,0
30,"DET","USA",8,32,2
31,"NYJ","USA",8,27,-4
32,"HOU","USA",8,31,-1
1,"GB","WaPo",8,1,0
2,"TB","WaPo",8,2,0
3,"ARI","WaPo",8,3,0
4,"LA","WaPo",8,4,0
5,"TEN","WaPo",8,7,2
6,"DAL","WaPo",8,6,0
7,"CIN","WaPo",8,9,2
8,"BUF","WaPo",8,8,0
9,"NO","WaPo",8,10,1
10,"BAL","WaPo",8,5,-5
11,"CLE","WaPo",8,12,1
12,"LV","WaPo",8,15,3
13,"LAC","WaPo",8,13,0
14,"MIN","WaPo",8,14,0
15,"ATL","WaPo",8,19,4
16,"PIT","WaPo",8,16,0
17,"NE","WaPo",8,20,3
18,"IND","WaPo",8,24,6
19,"KC","WaPo",8,11,-8
20,"SF","WaPo",8,17,-3
21,"CHI","WaPo",8,18,-3
22,"NYG","WaPo",8,28,6
23,"PHI","WaPo",8,21,-2
24,"CAR","WaPo",8,22,-2
25,"DEN","WaPo",8,23,-2
26,"SEA","WaPo",8,25,-1
27,"WAS","WaPo",8,26,-1
28,"JAX","WaPo",8,29,1
29,"NYJ","WaPo",8,27,-2
30,"MIA","WaPo",8,30,0
31,"HOU","WaPo",8,31,0
32,"DET","WaPo",8,32,0
1,"ARI","Yahoo",8,1,0
2,"TB","Yahoo",8,3,1
3,"LA","Yahoo",8,2,-1
4,"DAL","Yahoo",8,4,0
5,"GB","Yahoo",8,5,0
6,"BUF","Yahoo",8,6,0
7,"CIN","Yahoo",8,12,5
8,"BAL","Yahoo",8,7,-1
9,"TEN","Yahoo",8,10,1
10,"LAC","Yahoo",8,9,-1
11,"LV","Yahoo",8,14,3
12,"NO","Yahoo",8,13,1
13,"KC","Yahoo",8,8,-5
14,"CLE","Yahoo",8,11,-3
15,"NE","Yahoo",8,19,4
16,"IND","Yahoo",8,22,6
17,"PIT","Yahoo",8,15,-2
18,"MIN","Yahoo",8,16,-2
19,"SF","Yahoo",8,17,-2
20,"ATL","Yahoo",8,26,6
21,"CAR","Yahoo",8,18,-3
22,"DEN","Yahoo",8,20,-2
23,"SEA","Yahoo",8,23,0
24,"CHI","Yahoo",8,21,-3
25,"PHI","Yahoo",8,24,-1
26,"WAS","Yahoo",8,25,-1
27,"NYG","Yahoo",8,29,2
28,"JAX","Yahoo",8,30,2
29,"MIA","Yahoo",8,27,-2
30,"NYJ","Yahoo",8,28,-2
31,"DET","Yahoo",8,32,1
32,"HOU","Yahoo",8,31,-1
1,"LA","BR",9,2,1
2,"BUF","BR",9,4,2
3,"GB","BR",9,5,2
4,"TB","BR",9,3,-1
5,"ARI","BR",9,1,-4
6,"DAL","BR",9,6,0
7,"TEN","BR",9,9,2
8,"BAL","BR",9,10,2
9,"LAC","BR",9,8,-1
10,"CIN","BR",9,7,-3
11,"NO","BR",9,12,1
12,"LV","BR",9,11,-1
13,"KC","BR",9,14,1
14,"PIT","BR",9,16,2
15,"NE","BR",9,15,0
16,"CLE","BR",9,13,-3
17,"IND","BR",9,17,0
18,"SEA","BR",9,21,3
19,"CAR","BR",9,19,0
20,"DEN","BR",9,18,-2
21,"NYG","BR",9,25,4
22,"SF","BR",9,20,-2
23,"MIN","BR",9,22,-1
24,"PHI","BR",9,26,2
25,"CHI","BR",9,24,-1
26,"ATL","BR",9,23,-3
27,"NYJ","BR",9,29,2
28,"WAS","BR",9,27,-1
29,"MIA","BR",9,28,-1
30,"HOU","BR",9,32,2
31,"JAX","BR",9,30,-1
32,"DET","BR",9,31,-1
1,"GB","CBS",9,2,1
2,"LA","CBS",9,3,1
3,"BUF","CBS",9,6,3
4,"ARI","CBS",9,1,-3
5,"TEN","CBS",9,8,3
6,"NO","CBS",9,12,6
7,"TB","CBS",9,4,-3
8,"DAL","CBS",9,5,-3
9,"BAL","CBS",9,9,0
10,"LV","CBS",9,11,1
11,"CIN","CBS",9,7,-4
12,"KC","CBS",9,17,5
13,"PIT","CBS",9,15,2
14,"NE","CBS",9,18,4
15,"LAC","CBS",9,10,-5
16,"MIN","CBS",9,14,-2
17,"CLE","CBS",9,13,-4
18,"IND","CBS",9,16,-2
19,"CAR","CBS",9,21,2
20,"SF","CBS",9,20,0
21,"SEA","CBS",9,23,2
22,"DEN","CBS",9,24,2
23,"ATL","CBS",9,19,-4
24,"PHI","CBS",9,26,2
25,"CHI","CBS",9,22,-3
26,"NYG","CBS",9,25,-1
27,"WAS","CBS",9,27,0
28,"NYJ","CBS",9,32,4
29,"JAX","CBS",9,28,-1
30,"MIA","CBS",9,29,-1
31,"HOU","CBS",9,30,-1
32,"DET","CBS",9,31,-1
1,"GB","ESPN",9,4,3
2,"ARI","ESPN",9,1,-1
3,"LA","ESPN",9,3,0
4,"TB","ESPN",9,2,-2
5,"DAL","ESPN",9,6,1
6,"BUF","ESPN",9,5,-1
7,"BAL","ESPN",9,8,1
8,"TEN","ESPN",9,9,1
9,"CIN","ESPN",9,7,-2
10,"NO","ESPN",9,13,3
11,"LV","ESPN",9,11,0
12,"LAC","ESPN",9,10,-2
13,"NE","ESPN",9,18,5
14,"PIT","ESPN",9,15,1
15,"KC","ESPN",9,14,-1
16,"CLE","ESPN",9,12,-4
17,"SF","ESPN",9,20,3
18,"DEN","ESPN",9,21,3
19,"MIN","ESPN",9,17,-2
20,"CAR","ESPN",9,24,4
21,"SEA","ESPN",9,23,2
22,"IND","ESPN",9,16,-6
23,"CHI","ESPN",9,22,-1
24,"PHI","ESPN",9,25,1
25,"ATL","ESPN",9,19,-6
26,"NYG","ESPN",9,27,1
27,"WAS","ESPN",9,26,-1
28,"NYJ","ESPN",9,30,2
29,"JAX","ESPN",9,29,0
30,"MIA","ESPN",9,28,-2
31,"HOU","ESPN",9,31,0
32,"DET","ESPN",9,32,0
1,"GB","NFL",9,6,5
2,"DAL","NFL",9,4,2
3,"ARI","NFL",9,1,-2
4,"BUF","NFL",9,3,-1
5,"TB","NFL",9,2,-3
6,"LA","NFL",9,5,-1
7,"BAL","NFL",9,8,1
8,"NO","NFL",9,12,4
9,"TEN","NFL",9,10,1
10,"LV","NFL",9,11,1
11,"CIN","NFL",9,7,-4
12,"LAC","NFL",9,9,-3
13,"KC","NFL",9,14,1
14,"PIT","NFL",9,17,3
15,"NE","NFL",9,18,3
16,"CLE","NFL",9,13,-3
17,"SF","NFL",9,19,2
18,"SEA","NFL",9,22,4
19,"MIN","NFL",9,15,-4
20,"IND","NFL",9,16,-4
21,"CAR","NFL",9,25,4
22,"ATL","NFL",9,20,-2
23,"DEN","NFL",9,21,-2
24,"CHI","NFL",9,23,-1
25,"NYG","NFL",9,24,-1
26,"PHI","NFL",9,26,0
27,"NYJ","NFL",9,31,4
28,"WAS","NFL",9,27,-1
29,"MIA","NFL",9,29,0
30,"JAX","NFL",9,28,-2
31,"DET","NFL",9,30,-1
32,"HOU","NFL",9,32,0
1,"GB","PFT",9,4,3
2,"LA","PFT",9,3,1
3,"ARI","PFT",9,1,-2
4,"BUF","PFT",9,5,1
5,"DAL","PFT",9,6,1
6,"NO","PFT",9,12,6
7,"TB","PFT",9,2,-5
8,"TEN","PFT",9,8,0
9,"BAL","PFT",9,9,0
10,"LV","PFT",9,11,1
11,"CIN","PFT",9,7,-4
12,"PIT","PFT",9,15,3
13,"NE","PFT",9,16,3
14,"LAC","PFT",9,10,-4
15,"KC","PFT",9,17,2
16,"CLE","PFT",9,13,-3
17,"MIN","PFT",9,14,-3
18,"CAR","PFT",9,18,0
19,"SEA","PFT",9,21,2
20,"IND","PFT",9,19,-1
21,"SF","PFT",9,22,1
22,"ATL","PFT",9,20,-2
23,"PHI","PFT",9,24,1
24,"DEN","PFT",9,25,1
25,"CHI","PFT",9,23,-2
26,"NYJ","PFT",9,29,3
27,"NYG","PFT",9,26,-1
28,"WAS","PFT",9,28,0
29,"JAX","PFT",9,27,-2
30,"MIA","PFT",9,30,0
31,"HOU","PFT",9,31,0
32,"DET","PFT",9,32,0
1,"LA","USA",9,2,1
2,"GB","USA",9,5,3
3,"ARI","USA",9,1,-2
4,"TB","USA",9,3,-1
5,"DAL","USA",9,4,-1
6,"BUF","USA",9,7,1
7,"BAL","USA",9,9,2
8,"CIN","USA",9,8,0
9,"NE","USA",9,21,12
10,"LAC","USA",9,10,0
11,"LV","USA",9,11,0
12,"NO","USA",9,12,0
13,"TEN","USA",9,6,-7
14,"KC","USA",9,13,-1
15,"PIT","USA",9,16,1
16,"CLE","USA",9,14,-2
17,"MIN","USA",9,15,-2
18,"SEA","USA",9,22,4
19,"IND","USA",9,17,-2
20,"SF","USA",9,18,-2
21,"CHI","USA",9,19,-2
22,"DEN","USA",9,20,-2
23,"PHI","USA",9,23,0
24,"NYG","USA",9,26,2
25,"CAR","USA",9,27,2
26,"WAS","USA",9,24,-2
27,"ATL","USA",9,25,-2
28,"NYJ","USA",9,31,3
29,"JAX","USA",9,28,-1
30,"MIA","USA",9,29,-1
31,"HOU","USA",9,32,1
32,"DET","USA",9,30,-2
1,"GB","WaPo",9,1,0
2,"LA","WaPo",9,4,2
3,"DAL","WaPo",9,6,3
4,"TB","WaPo",9,2,-2
5,"ARI","WaPo",9,3,-2
6,"TEN","WaPo",9,5,-1
7,"BUF","WaPo",9,8,1
8,"NO","WaPo",9,9,1
9,"BAL","WaPo",9,10,1
10,"CIN","WaPo",9,7,-3
11,"LV","WaPo",9,12,1
12,"PIT","WaPo",9,16,4
13,"NE","WaPo",9,17,4
14,"KC","WaPo",9,19,5
15,"SF","WaPo",9,20,5
16,"CLE","WaPo",9,11,-5
17,"LAC","WaPo",9,13,-4
18,"MIN","WaPo",9,14,-4
19,"PHI","WaPo",9,23,4
20,"CAR","WaPo",9,24,4
21,"DEN","WaPo",9,25,4
22,"SEA","WaPo",9,26,4
23,"ATL","WaPo",9,15,-8
24,"IND","WaPo",9,18,-6
25,"CHI","WaPo",9,21,-4
26,"NYJ","WaPo",9,29,3
27,"NYG","WaPo",9,22,-5
28,"WAS","WaPo",9,27,-1
29,"JAX","WaPo",9,28,-1
30,"MIA","WaPo",9,30,0
31,"HOU","WaPo",9,31,0
32,"DET","WaPo",9,32,0
1,"LA","Yahoo",9,3,2
2,"DAL","Yahoo",9,4,2
3,"GB","Yahoo",9,5,2
4,"BUF","Yahoo",9,6,2
5,"ARI","Yahoo",9,1,-4
6,"TB","Yahoo",9,2,-4
7,"BAL","Yahoo",9,8,1
8,"TEN","Yahoo",9,9,1
9,"NO","Yahoo",9,12,3
10,"LV","Yahoo",9,11,1
11,"CIN","Yahoo",9,7,-4
12,"KC","Yahoo",9,13,1
13,"NE","Yahoo",9,15,2
14,"LAC","Yahoo",9,10,-4
15,"PIT","Yahoo",9,17,2
16,"SF","Yahoo",9,19,3
17,"CLE","Yahoo",9,14,-3
18,"IND","Yahoo",9,16,-2
19,"MIN","Yahoo",9,18,-1
20,"CAR","Yahoo",9,21,1
21,"DEN","Yahoo",9,22,1
22,"SEA","Yahoo",9,23,1
23,"CHI","Yahoo",9,24,1
24,"ATL","Yahoo",9,20,-4
25,"PHI","Yahoo",9,25,0
26,"WAS","Yahoo",9,26,0
27,"NYG","Yahoo",9,27,0
28,"NYJ","Yahoo",9,30,2
29,"JAX","Yahoo",9,28,-1
30,"MIA","Yahoo",9,29,-1
31,"DET","Yahoo",9,31,0
32,"HOU","Yahoo",9,32,0
1,"ARI","BR",10,5,4
2,"TB","BR",10,4,2
3,"LA","BR",10,1,-2
4,"TEN","BR",10,7,3
5,"BAL","BR",10,8,3
6,"BUF","BR",10,2,-4
7,"GB","BR",10,3,-4
8,"DAL","BR",10,6,-2
9,"LAC","BR",10,9,0
10,"PIT","BR",10,14,4
11,"NE","BR",10,15,4
12,"KC","BR",10,13,1
13,"CLE","BR",10,16,3
14,"CIN","BR",10,10,-4
15,"LV","BR",10,12,-3
16,"NO","BR",10,11,-5
17,"IND","BR",10,17,0
18,"DEN","BR",10,20,2
19,"SEA","BR",10,18,-1
20,"NYG","BR",10,21,1
21,"ATL","BR",10,26,5
22,"MIN","BR",10,23,1
23,"CAR","BR",10,19,-4
24,"SF","BR",10,22,-2
25,"PHI","BR",10,24,-1
26,"CHI","BR",10,25,-1
27,"MIA","BR",10,29,2
28,"NYJ","BR",10,27,-1
29,"WAS","BR",10,28,-1
30,"JAX","BR",10,31,1
31,"HOU","BR",10,30,-1
32,"DET","BR",10,32,0
1,"ARI","CBS",10,4,3
2,"GB","CBS",10,1,-1
3,"TEN","CBS",10,5,2
4,"TB","CBS",10,7,3
5,"BAL","CBS",10,9,4
6,"BUF","CBS",10,3,-3
7,"LA","CBS",10,2,-5
8,"DAL","CBS",10,8,0
9,"LAC","CBS",10,15,6
10,"NO","CBS",10,6,-4
11,"KC","CBS",10,12,1
12,"NE","CBS",10,14,2
13,"PIT","CBS",10,13,0
14,"LV","CBS",10,10,-4
15,"CLE","CBS",10,17,2
16,"CIN","CBS",10,11,-5
17,"IND","CBS",10,18,1
18,"SEA","CBS",10,21,3
19,"DEN","CBS",10,22,3
20,"ATL","CBS",10,23,3
21,"MIN","CBS",10,16,-5
22,"CAR","CBS",10,19,-3
23,"SF","CBS",10,20,-3
24,"NYG","CBS",10,26,2
25,"PHI","CBS",10,24,-1
26,"CHI","CBS",10,25,-1
27,"WAS","CBS",10,27,0
28,"JAX","CBS",10,29,1
29,"NYJ","CBS",10,28,-1
30,"MIA","CBS",10,30,0
31,"HOU","CBS",10,31,0
32,"DET","CBS",10,32,0
1,"ARI","ESPN",10,2,1
2,"TEN","ESPN",10,8,6
3,"GB","ESPN",10,1,-2
4,"LA","ESPN",10,3,-1
5,"TB","ESPN",10,4,-1
6,"BAL","ESPN",10,7,1
7,"DAL","ESPN",10,5,-2
8,"BUF","ESPN",10,6,-2
9,"LAC","ESPN",10,12,3
10,"CLE","ESPN",10,16,6
11,"NO","ESPN",10,10,-1
12,"NE","ESPN",10,13,1
13,"KC","ESPN",10,15,2
14,"PIT","ESPN",10,14,0
15,"DEN","ESPN",10,18,3
16,"CIN","ESPN",10,9,-7
17,"LV","ESPN",10,11,-6
18,"ATL","ESPN",10,25,7
19,"IND","ESPN",10,22,3
20,"MIN","ESPN",10,19,-1
21,"SEA","ESPN",10,21,0
22,"SF","ESPN",10,17,-5
23,"PHI","ESPN",10,24,1
24,"CAR","ESPN",10,20,-4
25,"CHI","ESPN",10,23,-2
26,"NYG","ESPN",10,26,0
27,"WAS","ESPN",10,27,0
28,"JAX","ESPN",10,29,1
29,"NYJ","ESPN",10,28,-1
30,"MIA","ESPN",10,30,0
31,"HOU","ESPN",10,31,0
32,"DET","ESPN",10,32,0
1,"ARI","NFL",10,3,2
2,"TB","NFL",10,5,3
3,"TEN","NFL",10,9,6
4,"GB","NFL",10,1,-3
5,"DAL","NFL",10,2,-3
6,"BAL","NFL",10,7,1
7,"LA","NFL",10,6,-1
8,"BUF","NFL",10,4,-4
9,"LAC","NFL",10,12,3
10,"CLE","NFL",10,16,6
11,"NE","NFL",10,15,4
12,"KC","NFL",10,13,1
13,"NO","NFL",10,8,-5
14,"PIT","NFL",10,14,0
15,"LV","NFL",10,10,-5
16,"CIN","NFL",10,11,-5
17,"DEN","NFL",10,23,6
18,"IND","NFL",10,20,2
19,"SEA","NFL",10,18,-1
20,"ATL","NFL",10,22,2
21,"MIN","NFL",10,19,-2
22,"NYG","NFL",10,25,3
23,"CHI","NFL",10,24,1
24,"SF","NFL",10,17,-7
25,"CAR","NFL",10,21,-4
26,"PHI","NFL",10,26,0
27,"JAX","NFL",10,30,3
28,"WAS","NFL",10,28,0
29,"MIA","NFL",10,29,0
30,"NYJ","NFL",10,27,-3
31,"DET","NFL",10,31,0
32,"HOU","NFL",10,32,0
1,"ARI","PFT",10,3,2
2,"TB","PFT",10,7,5
3,"TEN","PFT",10,8,5
4,"LA","PFT",10,2,-2
5,"GB","PFT",10,1,-4
6,"DAL","PFT",10,5,-1
7,"BAL","PFT",10,9,2
8,"BUF","PFT",10,4,-4
9,"NO","PFT",10,6,-3
10,"NE","PFT",10,13,3
11,"PIT","PFT",10,12,1
12,"LAC","PFT",10,14,2
13,"LV","PFT",10,10,-3
14,"KC","PFT",10,15,1
15,"CLE","PFT",10,16,1
16,"CIN","PFT",10,11,-5
17,"IND","PFT",10,20,3
18,"ATL","PFT",10,22,4
19,"SEA","PFT",10,19,0
20,"DEN","PFT",10,24,4
21,"MIN","PFT",10,17,-4
22,"CAR","PFT",10,18,-4
23,"SF","PFT",10,21,-2
24,"NYG","PFT",10,27,3
25,"CHI","PFT",10,25,0
26,"JAX","PFT",10,29,3
27,"PHI","PFT",10,23,-4
28,"NYJ","PFT",10,26,-2
29,"WAS","PFT",10,28,-1
30,"MIA","PFT",10,30,0
31,"HOU","PFT",10,31,0
32,"DET","PFT",10,32,0
1,"ARI","USA",10,3,2
2,"TB","USA",10,4,2
3,"GB","USA",10,2,-1
4,"TEN","USA",10,13,9
5,"LA","USA",10,1,-4
6,"DAL","USA",10,5,-1
7,"BAL","USA",10,7,0
8,"BUF","USA",10,6,-2
9,"NE","USA",10,9,0
10,"LAC","USA",10,10,0
11,"KC","USA",10,14,3
12,"PIT","USA",10,15,3
13,"CLE","USA",10,16,3
14,"NO","USA",10,12,-2
15,"LV","USA",10,11,-4
16,"CIN","USA",10,8,-8
17,"DEN","USA",10,22,5
18,"MIN","USA",10,17,-1
19,"SEA","USA",10,18,-1
20,"IND","USA",10,19,-1
21,"SF","USA",10,20,-1
22,"PHI","USA",10,23,1
23,"ATL","USA",10,27,4
24,"NYG","USA",10,24,0
25,"CHI","USA",10,21,-4
26,"CAR","USA",10,25,-1
27,"JAX","USA",10,29,2
28,"WAS","USA",10,26,-2
29,"NYJ","USA",10,28,-1
30,"MIA","USA",10,30,0
31,"HOU","USA",10,31,0
32,"DET","USA",10,32,0
1,"TEN","WaPo",10,6,5
2,"ARI","WaPo",10,5,3
3,"TB","WaPo",10,4,1
4,"BAL","WaPo",10,9,5
5,"GB","WaPo",10,1,-4
6,"LA","WaPo",10,2,-4
7,"DAL","WaPo",10,3,-4
8,"PIT","WaPo",10,12,4
9,"NE","WaPo",10,13,4
10,"KC","WaPo",10,14,4
11,"CLE","WaPo",10,16,5
12,"BUF","WaPo",10,7,-5
13,"LAC","WaPo",10,17,4
14,"NO","WaPo",10,8,-6
15,"CIN","WaPo",10,10,-5
16,"LV","WaPo",10,11,-5
17,"DEN","WaPo",10,21,4
18,"ATL","WaPo",10,23,5
19,"IND","WaPo",10,24,5
20,"SEA","WaPo",10,22,2
21,"SF","WaPo",10,15,-6
22,"MIN","WaPo",10,18,-4
23,"NYG","WaPo",10,27,4
24,"PHI","WaPo",10,19,-5
25,"CAR","WaPo",10,20,-5
26,"CHI","WaPo",10,25,-1
27,"JAX","WaPo",10,29,2
28,"MIA","WaPo",10,30,2
29,"NYJ","WaPo",10,26,-3
30,"WAS","WaPo",10,28,-2
31,"HOU","WaPo",10,31,0
32,"DET","WaPo",10,32,0
1,"ARI","Yahoo",10,5,4
2,"TEN","Yahoo",10,8,6
3,"LA","Yahoo",10,1,-2
4,"TB","Yahoo",10,6,2
5,"DAL","Yahoo",10,2,-3
6,"BAL","Yahoo",10,7,1
7,"GB","Yahoo",10,3,-4
8,"BUF","Yahoo",10,4,-4
9,"KC","Yahoo",10,12,3
10,"NE","Yahoo",10,13,3
11,"NO","Yahoo",10,9,-2
12,"LAC","Yahoo",10,14,2
13,"CLE","Yahoo",10,17,4
14,"LV","Yahoo",10,10,-4
15,"PIT","Yahoo",10,15,0
16,"CIN","Yahoo",10,11,-5
17,"IND","Yahoo",10,18,1
18,"DEN","Yahoo",10,21,3
19,"MIN","Yahoo",10,19,0
20,"SEA","Yahoo",10,22,2
21,"SF","Yahoo",10,16,-5
22,"ATL","Yahoo",10,24,2
23,"CHI","Yahoo",10,23,0
24,"CAR","Yahoo",10,20,-4
25,"PHI","Yahoo",10,25,0
26,"NYG","Yahoo",10,27,1
27,"WAS","Yahoo",10,26,-1
28,"JAX","Yahoo",10,29,1
29,"NYJ","Yahoo",10,28,-1
30,"MIA","Yahoo",10,30,0
31,"DET","Yahoo",10,31,0
32,"HOU","Yahoo",10,32,0
1,"TEN","BR",11,4,3
2,"GB","BR",11,7,5
3,"ARI","BR",11,1,-2
4,"DAL","BR",11,8,4
5,"LA","BR",11,3,-2
6,"BUF","BR",11,6,0
7,"TB","BR",11,2,-5
8,"KC","BR",11,12,4
9,"BAL","BR",11,5,-4
10,"NE","BR",11,11,1
11,"LAC","BR",11,9,-2
12,"PIT","BR",11,10,-2
13,"CIN","BR",11,14,1
14,"IND","BR",11,17,3
15,"NO","BR",11,16,1
16,"CLE","BR",11,13,-3
17,"MIN","BR",11,22,5
18,"LV","BR",11,15,-3
19,"CAR","BR",11,23,4
20,"SF","BR",11,24,4
21,"PHI","BR",11,25,4
22,"WAS","BR",11,29,7
23,"DEN","BR",11,18,-5
24,"SEA","BR",11,19,-5
25,"NYG","BR",11,20,-5
26,"ATL","BR",11,21,-5
27,"CHI","BR",11,26,-1
28,"MIA","BR",11,27,-1
29,"NYJ","BR",11,28,-1
30,"JAX","BR",11,30,0
31,"DET","BR",11,32,1
32,"HOU","BR",11,31,-1
1,"GB","CBS",11,2,1
2,"TEN","CBS",11,3,1
3,"BUF","CBS",11,6,3
4,"ARI","CBS",11,1,-3
5,"DAL","CBS",11,8,3
6,"LA","CBS",11,7,1
7,"TB","CBS",11,4,-3
8,"BAL","CBS",11,5,-3
9,"NE","CBS",11,12,3
10,"KC","CBS",11,11,1
11,"LAC","CBS",11,9,-2
12,"NO","CBS",11,10,-2
13,"PIT","CBS",11,13,0
14,"IND","CBS",11,17,3
15,"CAR","CBS",11,22,7
16,"LV","CBS",11,14,-2
17,"CIN","CBS",11,16,-1
18,"CLE","CBS",11,15,-3
19,"MIN","CBS",11,21,2
20,"SF","CBS",11,23,3
21,"DEN","CBS",11,19,-2
22,"SEA","CBS",11,18,-4
23,"ATL","CBS",11,20,-3
24,"NYG","CBS",11,24,0
25,"MIA","CBS",11,30,5
26,"PHI","CBS",11,25,-1
27,"WAS","CBS",11,27,0
28,"CHI","CBS",11,26,-2
29,"JAX","CBS",11,28,-1
30,"NYJ","CBS",11,29,-1
31,"HOU","CBS",11,31,0
32,"DET","CBS",11,32,0
1,"GB","ESPN",11,3,2
2,"TEN","ESPN",11,2,0
3,"ARI","ESPN",11,1,-2
4,"DAL","ESPN",11,7,3
5,"LA","ESPN",11,4,-1
6,"BUF","ESPN",11,8,2
7,"TB","ESPN",11,5,-2
8,"KC","ESPN",11,13,5
9,"BAL","ESPN",11,6,-3
10,"NE","ESPN",11,12,2
11,"NO","ESPN",11,11,0
12,"LAC","ESPN",11,9,-3
13,"CIN","ESPN",11,16,3
14,"CLE","ESPN",11,10,-4
15,"PIT","ESPN",11,14,-1
16,"IND","ESPN",11,19,3
17,"CAR","ESPN",11,24,7
18,"LV","ESPN",11,17,-1
19,"MIN","ESPN",11,20,1
20,"DEN","ESPN",11,15,-5
21,"SF","ESPN",11,22,1
22,"PHI","ESPN",11,23,1
23,"SEA","ESPN",11,21,-2
24,"ATL","ESPN",11,18,-6
25,"WAS","ESPN",11,27,2
26,"CHI","ESPN",11,25,-1
27,"NYG","ESPN",11,26,-1
28,"MIA","ESPN",11,30,2
29,"NYJ","ESPN",11,29,0
30,"JAX","ESPN",11,28,-2
31,"HOU","ESPN",11,31,0
32,"DET","ESPN",11,32,0
1,"GB","NFL",11,4,3
2,"TEN","NFL",11,3,1
3,"DAL","NFL",11,5,2
4,"ARI","NFL",11,1,-3
5,"BUF","NFL",11,8,3
6,"TB","NFL",11,2,-4
7,"KC","NFL",11,12,5
8,"NE","NFL",11,11,3
9,"LA","NFL",11,7,-2
10,"BAL","NFL",11,6,-4
11,"LAC","NFL",11,9,-2
12,"CLE","NFL",11,10,-2
13,"NO","NFL",11,13,0
14,"MIN","NFL",11,21,7
15,"IND","NFL",11,18,3
16,"CIN","NFL",11,16,0
17,"SF","NFL",11,24,7
18,"PIT","NFL",11,14,-4
19,"CAR","NFL",11,25,6
20,"LV","NFL",11,15,-5
21,"PHI","NFL",11,26,5
22,"SEA","NFL",11,19,-3
23,"DEN","NFL",11,17,-6
24,"NYG","NFL",11,22,-2
25,"CHI","NFL",11,23,-2
26,"WAS","NFL",11,28,2
27,"ATL","NFL",11,20,-7
28,"MIA","NFL",11,29,1
29,"JAX","NFL",11,27,-2
30,"DET","NFL",11,31,1
31,"NYJ","NFL",11,30,-1
32,"HOU","NFL",11,32,0
1,"TEN","PFT",11,3,2
2,"GB","PFT",11,5,3
3,"DAL","PFT",11,6,3
4,"ARI","PFT",11,1,-3
5,"LA","PFT",11,4,-1
6,"TB","PFT",11,2,-4
7,"BUF","PFT",11,8,1
8,"NE","PFT",11,10,2
9,"BAL","PFT",11,7,-2
10,"KC","PFT",11,14,4
11,"NO","PFT",11,9,-2
12,"PIT","PFT",11,11,-1
13,"IND","PFT",11,17,4
14,"CIN","PFT",11,16,2
15,"MIN","PFT",11,21,6
16,"CAR","PFT",11,22,6
17,"LAC","PFT",11,12,-5
18,"LV","PFT",11,13,-5
19,"CLE","PFT",11,15,-4
20,"SF","PFT",11,23,3
21,"ATL","PFT",11,18,-3
22,"SEA","PFT",11,19,-3
23,"PHI","PFT",11,27,4
24,"DEN","PFT",11,20,-4
25,"MIA","PFT",11,30,5
26,"WAS","PFT",11,29,3
27,"NYG","PFT",11,24,-3
28,"CHI","PFT",11,25,-3
29,"JAX","PFT",11,26,-3
30,"DET","PFT",11,32,2
31,"NYJ","PFT",11,28,-3
32,"HOU","PFT",11,31,-1
1,"GB","USA",11,3,2
2,"DAL","USA",11,6,4
3,"TEN","USA",11,4,1
4,"ARI","USA",11,1,-3
5,"TB","USA",11,2,-3
6,"BUF","USA",11,8,2
7,"LA","USA",11,5,-2
8,"NE","USA",11,9,1
9,"BAL","USA",11,7,-2
10,"KC","USA",11,11,1
11,"MIN","USA",11,18,7
12,"LAC","USA",11,10,-2
13,"PIT","USA",11,12,-1
14,"CLE","USA",11,13,-1
15,"CIN","USA",11,16,1
16,"IND","USA",11,20,4
17,"CAR","USA",11,26,9
18,"NO","USA",11,14,-4
19,"SF","USA",11,21,2
20,"LV","USA",11,15,-5
21,"PHI","USA",11,22,1
22,"DEN","USA",11,17,-5
23,"SEA","USA",11,19,-4
24,"WAS","USA",11,28,4
25,"ATL","USA",11,23,-2
26,"NYG","USA",11,24,-2
27,"CHI","USA",11,25,-2
28,"JAX","USA",11,27,-1
29,"MIA","USA",11,30,1
30,"NYJ","USA",11,29,-1
31,"DET","USA",11,32,1
32,"HOU","USA",11,31,-1
1,"TEN","WaPo",11,1,0
2,"GB","WaPo",11,5,3
3,"DAL","WaPo",11,7,4
4,"ARI","WaPo",11,2,-2
5,"TB","WaPo",11,3,-2
6,"NE","WaPo",11,9,3
7,"KC","WaPo",11,10,3
8,"BAL","WaPo",11,4,-4
9,"LA","WaPo",11,6,-3
10,"BUF","WaPo",11,12,2
11,"PIT","WaPo",11,8,-3
12,"CIN","WaPo",11,15,3
13,"IND","WaPo",11,19,6
14,"CLE","WaPo",11,11,-3
15,"SF","WaPo",11,21,6
16,"MIN","WaPo",11,22,6
17,"LAC","WaPo",11,13,-4
18,"NO","WaPo",11,14,-4
19,"LV","WaPo",11,16,-3
20,"PHI","WaPo",11,24,4
21,"CAR","WaPo",11,25,4
22,"DEN","WaPo",11,17,-5
23,"MIA","WaPo",11,28,5
24,"WAS","WaPo",11,30,6
25,"NYG","WaPo",11,23,-2
26,"ATL","WaPo",11,18,-8
27,"SEA","WaPo",11,20,-7
28,"CHI","WaPo",11,26,-2
29,"JAX","WaPo",11,27,-2
30,"NYJ","WaPo",11,29,-1
31,"HOU","WaPo",11,31,0
32,"DET","WaPo",11,32,0
1,"GB","Yahoo",11,7,6
2,"ARI","Yahoo",11,1,-1
3,"TEN","Yahoo",11,2,-1
4,"DAL","Yahoo",11,5,1
5,"BUF","Yahoo",11,8,3
6,"LA","Yahoo",11,3,-3
7,"TB","Yahoo",11,4,-3
8,"BAL","Yahoo",11,6,-2
9,"KC","Yahoo",11,9,0
10,"NE","Yahoo",11,10,0
11,"NO","Yahoo",11,11,0
12,"LAC","Yahoo",11,12,0
13,"IND","Yahoo",11,17,4
14,"CLE","Yahoo",11,13,-1
15,"MIN","Yahoo",11,19,4
16,"CIN","Yahoo",11,16,0
17,"LV","Yahoo",11,14,-3
18,"PIT","Yahoo",11,15,-3
19,"SF","Yahoo",11,21,2
20,"CAR","Yahoo",11,24,4
21,"SEA","Yahoo",11,20,-1
22,"PHI","Yahoo",11,25,3
23,"DEN","Yahoo",11,18,-5
24,"CHI","Yahoo",11,23,-1
25,"ATL","Yahoo",11,22,-3
26,"WAS","Yahoo",11,27,1
27,"NYG","Yahoo",11,26,-1
28,"MIA","Yahoo",11,30,2
29,"JAX","Yahoo",11,28,-1
30,"NYJ","Yahoo",11,29,-1
31,"DET","Yahoo",11,31,0
32,"HOU","Yahoo",11,32,0
1,"ARI","BR",12,3,2
2,"LA","BR",12,5,3
3,"KC","BR",12,8,5
4,"NE","BR",12,10,6
5,"TEN","BR",12,1,-4
6,"GB","BR",12,2,-4
7,"TB","BR",12,7,0
8,"BUF","BR",12,6,-2
9,"DAL","BR",12,4,-5
10,"BAL","BR",12,9,-1
11,"IND","BR",12,14,3
12,"LAC","BR",12,11,-1
13,"PIT","BR",12,12,-1
14,"CIN","BR",12,13,-1
15,"MIN","BR",12,17,2
16,"CLE","BR",12,16,0
17,"SF","BR",12,20,3
18,"PHI","BR",12,21,3
19,"NO","BR",12,15,-4
20,"LV","BR",12,18,-2
21,"WAS","BR",12,22,1
22,"CAR","BR",12,19,-3
23,"MIA","BR",12,28,5
24,"DEN","BR",12,23,-1
25,"NYG","BR",12,25,0
26,"SEA","BR",12,24,-2
27,"ATL","BR",12,26,-1
28,"CHI","BR",12,27,-1
29,"DET","BR",12,31,2
30,"HOU","BR",12,32,2
31,"NYJ","BR",12,29,-2
32,"JAX","BR",12,30,-2
1,"ARI","CBS",12,4,3
2,"LA","CBS",12,6,4
3,"GB","CBS",12,1,-2
4,"TEN","CBS",12,2,-2
5,"TB","CBS",12,7,2
6,"BAL","CBS",12,8,2
7,"NE","CBS",12,9,2
8,"KC","CBS",12,10,2
9,"LAC","CBS",12,11,2
10,"IND","CBS",12,14,4
11,"BUF","CBS",12,3,-8
12,"DAL","CBS",12,5,-7
13,"CIN","CBS",12,17,4
14,"PIT","CBS",12,13,-1
15,"CLE","CBS",12,18,3
16,"MIN","CBS",12,19,3
17,"SF","CBS",12,20,3
18,"PHI","CBS",12,26,8
19,"NO","CBS",12,12,-7
20,"WAS","CBS",12,27,7
21,"CAR","CBS",12,15,-6
22,"LV","CBS",12,16,-6
23,"MIA","CBS",12,25,2
24,"DEN","CBS",12,21,-3
25,"SEA","CBS",12,22,-3
26,"ATL","CBS",12,23,-3
27,"NYG","CBS",12,24,-3
28,"CHI","CBS",12,28,0
29,"HOU","CBS",12,31,2
30,"JAX","CBS",12,29,-1
31,"NYJ","CBS",12,30,-1
32,"DET","CBS",12,32,0
1,"ARI","ESPN",12,3,2
2,"GB","ESPN",12,1,-1
3,"TEN","ESPN",12,2,-1
4,"LA","ESPN",12,5,1
5,"DAL","ESPN",12,4,-1
6,"TB","ESPN",12,7,1
7,"KC","ESPN",12,8,1
8,"BAL","ESPN",12,9,1
9,"NE","ESPN",12,10,1
10,"IND","ESPN",12,16,6
11,"LAC","ESPN",12,12,1
12,"BUF","ESPN",12,6,-6
13,"CIN","ESPN",12,13,0
14,"SF","ESPN",12,21,7
15,"CLE","ESPN",12,14,-1
16,"MIN","ESPN",12,19,3
17,"PIT","ESPN",12,15,-2
18,"NO","ESPN",12,11,-7
19,"CAR","ESPN",12,17,-2
20,"LV","ESPN",12,18,-2
21,"PHI","ESPN",12,22,1
22,"DEN","ESPN",12,20,-2
23,"WAS","ESPN",12,25,2
24,"ATL","ESPN",12,24,0
25,"MIA","ESPN",12,28,3
26,"NYG","ESPN",12,27,1
27,"CHI","ESPN",12,26,-1
28,"SEA","ESPN",12,23,-5
29,"HOU","ESPN",12,31,2
30,"JAX","ESPN",12,30,0
31,"NYJ","ESPN",12,29,-2
32,"DET","ESPN",12,32,0
1,"ARI","NFL",12,4,3
2,"GB","NFL",12,1,-1
3,"TB","NFL",12,6,3
4,"KC","NFL",12,7,3
5,"DAL","NFL",12,3,-2
6,"NE","NFL",12,8,2
7,"BUF","NFL",12,5,-2
8,"TEN","NFL",12,2,-6
9,"LA","NFL",12,9,0
10,"MIN","NFL",12,14,4
11,"LAC","NFL",12,11,0
12,"IND","NFL",12,15,3
13,"BAL","NFL",12,10,-3
14,"CLE","NFL",12,12,-2
15,"CIN","NFL",12,16,1
16,"SF","NFL",12,17,1
17,"PHI","NFL",12,21,4
18,"NO","NFL",12,13,-5
19,"PIT","NFL",12,18,-1
20,"CAR","NFL",12,19,-1
21,"WAS","NFL",12,26,5
22,"LV","NFL",12,20,-2
23,"DEN","NFL",12,23,0
24,"MIA","NFL",12,28,4
25,"NYG","NFL",12,24,-1
26,"SEA","NFL",12,22,-4
27,"CHI","NFL",12,25,-2
28,"ATL","NFL",12,27,-1
29,"HOU","NFL",12,32,3
30,"JAX","NFL",12,29,-1
31,"NYJ","NFL",12,31,0
32,"DET","NFL",12,30,-2
1,"ARI","PFT",12,4,3
2,"NE","PFT",12,8,6
3,"LA","PFT",12,5,2
4,"GB","PFT",12,2,-2
5,"TB","PFT",12,6,1
6,"DAL","PFT",12,3,-3
7,"BAL","PFT",12,9,2
8,"KC","PFT",12,10,2
9,"TEN","PFT",12,1,-8
10,"IND","PFT",12,13,3
11,"BUF","PFT",12,7,-4
12,"CIN","PFT",12,14,2
13,"MIN","PFT",12,15,2
14,"LAC","PFT",12,17,3
15,"PIT","PFT",12,12,-3
16,"SF","PFT",12,20,4
17,"CLE","PFT",12,19,2
18,"NO","PFT",12,11,-7
19,"CAR","PFT",12,16,-3
20,"PHI","PFT",12,23,3
21,"LV","PFT",12,18,-3
22,"WAS","PFT",12,26,4
23,"DEN","PFT",12,24,1
24,"ATL","PFT",12,21,-3
25,"MIA","PFT",12,25,0
26,"SEA","PFT",12,22,-4
27,"NYG","PFT",12,27,0
28,"CHI","PFT",12,28,0
29,"HOU","PFT",12,32,3
30,"JAX","PFT",12,29,-1
31,"NYJ","PFT",12,31,0
32,"DET","PFT",12,30,-2
1,"ARI","USA",12,4,3
2,"TB","USA",12,5,3
3,"GB","USA",12,1,-2
4,"KC","USA",12,10,6
5,"DAL","USA",12,2,-3
6,"NE","USA",12,8,2
7,"TEN","USA",12,3,-4
8,"LA","USA",12,7,-1
9,"BAL","USA",12,9,0
10,"MIN","USA",12,11,1
11,"IND","USA",12,16,5
12,"BUF","USA",12,6,-6
13,"LAC","USA",12,12,-1
14,"CLE","USA",12,14,0
15,"CIN","USA",12,15,0
16,"SF","USA",12,19,3
17,"PIT","USA",12,13,-4
18,"PHI","USA",12,21,3
19,"CAR","USA",12,17,-2
20,"NO","USA",12,18,-2
21,"LV","USA",12,20,-1
22,"DEN","USA",12,22,0
23,"WAS","USA",12,24,1
24,"SEA","USA",12,23,-1
25,"ATL","USA",12,25,0
26,"MIA","USA",12,29,3
27,"NYG","USA",12,26,-1
28,"CHI","USA",12,27,-1
29,"JAX","USA",12,28,-1
30,"NYJ","USA",12,30,0
31,"HOU","USA",12,32,1
32,"DET","USA",12,31,-1
1,"ARI","WaPo",12,4,3
2,"TB","WaPo",12,5,3
3,"NE","WaPo",12,6,3
4,"KC","WaPo",12,7,3
5,"BAL","WaPo",12,8,3
6,"GB","WaPo",12,2,-4
7,"TEN","WaPo",12,1,-6
8,"DAL","WaPo",12,3,-5
9,"LA","WaPo",12,9,0
10,"CIN","WaPo",12,12,2
11,"IND","WaPo",12,13,2
12,"CLE","WaPo",12,14,2
13,"SF","WaPo",12,15,2
14,"MIN","WaPo",12,16,2
15,"LAC","WaPo",12,17,2
16,"PIT","WaPo",12,11,-5
17,"BUF","WaPo",12,10,-7
18,"PHI","WaPo",12,20,2
19,"MIA","WaPo",12,23,4
20,"WAS","WaPo",12,24,4
21,"DEN","WaPo",12,22,1
22,"NO","WaPo",12,18,-4
23,"LV","WaPo",12,19,-4
24,"CAR","WaPo",12,21,-3
25,"NYG","WaPo",12,25,0
26,"ATL","WaPo",12,26,0
27,"SEA","WaPo",12,27,0
28,"CHI","WaPo",12,28,0
29,"HOU","WaPo",12,31,2
30,"JAX","WaPo",12,29,-1
31,"NYJ","WaPo",12,30,-1
32,"DET","WaPo",12,32,0
1,"ARI","Yahoo",12,2,1
2,"GB","Yahoo",12,1,-1
3,"BAL","Yahoo",12,8,5
4,"TB","Yahoo",12,7,3
5,"DAL","Yahoo",12,4,-1
6,"NE","Yahoo",12,10,4
7,"LA","Yahoo",12,6,-1
8,"KC","Yahoo",12,9,1
9,"BUF","Yahoo",12,5,-4
10,"TEN","Yahoo",12,3,-7
11,"IND","Yahoo",12,13,2
12,"MIN","Yahoo",12,15,3
13,"LAC","Yahoo",12,12,-1
14,"CLE","Yahoo",12,14,0
15,"CIN","Yahoo",12,16,1
16,"PIT","Yahoo",12,18,2
17,"SF","Yahoo",12,19,2
18,"PHI","Yahoo",12,22,4
19,"NO","Yahoo",12,11,-8
20,"LV","Yahoo",12,17,-3
21,"DEN","Yahoo",12,23,2
22,"CAR","Yahoo",12,20,-2
23,"WAS","Yahoo",12,26,3
24,"SEA","Yahoo",12,21,-3
25,"MIA","Yahoo",12,28,3
26,"CHI","Yahoo",12,24,-2
27,"NYG","Yahoo",12,27,0
28,"ATL","Yahoo",12,25,-3
29,"JAX","Yahoo",12,29,0
30,"NYJ","Yahoo",12,30,0
31,"HOU","Yahoo",12,32,1
32,"DET","Yahoo",12,31,-1
