season,rank,team,full_name,pos,gsis_id,pff_id
2011,1,NE,Tom Brady,QB,00-0019596,698
2011,2,IND,Peyton Manning,QB,00-0010346,327
2011,3,MIN,Adrian Peterson,HB,00-0025394,3623
2011,4,BAL,Ray Lewis,LB,00-0009889,167
2011,5,BAL,Ed Reed,S,00-0021377,1031
2011,6,PIT,Troy Polamalu,S,00-0022119,1332
2011,7,HOU,Andre Johnson,WR,00-0022044,1319
2011,8,NYJ,Darrelle Revis,CB,00-0025401,3630
2011,9,NO,Drew Brees,QB,00-0020531,802
2011,10,CHI,Julius Peppers,ED,00-0021140,1010
2011,11,GB,Aaron Rodgers,QB,00-0023459,2241
2011,12,DAL,DeMarcus Ware,ED,00-0023445,2228
2011,13,TEN,Chris Johnson,HB,00-0026164,4338
2011,14,ARI,Larry Fitzgerald,WR,00-0022921,1724
2011,15,IND,Dwight Freeney,ED,00-0021146,1019
2011,16,GB,Charles Woodson,S,00-0018227,330
2011,17,BAL,Haloti Ngata,DI,00-0024227,2957
2011,18,PHI,Nnamdi Asomugha,CB,00-0022077,1347
2011,19,GB,Clay Matthews,ED,00-0027002,4949
2011,20,PHI,Mike Vick,QB,00-0020245,773
2011,21,PIT,James Harrison,ED,00-0020712,1251
2011,22,LAC,Antonio Gates,TE,00-0021547,1609
2011,23,SF,Patrick Willis,LB,00-0025398,3627
2011,24,ATL,Roddy White,WR,00-0023462,2244
2011,25,HOU,Arian Foster,HB,00-0026796,5398
2011,26,LAC,Philip Rivers,QB,00-0022942,1725
2011,27,DET,Calvin Johnson,WR,00-0025389,3618
2011,28,MIA,Jake Long,T,00-0025820,4315
2011,29,PHI,DeSean Jackson,WR,00-0026189,4363
2011,30,JAX,Maurice Jones-Drew,HB,00-0024275,3005
2011,31,IND,Reggie Wayne,WR,00-0020498,800
2011,32,CHI,Devin Hester,WR,00-0024272,3002
2011,33,KC,Jamaal Charles,HB,00-0026213,4387
2011,34,NO,Jahri Evans,G,00-0024323,3053
2011,35,NE,Vince Wilfork,DI,00-0022712,1742
2011,36,DAL,Jason Witten,TE,00-0022127,1384
2011,37,NO,Jonathan Vilma,LB,00-0022778,1733
2011,38,LA,Steven Jackson,HB,00-0022736,1745
2011,39,NE,Logan Mankins,G,00-0023467,2249
2011,40,BAL,Terrell Suggs,ED,00-0022161,1326
2011,41,PIT,Ben Roethlisberger,QB,00-0022924,1732
2011,42,ATL,Michael Turner,HB,00-0022821,1873
2011,43,CLE,Joe Thomas,T,00-0025390,3619
2011,44,IND,Robert Mathis,ED,00-0022059,1447
2011,45,KC,Dwayne Bowe,WR,00-0025410,3639
2011,46,ATL,Tony Gonzalez,TE,00-0006101,237
2011,47,NYJ,Nick Mangold,C,00-0024244,2974
2011,48,DEN,Champ Bailey,CB,00-0000585,442
2011,49,CHI,Brian Urlacher,LB,00-0019456,587
2011,50,NE,Wes Welker,WR,00-0022427,2204
2011,51,DET,Ndamukong Suh,DI,00-0027855,5527
2011,52,ATL,Matt Ryan,QB,00-0026143,4317
2011,53,NO,Marques Colston,WR,00-0024466,3197
2011,54,PHI,Asante Samuel,CB,00-0021956,1432
2011,55,NO,Carl Nicks,G,00-0026304,4478
2011,56,BAL,Ray Rice,HB,00-0026195,4369
2011,57,BAL,Andre Gurode,C,00-0021385,1044
2011,58,LA,Brandon Lloyd,WR,00-0022097,1436
2011,59,IND,Jeff Saturday,C,00-0014375,431
2011,60,NYG,Justin Tuck,DI,00-0023509,2291
2011,61,MIA,Brandon Marshall,WR,00-0024334,3064
2011,62,NE,Jerod Mayo,LB,00-0026150,4324
2011,63,MIA,Cameron Wake,ED,00-0023368,4907
2011,64,KC,Tamba Hali,ED,00-0024235,2965
2011,65,BAL,Vonta Leach,FB,00-0022397,2100
2011,66,LV,Richard Seymour,DI,00-0020442,778
2011,67,NE,Brian Waters,G,00-0018584,575
2011,68,NYG,Antrel Rolle,S,00-0023443,2225
2011,69,ATL,John Abraham,ED,00-0019546,591
2011,70,DAL,Miles Austin,WR,00-0023921,3211
2011,71,HOU,Mario Williams,ED,00-0023750,2946
2011,72,DAL,Tony Romo,QB,00-0021678,1693
2011,73,PHI,Trent Cole,ED,00-0023579,2363
2011,74,GB,Greg Jennings,WR,00-0024267,2997
2011,75,DAL,Jay Ratliff,DI,00-0023656,2441
2011,76,NYJ,Santonio Holmes,WR,00-0024240,2970
2011,77,NYG,Chris Snee,G,00-0022838,1755
2011,78,IND,Dallas Clark,TE,00-0022165,1340
2011,79,NYJ,D'Brickashaw Ferguson,T,00-0024219,2949
2011,80,MIN,Jared Allen,ED,00-0022740,1847
2011,81,GB,B.J. Raji,DI,00-0026985,4932
2011,82,PIT,LaMarr Woodley,ED,00-0025433,3662
2011,83,TB,Mike Williams,WR,00-0027702,5625
2011,84,CLE,Josh Cribbs,WR,00-0023176,2544
2011,85,PHI,Jason Babin,ED,00-0022695,1748
2011,86,TB,Josh Freeman,QB,00-0026993,4940
2011,87,CAR,Jordan Gross,T,00-0022117,1324
2011,88,SF,Vernon Davis,TE,00-0024221,2951
2011,89,ARI,Adrian Wilson,S,00-0020505,831
2011,90,BAL,Joe Flacco,QB,00-0026158,4332
2011,91,CIN,Terrell Owens,WR,00-0012478,188
2011,92,CHI,Lance Briggs,LB,00-0022128,1383
2011,93,KC,Eric Berry,S,00-0027858,5530
2011,94,SF,Frank Gore,HB,00-0023500,2282
2011,95,CAR,Jon Beason,LB,00-0025412,3641
2011,96,GB,Nick Collins,S,00-0023486,2268
2011,97,LAC,Shaun Phillips,ED,00-0022723,1819
2011,98,LV,Darren McFadden,HB,00-0026144,4318
2011,99,GB,Chad Clifton,T,00-0019702,614
2011,100,MIN,Donovan McNabb,QB,00-0011022,438
2012,1,GB,Aaron Rodgers,QB,00-0023459,2241
2012,2,NO,Drew Brees,QB,00-0020531,802
2012,3,DET,Calvin Johnson,WR,00-0025389,3618
2012,4,NE,Tom Brady,QB,00-0019596,698
2012,5,NYJ,Darrelle Revis,CB,00-0025401,3630
2012,6,DAL,DeMarcus Ware,ED,00-0023445,2228
2012,7,ARI,Larry Fitzgerald,WR,00-0022921,1724
2012,8,MIN,Adrian Peterson,HB,00-0025394,3623
2012,9,BAL,Haloti Ngata,DI,00-0024227,2957
2012,10,SF,Patrick Willis,LB,00-0025398,3627
2012,11,BAL,Terrell Suggs,ED,00-0022161,1326
2012,12,JAX,Maurice Jones-Drew,HB,00-0024275,3005
2012,13,MIN,Jared Allen,ED,00-0022740,1847
2012,14,NO,Jimmy Graham,TE,00-0027696,5619
2012,15,HOU,Andre Johnson,WR,00-0022044,1319
2012,16,BAL,Ed Reed,S,00-0021377,1031
2012,17,SF,Justin Smith,DI,00-0020535,776
2012,18,PHI,LeSean McCoy,HB,00-0027029,4976
2012,19,PIT,Troy Polamalu,S,00-0022119,1332
2012,20,BAL,Ray Lewis,LB,00-0009889,167
2012,21,NE,Rob Gronkowski,TE,00-0027656,5567
2012,22,BAL,Ray Rice,HB,00-0026195,4369
2012,23,NE,Wes Welker,WR,00-0022427,2204
2012,24,NYG,Jason Pierre-Paul,ED,00-0027867,5540
2012,25,HOU,Arian Foster,HB,00-0026796,5398
2012,26,CHI,Julius Peppers,ED,00-0021140,1010
2012,27,GB,Clay Matthews,ED,00-0027002,4949
2012,28,SF,Frank Gore,HB,00-0023500,2282
2012,29,PIT,James Harrison,ED,00-0020712,1251
2012,30,PIT,Ben Roethlisberger,QB,00-0022924,1732
2012,31,NYG,Eli Manning,QB,00-0022803,1722
2012,32,NO,Jahri Evans,G,00-0024323,3053
2012,33,CHI,Matt Forte,HB,00-0026184,4358
2012,34,KC,Tamba Hali,ED,00-0024235,2965
2012,35,CAR,Steve Smith,WR,00-0020337,837
2012,36,GB,Charles Woodson,S,00-0018227,330
2012,37,LA,Steven Jackson,HB,00-0022736,1745
2012,38,DET,Ndamukong Suh,DI,00-0027855,5527
2012,39,NYG,Victor Cruz,WR,00-0027265,5827
2012,40,CAR,Cam Newton,QB,00-0027939,6153
2012,41,DET,Matthew Stafford,QB,00-0026498,4924
2012,42,PHI,Jason Peters,T,00-0022531,2148
2012,43,SF,Vernon Davis,TE,00-0024221,2951
2012,44,JAX,Jason Babin,ED,00-0022695,1748
2012,45,BAL,Vonta Leach,FB,00-0022397,2100
2012,46,DEN,Champ Bailey,CB,00-0000585,442
2012,47,PIT,Mike Wallace,WR,00-0026901,5007
2012,48,CHI,Devin Hester,WR,00-0024272,3002
2012,49,PIT,Maurkice Pouncey,C,00-0027870,5543
2012,50,DEN,Peyton Manning,QB,00-0010346,327
2012,51,CHI,Brian Urlacher,LB,00-0019456,587
2012,52,DEN,Von Miller,ED,00-0027940,6154
2012,53,ATL,Tony Gonzalez,TE,00-0006101,237
2012,54,HOU,Brian Cushing,LB,00-0026991,4938
2012,55,ARI,Patrick Peterson,CB,00-0027943,6157
2012,56,GB,Greg Jennings,WR,00-0024267,2997
2012,57,PHI,Trent Cole,ED,00-0023579,2363
2012,58,NO,Jonathan Vilma,LB,00-0022778,1733
2012,59,MIA,Jake Long,T,00-0025820,4315
2012,60,LV,Darren McFadden,HB,00-0026144,4318
2012,61,LAC,Philip Rivers,QB,00-0022942,1725
2012,62,NYG,Justin Tuck,DI,00-0023509,2291
2012,63,PIT,LaMarr Woodley,ED,00-0025433,3662
2012,64,NE,Logan Mankins,G,00-0023467,2249
2012,65,ATL,Roddy White,WR,00-0023462,2244
2012,66,SEA,Earl Thomas,S,00-0027866,5539
2012,67,SF,Joe Staley,T,00-0025415,3644
2012,68,DEN,Elvis Dumervil,ED,00-0024341,3071
2012,69,SF,Carlos Rogers,CB,00-0023444,2226
2012,70,PHI,Mike Vick,QB,00-0020245,773
2012,71,PHI,DeSean Jackson,WR,00-0026189,4363
2012,72,CHI,Lance Briggs,LB,00-0022128,1383
2012,73,HOU,Johnathan Joseph,CB,00-0024239,2969
2012,74,BAL,Joe Flacco,QB,00-0026158,4332
2012,75,DAL,Jason Witten,TE,00-0022127,1384
2012,76,TB,Carl Nicks,G,00-0026304,4478
2012,77,CIN,A.J. Green,WR,00-0027942,6156
2012,78,KC,Derrick Johnson,LB,00-0023449,2232
2012,79,PHI,Nnamdi Asomugha,CB,00-0022077,1347
2012,80,GB,Jordy Nelson,WR,00-0026176,4350
2012,81,NE,Vince Wilfork,DI,00-0022712,1742
2012,82,CLE,Joe Thomas,T,00-0025390,3619
2012,83,BUF,Fred Jackson,HB,00-0024204,3368
2012,84,LA,Chris Long,ED,00-0026142,4316
2012,85,SF,NaVorro Bowman,LB,00-0027894,5615
2012,86,NO,Darren Sproles,HB,00-0023564,2347
2012,87,WAS,London Fletcher,LB,00-0005322,424
2012,88,ATL,Michael Turner,HB,00-0022821,1873
2012,89,IND,Dwight Freeney,ED,00-0021146,1019
2012,90,NYG,Hakeem Nicks,WR,00-0027005,4952
2012,91,DAL,Tony Romo,QB,00-0021678,1693
2012,92,GB,John Kuhn,FB,00-0022999,2686
2012,93,LA,Cortland Finnegan,CB,00-0024429,3160
2012,94,SEA,Marshawn Lynch,HB,00-0025399,3628
2012,95,NYJ,Tim Tebow,QB,00-0027876,5550
2012,96,CLE,D'Qwell Jackson,LB,00-0024249,2979
2012,97,TB,Donald Penn,T,00-0023894,3459
2012,98,DEN,Willis McGahee,HB,00-0022178,1339
2012,99,CAR,Ryan Kalil,C,00-0025446,3675
2012,100,TEN,Chris Johnson,HB,00-0026164,4338
2013,1,MIN,Adrian Peterson,HB,00-0025394,3623
2013,2,DEN,Peyton Manning,QB,00-0010346,327
2013,3,DET,Calvin Johnson,WR,00-0025389,3618
2013,4,NE,Tom Brady,QB,00-0019596,698
2013,5,HOU,J.J. Watt,ED,00-0027949,6163
2013,6,GB,Aaron Rodgers,QB,00-0023459,2241
2013,7,SF,Aldon Smith,ED,00-0027945,6159
2013,8,HOU,Arian Foster,HB,00-0026796,5398
2013,9,DEN,Von Miller,ED,00-0027940,6154
2013,10,SF,Patrick Willis,LB,00-0025398,3627
2013,11,NO,Drew Brees,QB,00-0020531,802
2013,12,DAL,DeMarcus Ware,ED,00-0023445,2228
2013,13,BAL,Ray Rice,HB,00-0026195,4369
2013,14,HOU,Andre Johnson,WR,00-0022044,1319
2013,15,WAS,Robert Griffin III,QB,00-0029665,7008
2013,16,CIN,A.J. Green,WR,00-0027942,6156
2013,17,ATL,Matt Ryan,QB,00-0026143,4317
2013,18,NYJ,Ed Reed,S,00-0021377,1031
2013,19,BAL,Joe Flacco,QB,00-0026158,4332
2013,20,KC,Jamaal Charles,HB,00-0026213,4387
2013,21,IND,Reggie Wayne,WR,00-0020498,800
2013,22,ARI,Larry Fitzgerald,WR,00-0022921,1724
2013,23,IND,Andrew Luck,QB,00-0029668,7007
2013,24,SEA,Marshawn Lynch,HB,00-0025399,3628
2013,25,NE,Rob Gronkowski,TE,00-0027656,5567
2013,26,ATL,Julio Jones,WR,00-0027944,6158
2013,27,CHI,Brandon Marshall,WR,00-0024334,3064
2013,28,CLE,Joe Thomas,T,00-0025390,3619
2013,29,SF,Justin Smith,DI,00-0020535,776
2013,30,NE,Vince Wilfork,DI,00-0022712,1742
2013,31,GB,Clay Matthews,ED,00-0027002,4949
2013,32,SF,Frank Gore,HB,00-0023500,2282
2013,33,ARI,Patrick Peterson,CB,00-0027943,6157
2013,34,CHI,Charles Tillman,CB,00-0022123,1351
2013,35,DAL,Dez Bryant,WR,00-0027902,5549
2013,36,CIN,Geno Atkins,DI,00-0027720,5643
2013,37,SF,NaVorro Bowman,LB,00-0027894,5615
2013,38,SF,Vernon Davis,TE,00-0024221,2951
2013,39,ATL,Roddy White,WR,00-0023462,2244
2013,40,DET,Ndamukong Suh,DI,00-0027855,5527
2013,41,DAL,Jason Witten,TE,00-0022127,1384
2013,42,BAL,Haloti Ngata,DI,00-0024227,2957
2013,43,NYG,Eli Manning,QB,00-0022803,1722
2013,44,DEN,Wes Welker,WR,00-0022427,2204
2013,45,PHI,LeSean McCoy,HB,00-0027029,4976
2013,46,CAR,Cam Newton,QB,00-0027939,6153
2013,47,ATL,Tony Gonzalez,TE,00-0006101,237
2013,48,HOU,Duane Brown,T,00-0026166,4340
2013,49,KC,Justin Houston,ED,00-0028008,6222
2013,50,SEA,Richard Sherman,CB,00-0028092,6306
2013,51,SEA,Russell Wilson,QB,00-0029263,7077
2013,52,TB,Vincent Jackson,WR,00-0023496,2278
2013,53,DEN,Champ Bailey,CB,00-0000585,442
2013,54,CHI,Julius Peppers,ED,00-0021140,1010
2013,55,NYG,Jason Pierre-Paul,ED,00-0027867,5540
2013,56,BAL,Terrell Suggs,ED,00-0022161,1326
2013,57,TB,Doug Martin,HB,00-0029613,7035
2013,58,NYG,Victor Cruz,WR,00-0027265,5827
2013,59,KC,Derrick Johnson,LB,00-0023449,2232
2013,60,MIN,Jared Allen,ED,00-0022740,1847
2013,61,PIT,Ben Roethlisberger,QB,00-0022924,1732
2013,62,TEN,Chris Johnson,HB,00-0026164,4338
2013,63,DET,Stephen Tulloch,LB,00-0024331,3061
2013,64,WAS,Alfred Morris,HB,00-0029141,7165
2013,65,KC,Dwayne Bowe,WR,00-0025410,3639
2013,66,SEA,Earl Thomas,S,00-0027866,5539
2013,67,TB,Darrelle Revis,CB,00-0025401,3630
2013,68,DEN,Demaryius Thomas,WR,00-0027874,5547
2013,69,CHI,Tim Jennings,CB,00-0024277,3007
2013,70,MIN,Chad Greenway,LB,00-0024232,2962
2013,71,IND,Trent Richardson,HB,00-0029675,7009
2013,72,BUF,Mario Williams,ED,00-0023750,2946
2013,73,LAC,Antonio Gates,TE,00-0021547,1609
2013,74,IND,Robert Mathis,ED,00-0022059,1447
2013,75,KC,Brandon Flowers,CB,00-0026175,4349
2013,76,DET,Matthew Stafford,QB,00-0026498,4924
2013,77,NE,Aaron Hernandez,TE,00-0027713,5637
2013,78,SF,Joe Staley,T,00-0025415,3644
2013,79,CAR,Luke Kuechly,LB,00-0029248,7015
2013,80,LAC,Dwight Freeney,ED,00-0021146,1019
2013,81,SF,Colin Kaepernick,QB,00-0027974,6188
2013,82,NE,Logan Mankins,G,00-0023467,2249
2013,83,CHI,Lance Briggs,LB,00-0022128,1383
2013,84,CAR,Steve Smith,WR,00-0020337,837
2013,85,LV,Charles Woodson,S,00-0018227,330
2013,86,WAS,London Fletcher,LB,00-0005322,424
2013,87,TEN,Bernard Pollard,S,00-0024269,2999
2013,88,BAL,Jacoby Jones,WR,00-0025460,3689
2013,89,MIA,Cameron Wake,ED,00-0023368,4907
2013,90,SEA,Percy Harvin,WR,00-0026998,4945
2013,91,PIT,Troy Polamalu,S,00-0022119,1332
2013,92,TB,Gerald McCoy,DI,00-0027856,5528
2013,93,SF,Anquan Boldin,WR,00-0022084,1369
2013,94,ARI,Daryl Washington,LB,00-0027886,5572
2013,95,SEA,Max Unger,C,00-0027025,4972
2013,96,TB,Dashon Goldson,S,00-0025513,3742
2013,97,PIT,Heath Miller,TE,00-0023465,2247
2013,98,JAX,Maurice Jones-Drew,HB,00-0024275,3005
2013,99,WAS,Trent Williams,T,00-0027857,5529
2013,100,BAL,Dennis Pitta,TE,00-0027714,5638
2014,1,DEN,Peyton Manning,QB,00-0010346,327
2014,2,DET,Calvin Johnson,WR,00-0025389,3618
2014,3,NE,Tom Brady,QB,00-0019596,698
2014,4,MIN,Adrian Peterson,HB,00-0025394,3623
2014,5,PHI,LeSean McCoy,HB,00-0027029,4976
2014,6,NO,Drew Brees,QB,00-0020531,802
2014,7,SEA,Richard Sherman,CB,00-0028092,6306
2014,8,KC,Jamaal Charles,HB,00-0026213,4387
2014,9,CIN,A.J. Green,WR,00-0027942,6156
2014,10,NO,Jimmy Graham,TE,00-0027696,5619
2014,11,GB,Aaron Rodgers,QB,00-0023459,2241
2014,12,HOU,J.J. Watt,ED,00-0027949,6163
2014,13,LA,Robert Quinn,ED,00-0027952,6166
2014,14,SEA,Marshawn Lynch,HB,00-0025399,3628
2014,15,CAR,Luke Kuechly,LB,00-0029248,7015
2014,16,CLE,Josh Gordon,WR,00-0029664,7618
2014,17,SEA,Earl Thomas,S,00-0027866,5539
2014,18,CLE,Joe Thomas,T,00-0025390,3619
2014,19,IND,Robert Mathis,ED,00-0022059,1447
2014,20,SEA,Russell Wilson,QB,00-0029263,7077
2014,21,HOU,Andre Johnson,WR,00-0022044,1319
2014,22,ARI,Patrick Peterson,CB,00-0027943,6157
2014,23,PIT,Antonio Brown,WR,00-0027793,5718
2014,24,CAR,Cam Newton,QB,00-0027939,6153
2014,25,DAL,Dez Bryant,WR,00-0027902,5549
2014,26,BAL,Terrell Suggs,ED,00-0022161,1326
2014,27,SF,Patrick Willis,LB,00-0025398,3627
2014,28,TB,Gerald McCoy,DI,00-0027856,5528
2014,29,BUF,Mario Williams,ED,00-0023750,2946
2014,30,IND,Andrew Luck,QB,00-0029668,7007
2014,31,PIT,Ben Roethlisberger,QB,00-0022924,1732
2014,32,BUF,Kyle Williams,DI,00-0024348,3079
2014,33,SF,Aldon Smith,ED,00-0027945,6159
2014,34,LAC,Philip Rivers,QB,00-0022942,1725
2014,35,TB,Lavonte David,LB,00-0029562,7060
2014,36,CHI,Brandon Marshall,WR,00-0024334,3064
2014,37,NE,Darrelle Revis,CB,00-0025401,3630
2014,38,ARI,Larry Fitzgerald,WR,00-0022921,1724
2014,39,CLE,Joe Haden,CB,00-0027860,5532
2014,40,DET,Ndamukong Suh,DI,00-0027855,5527
2014,41,NE,Rob Gronkowski,TE,00-0027656,5567
2014,42,NYJ,Muhammad Wilkerson,DI,00-0027968,6182
2014,43,KC,Tamba Hali,ED,00-0024235,2965
2014,44,TB,Vincent Jackson,WR,00-0023496,2278
2014,45,BAL,Haloti Ngata,DI,00-0024227,2957
2014,46,SF,Frank Gore,HB,00-0023500,2282
2014,47,SF,NaVorro Bowman,LB,00-0027894,5615
2014,48,CIN,Geno Atkins,DI,00-0027720,5643
2014,49,DEN,Demaryius Thomas,WR,00-0027874,5547
2014,50,KC,Eric Berry,S,00-0027858,5530
2014,51,SF,Vernon Davis,TE,00-0024221,2951
2014,52,CIN,Vontaze Burfict,LB,00-0028912,7280
2014,53,CAR,Greg Hardy,ED,00-0027774,5698
2014,54,CHI,Alshon Jeffery,WR,00-0029137,7048
2014,55,BAL,Marshal Yanda,G,00-0025473,3702
2014,56,DEN,DeMarcus Ware,ED,00-0023445,2228
2014,57,KC,Justin Houston,ED,00-0028008,6222
2014,58,BAL,Joe Flacco,QB,00-0026158,4332
2014,59,DET,DeAndre Levy,LB,00-0027050,4999
2014,60,WAS,Trent Williams,T,00-0027857,5529
2014,61,PIT,Troy Polamalu,S,00-0022119,1332
2014,62,BUF,Marcell Dareus,DI,00-0027941,6155
2014,63,WAS,DeSean Jackson,WR,00-0026189,4363
2014,64,KC,Derrick Johnson,LB,00-0023449,2232
2014,65,SEA,Kam Chancellor,S,00-0027733,5656
2014,66,MIA,Cameron Wake,ED,00-0023368,4907
2014,67,PHI,Jason Peters,T,00-0022531,2148
2014,68,CHI,Jared Allen,ED,00-0022740,1847
2014,69,SF,Justin Smith,DI,00-0020535,776
2014,70,PHI,Nick Foles,QB,00-0029567,7089
2014,71,DAL,Tony Romo,QB,00-0021678,1693
2014,72,NYG,Antrel Rolle,S,00-0023443,2225
2014,73,DEN,Wes Welker,WR,00-0022427,2204
2014,74,CHI,Tim Jennings,CB,00-0024277,3007
2014,75,SF,Joe Staley,T,00-0025415,3644
2014,76,DEN,Von Miller,ED,00-0027940,6154
2014,77,GB,Clay Matthews,ED,00-0027002,4949
2014,78,DAL,Tyron Smith,T,00-0027947,6161
2014,79,DEN,Aqib Talib,CB,00-0026160,4334
2014,80,WAS,Pierre Garcon,WR,00-0026345,4519
2014,81,SF,Colin Kaepernick,QB,00-0027974,6188
2014,82,DEN,T.J. Ward,S,00-0027653,5563
2014,83,GB,Jordy Nelson,WR,00-0026176,4350
2014,84,BUF,Kiko Alonso,LB,00-0030401,7827
2014,85,DET,Reggie Bush,HB,00-0024217,2947
2014,86,HOU,Duane Brown,T,00-0026166,4340
2014,87,DAL,DeMarco Murray,HB,00-0028009,6223
2014,88,PHI,Evan Mathis,G,00-0023514,2296
2014,89,MIA,Charles Clay,TE,00-0028112,6326
2014,90,GB,Eddie Lacy,HB,00-0030485,7842
2014,91,CHI,Matt Forte,HB,00-0026184,4358
2014,92,LAC,Eric Weddle,S,00-0025424,3653
2014,93,CAR,Ryan Kalil,C,00-0025446,3675
2014,94,NYJ,Sheldon Richardson,DI,00-0030573,7794
2014,95,MIA,Brent Grimes,CB,00-0024183,3589
2014,96,ARI,Daryl Washington,LB,00-0027886,5572
2014,97,DEN,Louis Vasquez,G,00-0027052,5001
2014,98,DAL,Jason Witten,TE,00-0022127,1384
2014,99,NO,Cameron Jordan,ED,00-0027962,6176
2014,100,DET,Matthew Stafford,QB,00-0026498,4924
2015,1,HOU,J.J. Watt,ED,00-0027949,6163
2015,2,GB,Aaron Rodgers,QB,00-0023459,2241
2015,3,NE,Tom Brady,QB,00-0019596,698
2015,4,PHI,DeMarco Murray,HB,00-0028009,6223
2015,5,DEN,Peyton Manning,QB,00-0010346,327
2015,6,DET,Calvin Johnson,WR,00-0025389,3618
2015,7,IND,Andrew Luck,QB,00-0029668,7007
2015,8,PIT,Antonio Brown,WR,00-0027793,5718
2015,9,SEA,Marshawn Lynch,HB,00-0025399,3628
2015,10,NE,Rob Gronkowski,TE,00-0027656,5567
2015,11,SEA,Richard Sherman,CB,00-0028092,6306
2015,12,KC,Jamaal Charles,HB,00-0026213,4387
2015,13,ATL,Julio Jones,WR,00-0027944,6158
2015,14,CAR,Luke Kuechly,LB,00-0029248,7015
2015,15,DAL,Dez Bryant,WR,00-0027902,5549
2015,16,PIT,Le'Veon Bell,HB,00-0030496,7829
2015,17,NYJ,Darrelle Revis,CB,00-0025401,3630
2015,18,GB,Jordy Nelson,WR,00-0026176,4350
2015,19,ARI,Patrick Peterson,CB,00-0027943,6157
2015,20,DEN,Demaryius Thomas,WR,00-0027874,5547
2015,21,SEA,Earl Thomas,S,00-0027866,5539
2015,22,SEA,Russell Wilson,QB,00-0029263,7077
2015,23,CLE,Joe Haden,CB,00-0027860,5532
2015,24,MIA,Ndamukong Suh,DI,00-0027855,5527
2015,25,CLE,Joe Thomas,T,00-0025390,3619
2015,26,PIT,Ben Roethlisberger,QB,00-0022924,1732
2015,27,KC,Justin Houston,ED,00-0028008,6222
2015,28,TB,Gerald McCoy,DI,00-0027856,5528
2015,29,BUF,LeSean McCoy,HB,00-0027029,4976
2015,30,NO,Drew Brees,QB,00-0020531,802
2015,31,SEA,Jimmy Graham,TE,00-0027696,5619
2015,32,NYG,Odell Beckham,WR,00-0031235,8647
2015,33,DEN,Von Miller,ED,00-0027940,6154
2015,34,DAL,Tony Romo,QB,00-0021678,1693
2015,35,IND,T.Y. Hilton,WR,00-0029608,7092
2015,36,DAL,Tyron Smith,T,00-0027947,6161
2015,37,CIN,A.J. Green,WR,00-0027942,6156
2015,38,MIA,Brent Grimes,CB,00-0024183,3589
2015,39,MIA,Cameron Wake,ED,00-0023368,4907
2015,40,PHI,Jason Peters,T,00-0022531,2148
2015,41,SEA,Kam Chancellor,S,00-0027733,5656
2015,42,BUF,Mario Williams,ED,00-0023750,2946
2015,43,LAC,Philip Rivers,QB,00-0022942,1725
2015,44,LA,Robert Quinn,ED,00-0027952,6166
2015,45,JAX,Julius Thomas,TE,00-0028067,6281
2015,46,BAL,Elvis Dumervil,ED,00-0024341,3071
2015,47,WAS,Trent Williams,T,00-0027857,5529
2015,48,CHI,Matt Forte,HB,00-0026184,4358
2015,49,LV,Khalil Mack,ED,00-0031040,8640
2015,50,WAS,DeSean Jackson,WR,00-0026189,4363
2015,51,GB,Clay Matthews,ED,00-0027002,4949
2015,52,LAC,Antonio Gates,TE,00-0021547,1609
2015,53,BUF,Marcell Dareus,DI,00-0027941,6155
2015,54,BAL,Steve Smith,WR,00-0020337,837
2015,55,NYJ,Sheldon Richardson,DI,00-0030573,7794
2015,56,TB,Lavonte David,LB,00-0029562,7060
2015,57,NYJ,Brandon Marshall,WR,00-0024334,3064
2015,58,PHI,Connor Barwin,ED,00-0027022,4969
2015,59,IND,Vontae Davis,CB,00-0027001,4948
2015,60,GB,Eddie Lacy,HB,00-0030485,7842
2015,61,KC,Jeremy Maclin,WR,00-0026995,4942
2015,62,MIN,Adrian Peterson,HB,00-0025394,3623
2015,63,BUF,Jerry Hughes,ED,00-0027881,5556
2015,64,LV,Charles Woodson,S,00-0018227,330
2015,65,BAL,Justin Forsett,HB,00-0026373,4547
2015,66,DET,DeAndre Levy,LB,00-0027050,4999
2015,67,CLE,Tashaun Gipson,S,00-0028924,7288
2015,68,ARI,Larry Fitzgerald,WR,00-0022921,1724
2015,69,SEA,Bobby Wagner,LB,00-0029255,7050
2015,70,KC,Tamba Hali,ED,00-0024235,2965
2015,71,GB,Julius Peppers,ED,00-0021140,1010
2015,72,BUF,Kyle Williams,DI,00-0024348,3079
2015,73,CAR,Cam Newton,QB,00-0027939,6153
2015,74,NYJ,Muhammad Wilkerson,DI,00-0027968,6182
2015,75,TB,Mike Evans,WR,00-0031408,8642
2015,76,JAX,Sen'Derrick Marks,DI,00-0027038,4985
2015,77,ATL,Matt Ryan,QB,00-0026143,4317
2015,78,WAS,Ryan Kerrigan,ED,00-0027954,6168
2015,79,BAL,Marshal Yanda,G,00-0025473,3702
2015,80,HOU,Arian Foster,HB,00-0026796,5398
2015,81,PHI,Darren Sproles,HB,00-0023564,2347
2015,82,DET,Haloti Ngata,DI,00-0024227,2957
2015,83,PIT,Maurkice Pouncey,C,00-0027870,5543
2015,84,BAL,Terrell Suggs,ED,00-0022161,1326
2015,85,DET,Golden Tate,WR,00-0027891,5585
2015,86,LAC,Eric Weddle,S,00-0025424,3653
2015,87,DEN,DeMarcus Ware,ED,00-0023445,2228
2015,88,DET,Glover Quin,S,00-0027081,5035
2015,89,CAR,Greg Olsen,TE,00-0025418,3647
2015,90,SEA,Michael Bennett,DI,00-0026618,5273
2015,91,NE,Julian Edelman,WR,00-0027150,5156
2015,92,LA,Aaron Donald,DI,00-0031388,8648
2015,93,DAL,Jason Witten,TE,00-0022127,1384
2015,94,BAL,C.J. Mosley,LB,00-0031296,8652
2015,95,DEN,Emmanuel Sanders,WR,00-0027685,5606
2015,96,TEN,Jurrell Casey,DI,00-0028015,6229
2015,97,BAL,Joe Flacco,QB,00-0026158,4332
2015,98,IND,Adam Vinatieri,K,00-0016919,226
2015,99,ARI,Calais Campbell,DI,00-0026190,4364
2015,100,GB,Randall Cobb,WR,00-0028002,6216
2016,1,CAR,Cam Newton,QB,00-0027939,6153
2016,2,NE,Tom Brady,QB,00-0019596,698
2016,3,HOU,J.J. Watt,ED,00-0027949,6163
2016,4,PIT,Antonio Brown,WR,00-0027793,5718
2016,5,MIN,Adrian Peterson,HB,00-0025394,3623
2016,6,GB,Aaron Rodgers,QB,00-0023459,2241
2016,7,CAR,Luke Kuechly,LB,00-0029248,7015
2016,8,ATL,Julio Jones,WR,00-0027944,6158
2016,9,NE,Rob Gronkowski,TE,00-0027656,5567
2016,10,NYG,Odell Beckham,WR,00-0031235,8647
2016,11,WAS,Josh Norman,CB,00-0029285,7649
2016,12,ARI,Carson Palmer,QB,00-0021429,1317
2016,13,LV,Khalil Mack,ED,00-0031040,8640
2016,14,LA,Aaron Donald,DI,00-0031388,8648
2016,15,DEN,Von Miller,ED,00-0027940,6154
2016,16,CIN,A.J. Green,WR,00-0027942,6156
2016,17,SEA,Russell Wilson,QB,00-0029263,7077
2016,18,ARI,Patrick Peterson,CB,00-0027943,6157
2016,19,HOU,DeAndre Hopkins,WR,00-0030564,7808
2016,20,SEA,Richard Sherman,CB,00-0028092,6306
2016,21,PIT,Ben Roethlisberger,QB,00-0022924,1732
2016,22,LA,Todd Gurley,HB,00-0032241,9443
2016,23,CLE,Joe Thomas,T,00-0025390,3619
2016,24,NYJ,Darrelle Revis,CB,00-0025401,3630
2016,25,NYJ,Brandon Marshall,WR,00-0024334,3064
2016,26,KC,Justin Houston,ED,00-0028008,6222
2016,27,ARI,Larry Fitzgerald,WR,00-0022921,1724
2016,28,ARI,Tyrann Mathieu,S,00-0030459,7850
2016,29,CIN,Geno Atkins,DI,00-0027720,5643
2016,30,NO,Drew Brees,QB,00-0020531,802
2016,31,JAX,Allen Robinson,WR,00-0031428,8696
2016,32,SEA,Kam Chancellor,S,00-0027733,5656
2016,33,TB,Doug Martin,HB,00-0029613,7035
2016,34,DEN,Aqib Talib,CB,00-0026160,4334
2016,35,CIN,Andy Dalton,QB,00-0027973,6187
2016,36,DEN,DeMarcus Ware,ED,00-0023445,2228
2016,37,BAL,Marshal Yanda,G,00-0025473,3702
2016,38,CAR,Greg Olsen,TE,00-0025418,3647
2016,39,NYJ,Muhammad Wilkerson,DI,00-0027968,6182
2016,40,MIA,Ndamukong Suh,DI,00-0027855,5527
2016,41,PIT,Le'Veon Bell,HB,00-0030496,7829
2016,42,DAL,Tyron Smith,T,00-0027947,6161
2016,43,DET,Ezekiel Ansah,ED,00-0030059,8094
2016,44,CIN,Tyler Eifert,TE,00-0030549,7802
2016,45,WAS,Trent Williams,T,00-0027857,5529
2016,46,LAC,Philip Rivers,QB,00-0022942,1725
2016,47,NYG,Eli Manning,QB,00-0022803,1722
2016,48,ARI,Chandler Jones,ED,00-0029585,7027
2016,49,PHI,Fletcher Cox,DI,00-0029653,7018
2016,50,ATL,Devonta Freeman,HB,00-0031285,8738
2016,51,DAL,Dez Bryant,WR,00-0027902,5549
2016,52,DEN,Chris Harris,CB,00-0028224,6457
2016,53,TB,Lavonte David,LB,00-0029562,7060
2016,54,CAR,Thomas Davis,LB,00-0023448,2231
2016,55,KC,Eric Berry,S,00-0027858,5530
2016,56,JAX,Blake Bortles,QB,00-0031407,8638
2016,57,GB,Clay Matthews,ED,00-0027002,4949
2016,58,CAR,Kawann Short,DI,00-0030448,7825
2016,59,SEA,Michael Bennett,DI,00-0026618,5273
2016,60,LV,Reggie Nelson,S,00-0025408,3637
2016,61,SF,NaVorro Bowman,LB,00-0027894,5615
2016,62,DEN,Demaryius Thomas,WR,00-0027874,5547
2016,63,TB,Gerald McCoy,DI,00-0027856,5528
2016,64,MIA,Reshad Jones,S,00-0027762,5686
2016,65,KC,Marcus Peters,CB,00-0032165,9451
2016,66,SEA,Earl Thomas,S,00-0027866,5539
2016,67,CIN,Andrew Whitworth,T,00-0024270,3000
2016,68,DEN,T.J. Ward,S,00-0027653,5563
2016,69,BUF,LeSean McCoy,HB,00-0027029,4976
2016,70,CIN,Carlos Dunlap,ED,00-0027662,5579
2016,71,ARI,Calais Campbell,DI,00-0026190,4364
2016,72,SEA,Doug Baldwin,WR,00-0028434,6615
2016,73,MIN,Harrison Smith,S,00-0029606,7641
2016,74,DEN,Emmanuel Sanders,WR,00-0027685,5606
2016,75,KC,Jamaal Charles,HB,00-0026213,4387
2016,76,MIN,Linval Joseph,DI,00-0027885,5571
2016,77,WAS,Jordan Reed,TE,00-0030472,7866
2016,78,JAX,Chris Ivory,HB,00-0027531,6007
2016,79,CAR,Ryan Kalil,C,00-0025446,3675
2016,80,KC,Derrick Johnson,LB,00-0023449,2232
2016,81,KC,Alex Smith,QB,00-0023436,2218
2016,82,TEN,Delanie Walker,TE,00-0024389,3120
2016,83,JAX,Telvin Smith,LB,00-0031309,8779
2016,84,KC,Tamba Hali,ED,00-0024235,2965
2016,85,WAS,Kirk Cousins,QB,00-0029604,7102
2016,86,CAR,Jonathan Stewart,HB,00-0026153,4327
2016,87,NE,Julian Edelman,WR,00-0027150,5156
2016,88,PIT,Cameron Heyward,DI,00-0027969,6183
2016,89,JAX,Allen Hurns,WR,00-0030821,8931
2016,90,NYJ,Matt Forte,HB,00-0026184,4358
2016,91,KC,Travis Kelce,TE,00-0030506,7844
2016,92,IND,Andrew Luck,QB,00-0029668,7007
2016,93,KC,Jeremy Maclin,WR,00-0026995,4942
2016,94,CLE,Gary Barnidge,TE,00-0026281,4455
2016,95,GB,Mike Daniels,DI,00-0029284,7132
2016,96,BUF,Sammy Watkins,WR,00-0031325,8639
2016,97,BUF,Richie Incognito,G,00-0023516,2298
2016,98,MIA,Jarvis Landry,WR,00-0031382,8698
2016,99,NO,Cameron Jordan,ED,00-0027962,6176
2016,100,LV,Derek Carr,QB,00-0031280,8671
2017,1,NE,Tom Brady,QB,00-0019596,698
2017,2,DEN,Von Miller,ED,00-0027940,6154
2017,3,ATL,Julio Jones,WR,00-0027944,6158
2017,4,PIT,Antonio Brown,WR,00-0027793,5718
2017,5,LV,Khalil Mack,ED,00-0031040,8640
2017,6,GB,Aaron Rodgers,QB,00-0023459,2241
2017,7,DAL,Ezekiel Elliott,HB,00-0033045,10638
2017,8,NYG,Odell Beckham,WR,00-0031235,8647
2017,9,PIT,Le'Veon Bell,HB,00-0030496,7829
2017,10,ATL,Matt Ryan,QB,00-0026143,4317
2017,11,LV,Derek Carr,QB,00-0031280,8671
2017,12,ARI,David Johnson,HB,00-0032187,9519
2017,13,KC,Eric Berry,S,00-0027858,5530
2017,14,DAL,Dak Prescott,QB,00-0033077,10769
2017,15,LA,Aaron Donald,DI,00-0031388,8648
2017,16,NO,Drew Brees,QB,00-0020531,802
2017,17,CIN,A.J. Green,WR,00-0027942,6156
2017,18,DAL,Tyron Smith,T,00-0027947,6161
2017,19,ARI,Patrick Peterson,CB,00-0027943,6157
2017,20,CAR,Luke Kuechly,LB,00-0029248,7015
2017,21,SEA,Richard Sherman,CB,00-0028092,6306
2017,22,PIT,Ben Roethlisberger,QB,00-0022924,1732
2017,23,NE,Rob Gronkowski,TE,00-0027656,5567
2017,24,SEA,Russell Wilson,QB,00-0029263,7077
2017,25,CLE,Joe Thomas,T,00-0025390,3619
2017,26,KC,Travis Kelce,TE,00-0030506,7844
2017,27,BUF,LeSean McCoy,HB,00-0027029,4976
2017,28,NYG,Landon Collins,S,00-0032262,9466
2017,29,TB,Mike Evans,WR,00-0031408,8642
2017,30,SEA,Earl Thomas,S,00-0027866,5539
2017,31,DET,Matthew Stafford,QB,00-0026498,4924
2017,32,KC,Marcus Peters,CB,00-0032165,9451
2017,33,TEN,DeMarco Murray,HB,00-0028009,6223
2017,34,SEA,Kam Chancellor,S,00-0027733,5656
2017,35,HOU,J.J. Watt,ED,00-0027949,6163
2017,36,KC,Tyreek Hill,WR,00-0033040,10799
2017,37,DEN,Aqib Talib,CB,00-0026160,4334
2017,38,PHI,Fletcher Cox,DI,00-0029653,7018
2017,39,SEA,Bobby Wagner,LB,00-0029255,7050
2017,40,ATL,Vic Beasley,ED,00-0032240,9441
2017,41,ATL,Devonta Freeman,HB,00-0031285,8738
2017,42,MIA,Jarvis Landry,WR,00-0031382,8698
2017,43,BAL,Marshal Yanda,G,00-0025473,3702
2017,44,CAR,Cam Newton,QB,00-0027939,6153
2017,45,ARI,Larry Fitzgerald,WR,00-0022921,1724
2017,46,SEA,Michael Bennett,DI,00-0026618,5273
2017,47,WAS,Trent Williams,T,00-0027857,5529
2017,48,GB,Jordy Nelson,WR,00-0026176,4350
2017,49,HOU,Jadeveon Clowney,ED,00-0031364,8636
2017,50,TEN,Marcus Mariota,QB,00-0032268,9435
2017,51,IND,Andrew Luck,QB,00-0029668,7007
2017,52,TB,Gerald McCoy,DI,00-0027856,5528
2017,53,LV,Amari Cooper,WR,00-0031544,9437
2017,54,NYG,Janoris Jenkins,CB,00-0029681,7043
2017,55,MIA,Ndamukong Suh,DI,00-0027855,5527
2017,56,SEA,Cliff Avril,ED,00-0026232,4406
2017,57,TB,Jameis Winston,QB,00-0031503,9434
2017,58,DAL,Zack Martin,G,00-0031402,8651
2017,59,WAS,Josh Norman,CB,00-0029285,7649
2017,60,DAL,Dez Bryant,WR,00-0027902,5549
2017,61,IND,T.Y. Hilton,WR,00-0029608,7092
2017,62,MIA,Cameron Wake,ED,00-0023368,4907
2017,63,DEN,Chris Harris,CB,00-0028224,6457
2017,64,LAC,Casey Hayward,CB,00-0029261,7064
2017,65,WAS,Jordan Reed,TE,00-0030472,7866
2017,66,MIN,Xavier Rhodes,CB,00-0030575,7806
2017,67,CAR,Greg Olsen,TE,00-0025418,3647
2017,68,CIN,Geno Atkins,DI,00-0027720,5643
2017,69,PHI,Jay Ajayi,HB,00-0031590,9582
2017,70,WAS,Kirk Cousins,QB,00-0029604,7102
2017,71,NE,Julian Edelman,WR,00-0027150,5156
2017,72,TEN,Taylor Lewan,T,00-0031442,8646
2017,73,LAC,Philip Rivers,QB,00-0022942,1725
2017,74,MIN,Harrison Smith,S,00-0029606,7641
2017,75,TEN,Delanie Walker,TE,00-0024389,3120
2017,76,KC,Justin Houston,ED,00-0028008,6222
2017,77,GB,Ha Ha Clinton-Dix,S,00-0031333,8656
2017,78,TEN,Brian Orakpo,ED,00-0026989,4936
2017,79,DAL,Sean Lee,LB,00-0027663,5580
2017,80,PHI,LeGarrette Blount,HB,00-0027325,5863
2017,81,KC,Alex Smith,QB,00-0023436,2218
2017,82,GB,Clay Matthews,ED,00-0027002,4949
2017,83,JAX,Calais Campbell,DI,00-0026190,4364
2017,84,GB,Mike Daniels,DI,00-0029284,7132
2017,85,ARI,Chandler Jones,ED,00-0029585,7027
2017,86,TEN,Jurrell Casey,DI,00-0028015,6229
2017,87,DAL,Travis Frederick,C,00-0030546,7812
2017,88,SEA,Doug Baldwin,WR,00-0028434,6615
2017,89,CAR,Thomas Davis,LB,00-0023448,2231
2017,90,PHI,Malcolm Jenkins,S,00-0026990,4937
2017,91,BUF,Lorenzo Alexander,ED,00-0023259,2476
2017,92,MIN,Everson Griffen,ED,00-0027701,5624
2017,93,PHI,Brandon Graham,ED,00-0027865,5538
2017,94,NE,Dont'a Hightower,LB,00-0029669,7030
2017,95,LV,Kelechi Osemele,G,00-0029259,7062
2017,96,NYG,Damon Harrison,DI,00-0029040,7355
2017,97,PIT,David DeCastro,G,00-0029678,7640
2017,98,ARI,Adrian Peterson,HB,00-0025394,3623
2017,99,NE,Malcolm Butler,CB,00-0031218,9040
2017,100,LAC,Joey Bosa,ED,00-0033156,10637
2018,1,NE,Tom Brady,QB,00-0019596,698
2018,2,PIT,Antonio Brown,WR,00-0027793,5718
2018,3,PHI,Carson Wentz,QB,00-0032950,10636
2018,4,ATL,Julio Jones,WR,00-0027944,6158
2018,5,PIT,Le'Veon Bell,HB,00-0030496,7829
2018,6,LA,Todd Gurley,HB,00-0032241,9443
2018,7,LA,Aaron Donald,DI,00-0031388,8648
2018,8,NO,Drew Brees,QB,00-0020531,802
2018,9,DEN,Von Miller,ED,00-0027940,6154
2018,10,GB,Aaron Rodgers,QB,00-0023459,2241
2018,11,SEA,Russell Wilson,QB,00-0029263,7077
2018,12,CAR,Luke Kuechly,LB,00-0029248,7015
2018,13,HOU,DeAndre Hopkins,WR,00-0030564,7808
2018,14,JAX,Calais Campbell,DI,00-0026190,4364
2018,15,NE,Rob Gronkowski,TE,00-0027656,5567
2018,16,CHI,Khalil Mack,ED,00-0031040,8640
2018,17,JAX,Jalen Ramsey,CB,00-0033055,10639
2018,18,PIT,Ben Roethlisberger,QB,00-0022924,1732
2018,19,MIN,Everson Griffen,ED,00-0027701,5624
2018,20,NO,Alvin Kamara,HB,00-0033906,11822
2018,21,SEA,Bobby Wagner,LB,00-0029255,7050
2018,22,CIN,A.J. Green,WR,00-0027942,6156
2018,23,ARI,Patrick Peterson,CB,00-0027943,6157
2018,24,KC,Travis Kelce,TE,00-0030506,7844
2018,25,CAR,Cam Newton,QB,00-0027939,6153
2018,26,NO,Cameron Jordan,ED,00-0027962,6176
2018,27,ARI,Larry Fitzgerald,WR,00-0022921,1724
2018,28,ARI,Chandler Jones,ED,00-0029585,7027
2018,29,ATL,Matt Ryan,QB,00-0026143,4317
2018,30,BUF,LeSean McCoy,HB,00-0027029,4976
2018,31,DET,Matthew Stafford,QB,00-0026498,4924
2018,32,HOU,Jadeveon Clowney,ED,00-0031364,8636
2018,33,KC,Kareem Hunt,HB,00-0033923,11841
2018,34,DAL,Demarcus Lawrence,ED,00-0031411,8669
2018,35,JAX,A.J. Bouye,CB,00-0030228,8110
2018,36,MIN,Adam Thielen,WR,00-0030035,8288
2018,37,LAC,Joey Bosa,ED,00-0033156,10637
2018,38,LA,Jared Goff,QB,00-0033106,10635
2018,39,DAL,Tyron Smith,T,00-0027947,6161
2018,40,KC,Tyreek Hill,WR,00-0033040,10799
2018,41,LAC,Keenan Allen,WR,00-0030279,7857
2018,42,SEA,Earl Thomas,S,00-0027866,5539
2018,43,NO,Mark Ingram,HB,00-0027966,6180
2018,44,PIT,David DeCastro,G,00-0029678,7640
2018,45,GB,Davante Adams,WR,00-0031381,8688
2018,46,MIN,Harrison Smith,S,00-0029606,7641
2018,47,PIT,Ryan Shazier,LB,00-0031365,8650
2018,48,PIT,Cameron Heyward,DI,00-0027969,6183
2018,49,DET,Darius Slay,CB,00-0030062,7817
2018,50,HOU,Deshaun Watson,QB,00-0033537,11767
2018,51,DEN,Case Keenum,QB,00-0028986,7323
2018,52,CLE,Jarvis Landry,WR,00-0031382,8698
2018,53,LA,Aqib Talib,CB,00-0026160,4334
2018,54,DAL,Ezekiel Elliott,HB,00-0033045,10638
2018,55,MIN,Xavier Rhodes,CB,00-0030575,7806
2018,56,LAC,Philip Rivers,QB,00-0022942,1725
2018,57,WAS,Trent Williams,T,00-0027857,5529
2018,58,JAX,Leonard Fournette,HB,00-0033856,11759
2018,59,LAC,Casey Hayward,CB,00-0029261,7064
2018,60,LV,Derek Carr,QB,00-0031280,8671
2018,61,LA,Ndamukong Suh,DI,00-0027855,5527
2018,62,BUF,Micah Hyde,S,00-0030090,7941
2018,63,CIN,Geno Atkins,DI,00-0027720,5643
2018,64,SF,Richard Sherman,CB,00-0028092,6306
2018,65,MIN,Stefon Diggs,WR,00-0031588,9579
2018,66,TEN,Jurrell Casey,DI,00-0028015,6229
2018,67,JAX,Telvin Smith,LB,00-0031309,8779
2018,68,PHI,Zach Ertz,TE,00-0030061,7816
2018,69,PHI,Fletcher Cox,DI,00-0029653,7018
2018,70,ATL,Devonta Freeman,HB,00-0031285,8738
2018,71,DAL,Zack Martin,G,00-0031402,8651
2018,72,TEN,Delanie Walker,TE,00-0024389,3120
2018,73,CAR,Thomas Davis,LB,00-0023448,2231
2018,74,MIA,Cameron Wake,ED,00-0023368,4907
2018,75,SEA,Kam Chancellor,S,00-0027733,5656
2018,76,LAC,Melvin Ingram,ED,00-0029249,7024
2018,77,NYG,Odell Beckham,WR,00-0031235,8647
2018,78,TEN,Taylor Lewan,T,00-0031442,8646
2018,79,LA,Marcus Peters,CB,00-0032165,9451
2018,80,TEN,Kevin Byard,S,00-0033132,10698
2018,81,NO,Michael Thomas,WR,00-0032765,10681
2018,82,NO,Marshon Lattimore,CB,00-0033874,11766
2018,83,MIN,Linval Joseph,DI,00-0027885,5571
2018,84,HOU,J.J. Watt,ED,00-0027949,6163
2018,85,ATL,Bruce Irvin,ED,00-0029193,7021
2018,86,DEN,Chris Harris,CB,00-0028224,6457
2018,87,LA,Andrew Whitworth,T,00-0024270,3000
2018,88,JAX,Yannick Ngakoue,ED,00-0033123,10703
2018,89,GB,Jimmy Graham,TE,00-0027696,5619
2018,90,SF,Jimmy Garoppolo,QB,00-0031345,8697
2018,91,GB,David Bakhtiari,T,00-0030074,7891
2018,92,NYG,Landon Collins,S,00-0032262,9466
2018,93,GB,Mike Daniels,DI,00-0029284,7132
2018,94,MIN,Kirk Cousins,QB,00-0029604,7102
2018,95,PHI,Lane Johnson,T,00-0030561,7786
2018,96,PHI,Malcolm Jenkins,S,00-0026990,4937
2018,97,JAX,Carlos Hyde,HB,00-0031045,8692
2018,98,BAL,C.J. Mosley,LB,00-0031296,8652
2018,99,SEA,Doug Baldwin,WR,00-0028434,6615
2018,100,WAS,Ha Ha Clinton-Dix,S,00-0031333,8656
2019,1,LA,Aaron Donald,DI,00-0031388,8648
2019,2,NO,Drew Brees,QB,00-0020531,802
2019,3,CHI,Khalil Mack,ED,00-0031040,8640
2019,4,KC,Patrick Mahomes,QB,00-0033873,11765
2019,5,LA,Todd Gurley,HB,00-0032241,9443
2019,6,NE,Tom Brady,QB,00-0019596,698
2019,7,NE,Antonio Brown,WR,00-0027793,5718
2019,8,GB,Aaron Rodgers,QB,00-0023459,2241
2019,9,ATL,Julio Jones,WR,00-0027944,6158
2019,10,DEN,Von Miller,ED,00-0027940,6154
2019,11,HOU,DeAndre Hopkins,WR,00-0030564,7808
2019,12,HOU,J.J. Watt,ED,00-0027949,6163
2019,13,NO,Michael Thomas,WR,00-0032765,10681
2019,14,NO,Alvin Kamara,HB,00-0033906,11822
2019,15,SEA,Bobby Wagner,LB,00-0029255,7050
2019,16,NYG,Saquon Barkley,HB,00-0034844,45791
2019,17,LAC,Philip Rivers,QB,00-0022942,1725
2019,18,DAL,Ezekiel Elliott,HB,00-0033045,10638
2019,19,KC,Tyreek Hill,WR,00-0033040,10799
2019,20,IND,Andrew Luck,QB,00-0029668,7007
2019,21,KC,Travis Kelce,TE,00-0030506,7844
2019,22,NE,Stephon Gilmore,CB,00-0029542,7016
2019,23,CLE,Odell Beckham,WR,00-0031235,8647
2019,24,CAR,Luke Kuechly,LB,00-0029248,7015
2019,25,SEA,Russell Wilson,QB,00-0029263,7077
2019,26,IND,Darius Leonard,LB,00-0034846,49684
2019,27,LA,Jalen Ramsey,CB,00-0033055,10639
2019,28,PHI,Fletcher Cox,DI,00-0029653,7018
2019,29,SF,George Kittle,TE,00-0033288,11901
2019,30,CHI,Eddie Jackson,S,00-0033784,11867
2019,31,LAC,Derwin James,S,00-0034790,51368
2019,32,LA,Jared Goff,QB,00-0033106,10635
2019,33,MIN,Adam Thielen,WR,00-0030035,8288
2019,34,LAC,Melvin Gordon,HB,00-0032144,9448
2019,35,GB,Davante Adams,WR,00-0031381,8688
2019,36,KC,Chris Jones,DI,00-0032762,10671
2019,37,NYJ,Jamal Adams,S,00-0033872,11761
2019,38,LAC,Keenan Allen,WR,00-0030279,7857
2019,39,CHI,Akiem Hicks,DI,00-0029657,7090
2019,40,PHI,Zach Ertz,TE,00-0030061,7816
2019,41,NO,Cameron Jordan,ED,00-0027962,6176
2019,42,CAR,Christian McCaffrey,HB,00-0033280,11763
2019,43,GB,David Bakhtiari,T,00-0030074,7891
2019,44,PIT,Ben Roethlisberger,QB,00-0022924,1732
2019,45,DAL,Demarcus Lawrence,ED,00-0031411,8669
2019,46,ARI,Patrick Peterson,CB,00-0027943,6157
2019,47,PIT,JuJu Smith-Schuster,WR,00-0033857,11817
2019,48,LAC,Melvin Ingram,ED,00-0029249,7024
2019,49,CLE,Myles Garrett,ED,00-0033868,11756
2019,50,CLE,Baker Mayfield,QB,00-0034855,46518
2019,51,HOU,Deshaun Watson,QB,00-0033537,11767
2019,52,DAL,Tyron Smith,T,00-0027947,6161
2019,53,TB,Mike Evans,WR,00-0031408,8642
2019,54,JAX,Calais Campbell,DI,00-0026190,4364
2019,55,MIA,Xavien Howard,CB,00-0033050,10672
2019,56,LAC,Joey Bosa,ED,00-0033156,10637
2019,57,MIN,Danielle Hunter,ED,00-0031565,9521
2019,58,CIN,A.J. Green,WR,00-0027942,6156
2019,59,DAL,Zack Martin,G,00-0031402,8651
2019,60,ARI,Larry Fitzgerald,WR,00-0022921,1724
2019,61,DAL,Jaylon Smith,LB,00-0033052,10668
2019,62,PIT,James Conner,HB,00-0033553,11860
2019,63,SEA,Jadeveon Clowney,ED,00-0031364,8636
2019,64,DAL,Amari Cooper,WR,00-0031544,9437
2019,65,TB,Jason Pierre-Paul,ED,00-0027867,5540
2019,66,IND,Eric Ebron,TE,00-0031387,8645
2019,67,SF,Dee Ford,ED,00-0031297,8658
2019,68,DEN,Phillip Lindsay,HB,00-0034109,12660
2019,69,ATL,Matt Ryan,QB,00-0026143,4317
2019,70,IND,T.Y. Hilton,WR,00-0029608,7092
2019,71,NYJ,C.J. Mosley,LB,00-0031296,8652
2019,72,PHI,Jason Kelce,C,00-0028129,6343
2019,73,MIN,Stefon Diggs,WR,00-0031588,9579
2019,74,DAL,Leighton Vander Esch,LB,00-0034674,50950
2019,75,CAR,Gerald McCoy,DI,00-0027856,5528
2019,76,LA,Robert Woods,WR,00-0030431,7822
2019,77,TEN,Taylor Lewan,T,00-0031442,8646
2019,78,MIN,Kirk Cousins,QB,00-0029604,7102
2019,79,CIN,Geno Atkins,DI,00-0027720,5643
2019,80,BAL,Mark Ingram,HB,00-0027966,6180
2019,81,WAS,Trent Williams,T,00-0027857,5529
2019,82,DEN,Bradley Chubb,ED,00-0034832,48526
2019,83,MIN,Harrison Smith,S,00-0029606,7641
2019,84,CLE,Jarvis Landry,WR,00-0031382,8698
2019,85,KC,Frank Clark,ED,00-0032210,9496
2019,86,DET,Darius Slay,CB,00-0030062,7817
2019,87,CAR,Cam Newton,QB,00-0027939,6153
2019,88,PIT,Cameron Heyward,DI,00-0027969,6183
2019,89,NE,Devin McCourty,S,00-0027647,5552
2019,90,NE,Julian Edelman,WR,00-0027150,5156
2019,91,LA,Andrew Whitworth,T,00-0024270,3000
2019,92,TEN,Jurrell Casey,DI,00-0028015,6229
2019,93,PIT,T.J. Watt,ED,00-0033886,11785
2019,94,KC,Mitchell Schwartz,T,00-0029253,7041
2019,95,CHI,Kyle Fuller,CB,00-0031041,8649
2019,96,PHI,Carson Wentz,QB,00-0032950,10636
2019,97,DAL,Byron Jones,CB,00-0032239,9460
2019,98,SEA,Tyler Lockett,WR,00-0032211,9502
2019,99,TEN,Derrick Henry,HB,00-0032764,10679
2019,100,LA,Eric Weddle,S,00-0025424,3653
2020,1,BAL,Lamar Jackson,QB,00-0034796,46416
2020,2,SEA,Russell Wilson,QB,00-0029263,7077
2020,3,LA,Aaron Donald,DI,00-0031388,8648
2020,4,KC,Patrick Mahomes,QB,00-0033873,11765
2020,5,NO,Michael Thomas,WR,00-0032765,10681
2020,6,CAR,Christian McCaffrey,HB,00-0033280,11763
2020,7,SF,George Kittle,TE,00-0033288,11901
2020,8,ARI,DeAndre Hopkins,WR,00-0030564,7808
2020,9,NE,Stephon Gilmore,CB,00-0029542,7016
2020,10,TEN,Derrick Henry,HB,00-0032764,10679
2020,11,ATL,Julio Jones,WR,00-0027944,6158
2020,12,NO,Drew Brees,QB,00-0020531,802
2020,13,SEA,Bobby Wagner,LB,00-0029255,7050
2020,14,TB,Tom Brady,QB,00-0019596,698
2020,15,ARI,Chandler Jones,ED,00-0029585,7027
2020,16,GB,Aaron Rodgers,QB,00-0023459,2241
2020,17,SF,Nick Bosa,ED,00-0035717,42741
2020,18,KC,Travis Kelce,TE,00-0030506,7844
2020,19,CHI,Khalil Mack,ED,00-0031040,8640
2020,20,HOU,Deshaun Watson,QB,00-0033537,11767
2020,21,MIN,Dalvin Cook,HB,00-0033893,11796
2020,22,KC,Tyreek Hill,WR,00-0033040,10799
2020,23,NO,Cameron Jordan,ED,00-0027962,6176
2020,24,DAL,Ezekiel Elliott,HB,00-0033045,10638
2020,25,PIT,T.J. Watt,ED,00-0033886,11785
2020,26,DEN,Von Miller,ED,00-0027940,6154
2020,27,SEA,Jamal Adams,S,00-0033872,11761
2020,28,SF,Richard Sherman,CB,00-0028092,6306
2020,29,IND,Quenton Nelson,G,00-0034342,12954
2020,30,TB,Mike Evans,WR,00-0031408,8642
2020,31,NYG,Saquon Barkley,HB,00-0034844,45791
2020,32,TB,Shaquil Barrett,ED,00-0031101,9000
2020,33,GB,Aaron Jones,HB,00-0033293,11937
2020,34,LAC,Joey Bosa,ED,00-0033156,10637
2020,35,PIT,Minkah Fitzpatrick,S,00-0034789,51206
2020,36,CLE,Nick Chubb,HB,00-0034791,45783
2020,37,LA,Jalen Ramsey,CB,00-0033055,10639
2020,38,TB,Chris Godwin,WR,00-0033921,11839
2020,39,KC,Tyrann Mathieu,S,00-0030459,7850
2020,40,MIN,Danielle Hunter,ED,00-0031565,9521
2020,41,TEN,Jadeveon Clowney,ED,00-0031364,8636
2020,42,NO,Alvin Kamara,HB,00-0033906,11822
2020,43,SF,Jimmy Garoppolo,QB,00-0031345,8697
2020,44,BAL,Mark Ingram,HB,00-0027966,6180
2020,45,HOU,J.J. Watt,ED,00-0027949,6163
2020,46,DAL,Dak Prescott,QB,00-0033077,10769
2020,47,BUF,Tre'Davious White,CB,00-0033884,11782
2020,48,GB,Za'Darius Smith,ED,00-0031576,9555
2020,49,DAL,Amari Cooper,WR,00-0031544,9437
2020,50,IND,Darius Leonard,LB,00-0034846,49684
2020,51,ATL,Todd Gurley,HB,00-0032241,9443
2020,52,KC,Chris Jones,DI,00-0032762,10671
2020,53,BAL,Marcus Peters,CB,00-0032165,9451
2020,54,BUF,Stefon Diggs,WR,00-0031588,9579
2020,55,DAL,Zack Martin,G,00-0031402,8651
2020,56,IND,DeForest Buckner,DI,00-0032378,10641
2020,57,GB,Davante Adams,WR,00-0031381,8688
2020,58,MIN,Kirk Cousins,QB,00-0029604,7102
2020,59,CLE,Odell Beckham,WR,00-0031235,8647
2020,60,NYG,Logan Ryan,CB,00-0030411,7864
2020,61,CLE,Jarvis Landry,WR,00-0031382,8698
2020,62,GB,David Bakhtiari,T,00-0030074,7891
2020,63,GB,Preston Smith,ED,00-0031935,9471
2020,64,MIN,Harrison Smith,S,00-0029606,7641
2020,65,SEA,Tyler Lockett,WR,00-0032211,9502
2020,66,HOU,Laremy Tunsil,T,00-0032380,10647
2020,67,NO,Demario Davis,LB,00-0029607,7079
2020,68,TEN,Ryan Tannehill,QB,00-0029701,7014
2020,69,ARI,Larry Fitzgerald,WR,00-0022921,1724
2020,70,SF,Fred Warner,LB,00-0034815,51222
2020,71,DEN,Jurrell Casey,DI,00-0028015,6229
2020,72,LV,Josh Jacobs,HB,00-0035700,45953
2020,73,PHI,Fletcher Cox,DI,00-0029653,7018
2020,74,BAL,Ronnie Stanley,T,00-0032965,10640
2020,75,BAL,Earl Thomas,S,00-0027866,5539
2020,76,NO,Marshon Lattimore,CB,00-0033874,11766
2020,77,LAC,Keenan Allen,WR,00-0030279,7857
2020,78,DAL,Tyron Smith,T,00-0027947,6161
2020,79,BAL,Calais Campbell,DI,00-0026190,4364
2020,80,CLE,Myles Garrett,ED,00-0033868,11756
2020,81,SEA,DK Metcalf,WR,00-0035640,47864
2020,82,NO,Ryan Ramczyk,T,00-0033888,11787
2020,83,MIN,Eric Kendricks,LB,00-0031554,9478
2020,84,PIT,Cameron Heyward,DI,00-0027969,6183
2020,85,PHI,Zach Ertz,TE,00-0030061,7816
2020,86,BAL,Marlon Humphrey,CB,00-0033281,11771
2020,87,BUF,Josh Allen,QB,00-0034857,46601
2020,88,DAL,Jaylon Smith,LB,00-0033052,10668
2020,89,LA,Cooper Kupp,WR,00-0033908,11824
2020,90,ARI,Kyler Murray,QB,00-0035228,38334
2020,91,ATL,Grady Jarrett,DI,00-0031583,9570
2020,92,PHI,Darius Slay,CB,00-0030062,7817
2020,93,CHI,Allen Robinson,WR,00-0031428,8696
2020,94,PHI,Jason Kelce,C,00-0028129,6343
2020,95,KC,Frank Clark,ED,00-0032210,9496
2020,96,SEA,Chris Carson,HB,00-0033594,12004
2020,97,ARI,Budda Baker,S,00-0033890,11791
2020,98,PHI,Brandon Brooks,G,00-0029679,7078
2020,99,LV,Darren Waller,TE,00-0031610,9637
2020,100,TB,Lavonte David,LB,00-0029562,7060
