season,posteam,game_id,off_play_caller
2017,ARI,2017_01_ARI_DET,Bruce Arians
2017,DET,2017_01_ARI_DET,Jim Bob Cooter
2017,ATL,2017_01_ATL_CHI,Steve Sarkisian
2017,CHI,2017_01_ATL_CHI,Dowell Loggains
2017,CIN,2017_01_BAL_CIN,Ken Zampese
2017,BAL,2017_01_BAL_CIN,Marty Mornhinweg
2017,CAR,2017_01_CAR_SF,Mike Shula
2017,SF,2017_01_CAR_SF,Kyle Shanahan
2017,LA,2017_01_IND_LA,Sean McVay
2017,IND,2017_01_IND_LA,Rob Chudzinski
2017,JAX,2017_01_JAX_HOU,Nathaniel Hackett
2017,HOU,2017_01_JAX_HOU,Bill O'Brien
2017,NE,2017_01_KC_NE,Josh McDaniels
2017,KC,2017_01_KC_NE,Andy Reid
2017,DEN,2017_01_LAC_DEN,Mike McCoy
2017,LAC,2017_01_LAC_DEN,Ken Whisenhunt
2017,NO,2017_01_NO_MIN,Sean Payton
2017,MIN,2017_01_NO_MIN,Pat Shurmur
2017,DAL,2017_01_NYG_DAL,Scott Linehan
2017,NYG,2017_01_NYG_DAL,Ben McAdoo
2017,BUF,2017_01_NYJ_BUF,Rick Dennison
2017,NYJ,2017_01_NYJ_BUF,John Morton
2017,LV,2017_01_OAK_TEN,Todd Downing
2017,TEN,2017_01_OAK_TEN,Terry Robiskie
2017,WAS,2017_01_PHI_WAS,Jay Gruden
2017,PHI,2017_01_PHI_WAS,Doug Pederson
2017,CLE,2017_01_PIT_CLE,Hue Jackson
2017,PIT,2017_01_PIT_CLE,Todd Haley
2017,SEA,2017_01_SEA_GB,Darrell Bevell
2017,GB,2017_01_SEA_GB,Mike McCarthy
2017,ARI,2017_02_ARI_IND,Bruce Arians
2017,IND,2017_02_ARI_IND,Rob Chudzinski
2017,CAR,2017_02_BUF_CAR,Mike Shula
2017,BUF,2017_02_BUF_CAR,Rick Dennison
2017,TB,2017_02_CHI_TB,Dirk Koetter
2017,CHI,2017_02_CHI_TB,Dowell Loggains
2017,CLE,2017_02_CLE_BAL,Hue Jackson
2017,BAL,2017_02_CLE_BAL,Marty Mornhinweg
2017,DAL,2017_02_DAL_DEN,Scott Linehan
2017,DEN,2017_02_DAL_DEN,Mike McCoy
2017,DET,2017_02_DET_NYG,Jim Bob Cooter
2017,NYG,2017_02_DET_NYG,Ben McAdoo
2017,ATL,2017_02_GB_ATL,Steve Sarkisian
2017,GB,2017_02_GB_ATL,Mike McCarthy
2017,HOU,2017_02_HOU_CIN,Bill O'Brien
2017,CIN,2017_02_HOU_CIN,Ken Zampese
2017,LAC,2017_02_MIA_LAC,Ken Whisenhunt
2017,MIA,2017_02_MIA_LAC,Adam Gase
2017,PIT,2017_02_MIN_PIT,Todd Haley
2017,MIN,2017_02_MIN_PIT,Pat Shurmur
2017,NE,2017_02_NE_NO,Josh McDaniels
2017,NO,2017_02_NE_NO,Sean Payton
2017,LV,2017_02_NYJ_OAK,Todd Downing
2017,NYJ,2017_02_NYJ_OAK,John Morton
2017,KC,2017_02_PHI_KC,Andy Reid
2017,PHI,2017_02_PHI_KC,Doug Pederson
2017,SEA,2017_02_SF_SEA,Darrell Bevell
2017,SF,2017_02_SF_SEA,Kyle Shanahan
2017,TEN,2017_02_TEN_JAX,Terry Robiskie
2017,JAX,2017_02_TEN_JAX,Nathaniel Hackett
2017,LA,2017_02_WAS_LA,Sean McVay
2017,WAS,2017_02_WAS_LA,Jay Gruden
2017,ATL,2017_03_ATL_DET,Steve Sarkisian
2017,DET,2017_03_ATL_DET,Jim Bob Cooter
2017,BAL,2017_03_BAL_JAX,Marty Mornhinweg
2017,JAX,2017_03_BAL_JAX,Nathaniel Hackett
2017,CIN,2017_03_CIN_GB,Bill Lazor
2017,GB,2017_03_CIN_GB,Mike McCarthy
2017,CLE,2017_03_CLE_IND,Hue Jackson
2017,IND,2017_03_CLE_IND,Rob Chudzinski
2017,ARI,2017_03_DAL_ARI,Bruce Arians
2017,DAL,2017_03_DAL_ARI,Scott Linehan
2017,DEN,2017_03_DEN_BUF,Mike McCoy
2017,BUF,2017_03_DEN_BUF,Rick Dennison
2017,HOU,2017_03_HOU_NE,Bill O'Brien
2017,NE,2017_03_HOU_NE,Josh McDaniels
2017,LAC,2017_03_KC_LAC,Ken Whisenhunt
2017,KC,2017_03_KC_LAC,Andy Reid
2017,SF,2017_03_LA_SF,Kyle Shanahan
2017,LA,2017_03_LA_SF,Sean McVay
2017,NYJ,2017_03_MIA_NYJ,John Morton
2017,MIA,2017_03_MIA_NYJ,Adam Gase
2017,CAR,2017_03_NO_CAR,Mike Shula
2017,NO,2017_03_NO_CAR,Sean Payton
2017,PHI,2017_03_NYG_PHI,Doug Pederson
2017,NYG,2017_03_NYG_PHI,Ben McAdoo
2017,LV,2017_03_OAK_WAS,Todd Downing
2017,WAS,2017_03_OAK_WAS,Jay Gruden
2017,PIT,2017_03_PIT_CHI,Todd Haley
2017,CHI,2017_03_PIT_CHI,Dowell Loggains
2017,TEN,2017_03_SEA_TEN,Terry Robiskie
2017,SEA,2017_03_SEA_TEN,Darrell Bevell
2017,MIN,2017_03_TB_MIN,Pat Shurmur
2017,TB,2017_03_TB_MIN,Dirk Koetter
2017,ATL,2017_04_BUF_ATL,Steve Sarkisian
2017,BUF,2017_04_BUF_ATL,Rick Dennison
2017,NE,2017_04_CAR_NE,Josh McDaniels
2017,CAR,2017_04_CAR_NE,Mike Shula
2017,GB,2017_04_CHI_GB,Mike McCarthy
2017,CHI,2017_04_CHI_GB,Dowell Loggains
2017,CLE,2017_04_CIN_CLE,Hue Jackson
2017,CIN,2017_04_CIN_CLE,Bill Lazor
2017,DET,2017_04_DET_MIN,Jim Bob Cooter
2017,MIN,2017_04_DET_MIN,Pat Shurmur
2017,IND,2017_04_IND_SEA,Rob Chudzinski
2017,SEA,2017_04_IND_SEA,Darrell Bevell
2017,NYJ,2017_04_JAX_NYJ,John Morton
2017,JAX,2017_04_JAX_NYJ,Nathaniel Hackett
2017,DAL,2017_04_LA_DAL,Scott Linehan
2017,LA,2017_04_LA_DAL,Sean McVay
2017,MIA,2017_04_NO_MIA,Adam Gase
2017,NO,2017_04_NO_MIA,Sean Payton
2017,NYG,2017_04_NYG_TB,Ben McAdoo
2017,TB,2017_04_NYG_TB,Dirk Koetter
2017,DEN,2017_04_OAK_DEN,Mike McCoy
2017,LV,2017_04_OAK_DEN,Todd Downing
2017,LAC,2017_04_PHI_LAC,Ken Whisenhunt
2017,PHI,2017_04_PHI_LAC,Doug Pederson
2017,BAL,2017_04_PIT_BAL,Marty Mornhinweg
2017,PIT,2017_04_PIT_BAL,Todd Haley
2017,ARI,2017_04_SF_ARI,Bruce Arians
2017,SF,2017_04_SF_ARI,Kyle Shanahan
2017,TEN,2017_04_TEN_HOU,Terry Robiskie
2017,HOU,2017_04_TEN_HOU,Bill O'Brien
2017,WAS,2017_04_WAS_KC,Jay Gruden
2017,KC,2017_04_WAS_KC,Andy Reid
2017,ARI,2017_05_ARI_PHI,Bruce Arians
2017,PHI,2017_05_ARI_PHI,Doug Pederson
2017,BAL,2017_05_BAL_OAK,Marty Mornhinweg
2017,LV,2017_05_BAL_OAK,Todd Downing
2017,CIN,2017_05_BUF_CIN,Bill Lazor
2017,BUF,2017_05_BUF_CIN,Rick Dennison
2017,DET,2017_05_CAR_DET,Jim Bob Cooter
2017,CAR,2017_05_CAR_DET,Mike Shula
2017,DAL,2017_05_GB_DAL,Scott Linehan
2017,GB,2017_05_GB_DAL,Mike McCarthy
2017,JAX,2017_05_JAX_PIT,Nathaniel Hackett
2017,PIT,2017_05_JAX_PIT,Todd Haley
2017,KC,2017_05_KC_HOU,Andy Reid
2017,HOU,2017_05_KC_HOU,Bill O'Brien
2017,LAC,2017_05_LAC_NYG,Ken Whisenhunt
2017,NYG,2017_05_LAC_NYG,Ben McAdoo
2017,CHI,2017_05_MIN_CHI,Dowell Loggains
2017,MIN,2017_05_MIN_CHI,Pat Shurmur
2017,NE,2017_05_NE_TB,Josh McDaniels
2017,TB,2017_05_NE_TB,Dirk Koetter
2017,NYJ,2017_05_NYJ_CLE,John Morton
2017,CLE,2017_05_NYJ_CLE,Hue Jackson
2017,SEA,2017_05_SEA_LA,Darrell Bevell
2017,LA,2017_05_SEA_LA,Sean McVay
2017,IND,2017_05_SF_IND,Rob Chudzinski
2017,SF,2017_05_SF_IND,Kyle Shanahan
2017,TEN,2017_05_TEN_MIA,Terry Robiskie
2017,MIA,2017_05_TEN_MIA,Adam Gase
2017,BAL,2017_06_CHI_BAL,Marty Mornhinweg
2017,CHI,2017_06_CHI_BAL,Dowell Loggains
2017,HOU,2017_06_CLE_HOU,Bill O'Brien
2017,CLE,2017_06_CLE_HOU,Hue Jackson
2017,NO,2017_06_DET_NO,Sean Payton
2017,DET,2017_06_DET_NO,Jim Bob Cooter
2017,GB,2017_06_GB_MIN,Mike McCarthy
2017,MIN,2017_06_GB_MIN,Pat Shurmur
2017,TEN,2017_06_IND_TEN,Terry Robiskie
2017,IND,2017_06_IND_TEN,Rob Chudzinski
2017,LA,2017_06_LA_JAX,Sean McVay
2017,JAX,2017_06_LA_JAX,Nathaniel Hackett
2017,LAC,2017_06_LAC_OAK,Ken Whisenhunt
2017,LV,2017_06_LAC_OAK,Todd Downing
2017,ATL,2017_06_MIA_ATL,Steve Sarkisian
2017,MIA,2017_06_MIA_ATL,Adam Gase
2017,NYJ,2017_06_NE_NYJ,John Morton
2017,NE,2017_06_NE_NYJ,Josh McDaniels
2017,DEN,2017_06_NYG_DEN,Mike McCoy
2017,NYG,2017_06_NYG_DEN,Mike Sullivan
2017,PHI,2017_06_PHI_CAR,Doug Pederson
2017,CAR,2017_06_PHI_CAR,Mike Shula
2017,PIT,2017_06_PIT_KC,Todd Haley
2017,KC,2017_06_PIT_KC,Andy Reid
2017,WAS,2017_06_SF_WAS,Jay Gruden
2017,SF,2017_06_SF_WAS,Kyle Shanahan
2017,ARI,2017_06_TB_ARI,Bruce Arians
2017,TB,2017_06_TB_ARI,Dirk Koetter
2017,ARI,2017_07_ARI_LA,Bruce Arians
2017,LA,2017_07_ARI_LA,Sean McVay
2017,NE,2017_07_ATL_NE,Josh McDaniels
2017,ATL,2017_07_ATL_NE,Steve Sarkisian
2017,BAL,2017_07_BAL_MIN,Marty Mornhinweg
2017,MIN,2017_07_BAL_MIN,Pat Shurmur
2017,CAR,2017_07_CAR_CHI,Mike Shula
2017,CHI,2017_07_CAR_CHI,Dowell Loggains
2017,PIT,2017_07_CIN_PIT,Todd Haley
2017,CIN,2017_07_CIN_PIT,Bill Lazor
2017,DAL,2017_07_DAL_SF,Scott Linehan
2017,SF,2017_07_DAL_SF,Kyle Shanahan
2017,DEN,2017_07_DEN_LAC,Mike McCoy
2017,LAC,2017_07_DEN_LAC,Ken Whisenhunt
2017,JAX,2017_07_JAX_IND,Nathaniel Hackett
2017,IND,2017_07_JAX_IND,Rob Chudzinski
2017,KC,2017_07_KC_OAK,Andy Reid
2017,LV,2017_07_KC_OAK,Todd Downing
2017,GB,2017_07_NO_GB,Mike McCarthy
2017,NO,2017_07_NO_GB,Sean Payton
2017,NYJ,2017_07_NYJ_MIA,John Morton
2017,MIA,2017_07_NYJ_MIA,Adam Gase
2017,SEA,2017_07_SEA_NYG,Darrell Bevell
2017,NYG,2017_07_SEA_NYG,Mike Sullivan
2017,TB,2017_07_TB_BUF,Dirk Koetter
2017,BUF,2017_07_TB_BUF,Rick Dennison
2017,TEN,2017_07_TEN_CLE,Terry Robiskie
2017,CLE,2017_07_TEN_CLE,Hue Jackson
2017,WAS,2017_07_WAS_PHI,Jay Gruden
2017,PHI,2017_07_WAS_PHI,Doug Pederson
2017,NYJ,2017_08_ATL_NYJ,John Morton
2017,ATL,2017_08_ATL_NYJ,Steve Sarkisian
2017,TB,2017_08_CAR_TB,Dirk Koetter
2017,CAR,2017_08_CAR_TB,Mike Shula
2017,NO,2017_08_CHI_NO,Sean Payton
2017,CHI,2017_08_CHI_NO,Dowell Loggains
2017,DAL,2017_08_DAL_WAS,Scott Linehan
2017,WAS,2017_08_DAL_WAS,Jay Gruden
2017,DEN,2017_08_DEN_KC,Mike McCoy
2017,KC,2017_08_DEN_KC,Andy Reid
2017,HOU,2017_08_HOU_SEA,Bill O'Brien
2017,SEA,2017_08_HOU_SEA,Darrell Bevell
2017,IND,2017_08_IND_CIN,Rob Chudzinski
2017,CIN,2017_08_IND_CIN,Bill Lazor
2017,LAC,2017_08_LAC_NE,Ken Whisenhunt
2017,NE,2017_08_LAC_NE,Josh McDaniels
2017,MIA,2017_08_MIA_BAL,Adam Gase
2017,BAL,2017_08_MIA_BAL,Marty Mornhinweg
2017,MIN,2017_08_MIN_CLE,Pat Shurmur
2017,CLE,2017_08_MIN_CLE,Hue Jackson
2017,LV,2017_08_OAK_BUF,Todd Downing
2017,BUF,2017_08_OAK_BUF,Rick Dennison
2017,PIT,2017_08_PIT_DET,Todd Haley
2017,DET,2017_08_PIT_DET,Jim Bob Cooter
2017,SF,2017_08_SF_PHI,Kyle Shanahan
2017,PHI,2017_08_SF_PHI,Doug Pederson
2017,ARI,2017_09_ARI_SF,Bruce Arians
2017,SF,2017_09_ARI_SF,Kyle Shanahan
2017,ATL,2017_09_ATL_CAR,Steve Sarkisian
2017,CAR,2017_09_ATL_CAR,Mike Shula
2017,TEN,2017_09_BAL_TEN,Terry Robiskie
2017,BAL,2017_09_BAL_TEN,Marty Mornhinweg
2017,NYJ,2017_09_BUF_NYJ,John Morton
2017,BUF,2017_09_BUF_NYJ,Rick Dennison
2017,JAX,2017_09_CIN_JAX,Nathaniel Hackett
2017,CIN,2017_09_CIN_JAX,Bill Lazor
2017,DEN,2017_09_DEN_PHI,Mike McCoy
2017,PHI,2017_09_DEN_PHI,Doug Pederson
2017,GB,2017_09_DET_GB,Mike McCarthy
2017,DET,2017_09_DET_GB,Jim Bob Cooter
2017,HOU,2017_09_IND_HOU,Bill O'Brien
2017,IND,2017_09_IND_HOU,Rob Chudzinski
2017,DAL,2017_09_KC_DAL,Scott Linehan
2017,KC,2017_09_KC_DAL,Andy Reid
2017,NYG,2017_09_LA_NYG,Mike Sullivan
2017,LA,2017_09_LA_NYG,Sean McVay
2017,LV,2017_09_OAK_MIA,Todd Downing
2017,MIA,2017_09_OAK_MIA,Adam Gase
2017,NO,2017_09_TB_NO,Sean Payton
2017,TB,2017_09_TB_NO,Dirk Koetter
2017,WAS,2017_09_WAS_SEA,Jay Gruden
2017,SEA,2017_09_WAS_SEA,Darrell Bevell
2017,CIN,2017_10_CIN_TEN,Bill Lazor
2017,TEN,2017_10_CIN_TEN,Terry Robiskie
2017,DET,2017_10_CLE_DET,Jim Bob Cooter
2017,CLE,2017_10_CLE_DET,Hue Jackson
2017,DAL,2017_10_DAL_ATL,Scott Linehan
2017,ATL,2017_10_DAL_ATL,Steve Sarkisian
2017,CHI,2017_10_GB_CHI,Dowell Loggains
2017,GB,2017_10_GB_CHI,Mike McCarthy
2017,HOU,2017_10_HOU_LA,Bill O'Brien
2017,LA,2017_10_HOU_LA,Sean McVay
2017,LAC,2017_10_LAC_JAX,Ken Whisenhunt
2017,JAX,2017_10_LAC_JAX,Nathaniel Hackett
2017,MIA,2017_10_MIA_CAR,Adam Gase
2017,CAR,2017_10_MIA_CAR,Mike Shula
2017,WAS,2017_10_MIN_WAS,Jay Gruden
2017,MIN,2017_10_MIN_WAS,Pat Shurmur
2017,NE,2017_10_NE_DEN,Josh McDaniels
2017,DEN,2017_10_NE_DEN,Mike McCoy
2017,BUF,2017_10_NO_BUF,Rick Dennison
2017,NO,2017_10_NO_BUF,Sean Payton
2017,SF,2017_10_NYG_SF,Kyle Shanahan
2017,NYG,2017_10_NYG_SF,Mike Sullivan
2017,NYJ,2017_10_NYJ_TB,John Morton
2017,TB,2017_10_NYJ_TB,Dirk Koetter
2017,PIT,2017_10_PIT_IND,Todd Haley
2017,IND,2017_10_PIT_IND,Rob Chudzinski
2017,SEA,2017_10_SEA_ARI,Darrell Bevell
2017,ARI,2017_10_SEA_ARI,Bruce Arians
2017,ARI,2017_11_ARI_HOU,Bruce Arians
2017,HOU,2017_11_ARI_HOU,Bill O'Brien
2017,ATL,2017_11_ATL_SEA,Steve Sarkisian
2017,SEA,2017_11_ATL_SEA,Darrell Bevell
2017,GB,2017_11_BAL_GB,Mike McCarthy
2017,BAL,2017_11_BAL_GB,Marty Mornhinweg
2017,BUF,2017_11_BUF_LAC,Rick Dennison
2017,LAC,2017_11_BUF_LAC,Ken Whisenhunt
2017,DEN,2017_11_CIN_DEN,Mike McCoy
2017,CIN,2017_11_CIN_DEN,Bill Lazor
2017,CHI,2017_11_DET_CHI,Dowell Loggains
2017,DET,2017_11_DET_CHI,Jim Bob Cooter
2017,CLE,2017_11_JAX_CLE,Hue Jackson
2017,JAX,2017_11_JAX_CLE,Nathaniel Hackett
2017,KC,2017_11_KC_NYG,Andy Reid
2017,NYG,2017_11_KC_NYG,Mike Sullivan
2017,LA,2017_11_LA_MIN,Sean McVay
2017,MIN,2017_11_LA_MIN,Pat Shurmur
2017,LV,2017_11_NE_OAK,Todd Downing
2017,NE,2017_11_NE_OAK,Josh McDaniels
2017,DAL,2017_11_PHI_DAL,Scott Linehan
2017,PHI,2017_11_PHI_DAL,Doug Pederson
2017,TB,2017_11_TB_MIA,Dirk Koetter
2017,MIA,2017_11_TB_MIA,Adam Gase
2017,PIT,2017_11_TEN_PIT,Todd Haley
2017,TEN,2017_11_TEN_PIT,Terry Robiskie
2017,NO,2017_11_WAS_NO,Sean Payton
2017,WAS,2017_11_WAS_NO,Jay Gruden
2017,BUF,2017_12_BUF_KC,Rick Dennison
2017,KC,2017_12_BUF_KC,Andy Reid
2017,CAR,2017_12_CAR_NYJ,Mike Shula
2017,NYJ,2017_12_CAR_NYJ,John Morton
2017,PHI,2017_12_CHI_PHI,Doug Pederson
2017,CHI,2017_12_CHI_PHI,Dowell Loggains
2017,CLE,2017_12_CLE_CIN,Hue Jackson
2017,CIN,2017_12_CLE_CIN,Bill Lazor
2017,LV,2017_12_DEN_OAK,Todd Downing
2017,DEN,2017_12_DEN_OAK,Bill Musgrave
2017,PIT,2017_12_GB_PIT,Todd Haley
2017,GB,2017_12_GB_PIT,Mike McCarthy
2017,BAL,2017_12_HOU_BAL,Marty Mornhinweg
2017,HOU,2017_12_HOU_BAL,Bill O'Brien
2017,JAX,2017_12_JAX_ARI,Nathaniel Hackett
2017,ARI,2017_12_JAX_ARI,Bruce Arians
2017,DAL,2017_12_LAC_DAL,Scott Linehan
2017,LAC,2017_12_LAC_DAL,Ken Whisenhunt
2017,NE,2017_12_MIA_NE,Josh McDaniels
2017,MIA,2017_12_MIA_NE,Adam Gase
2017,DET,2017_12_MIN_DET,Jim Bob Cooter
2017,MIN,2017_12_MIN_DET,Pat Shurmur
2017,LA,2017_12_NO_LA,Sean McVay
2017,NO,2017_12_NO_LA,Sean Payton
2017,NYG,2017_12_NYG_WAS,Mike Sullivan
2017,WAS,2017_12_NYG_WAS,Jay Gruden
2017,SEA,2017_12_SEA_SF,Darrell Bevell
2017,SF,2017_12_SEA_SF,Kyle Shanahan
2017,TB,2017_12_TB_ATL,Dirk Koetter
2017,ATL,2017_12_TB_ATL,Steve Sarkisian
2017,IND,2017_12_TEN_IND,Rob Chudzinski
2017,TEN,2017_12_TEN_IND,Terry Robiskie
2017,NO,2017_13_CAR_NO,Sean Payton
2017,CAR,2017_13_CAR_NO,Mike Shula
2017,CLE,2017_13_CLE_LAC,Hue Jackson
2017,LAC,2017_13_CLE_LAC,Ken Whisenhunt
2017,MIA,2017_13_DEN_MIA,Adam Gase
2017,DEN,2017_13_DEN_MIA,Bill Musgrave
2017,BAL,2017_13_DET_BAL,Marty Mornhinweg
2017,DET,2017_13_DET_BAL,Jim Bob Cooter
2017,HOU,2017_13_HOU_TEN,Bill O'Brien
2017,TEN,2017_13_HOU_TEN,Terry Robiskie
2017,IND,2017_13_IND_JAX,Rob Chudzinski
2017,JAX,2017_13_IND_JAX,Nathaniel Hackett
2017,KC,2017_13_KC_NYJ,Andy Reid
2017,NYJ,2017_13_KC_NYJ,John Morton
2017,LA,2017_13_LA_ARI,Sean McVay
2017,ARI,2017_13_LA_ARI,Bruce Arians
2017,MIN,2017_13_MIN_ATL,Pat Shurmur
2017,ATL,2017_13_MIN_ATL,Steve Sarkisian
2017,BUF,2017_13_NE_BUF,Rick Dennison
2017,NE,2017_13_NE_BUF,Josh McDaniels
2017,NYG,2017_13_NYG_OAK,Mike Sullivan
2017,LV,2017_13_NYG_OAK,Todd Downing
2017,SEA,2017_13_PHI_SEA,Darrell Bevell
2017,PHI,2017_13_PHI_SEA,Doug Pederson
2017,PIT,2017_13_PIT_CIN,Todd Haley
2017,CIN,2017_13_PIT_CIN,Bill Lazor
2017,SF,2017_13_SF_CHI,Kyle Shanahan
2017,CHI,2017_13_SF_CHI,Dowell Loggains
2017,TB,2017_13_TB_GB,Dirk Koetter
2017,GB,2017_13_TB_GB,Mike McCarthy
2017,DAL,2017_13_WAS_DAL,Scott Linehan
2017,WAS,2017_13_WAS_DAL,Jay Gruden
2017,BAL,2017_14_BAL_PIT,Marty Mornhinweg
2017,PIT,2017_14_BAL_PIT,Todd Haley
2017,CIN,2017_14_CHI_CIN,Bill Lazor
2017,CHI,2017_14_CHI_CIN,Dowell Loggains
2017,DAL,2017_14_DAL_NYG,Scott Linehan
2017,NYG,2017_14_DAL_NYG,Mike Sullivan
2017,DET,2017_14_DET_TB,Jim Bob Cooter
2017,TB,2017_14_DET_TB,Dirk Koetter
2017,GB,2017_14_GB_CLE,Mike McCarthy
2017,CLE,2017_14_GB_CLE,Hue Jackson
2017,BUF,2017_14_IND_BUF,Rick Dennison
2017,IND,2017_14_IND_BUF,Rob Chudzinski
2017,MIN,2017_14_MIN_CAR,Pat Shurmur
2017,CAR,2017_14_MIN_CAR,Mike Shula
2017,MIA,2017_14_NE_MIA,Adam Gase
2017,NE,2017_14_NE_MIA,Josh McDaniels
2017,NO,2017_14_NO_ATL,Sean Payton
2017,ATL,2017_14_NO_ATL,Steve Sarkisian
2017,DEN,2017_14_NYJ_DEN,Bill Musgrave
2017,NYJ,2017_14_NYJ_DEN,John Morton
2017,LV,2017_14_OAK_KC,Todd Downing
2017,KC,2017_14_OAK_KC,Andy Reid
2017,PHI,2017_14_PHI_LA,Doug Pederson
2017,LA,2017_14_PHI_LA,Sean McVay
2017,JAX,2017_14_SEA_JAX,Nathaniel Hackett
2017,SEA,2017_14_SEA_JAX,Darrell Bevell
2017,SF,2017_14_SF_HOU,Kyle Shanahan
2017,HOU,2017_14_SF_HOU,Bill O'Brien
2017,TEN,2017_14_TEN_ARI,Terry Robiskie
2017,ARI,2017_14_TEN_ARI,Bruce Arians
2017,LAC,2017_14_WAS_LAC,Ken Whisenhunt
2017,WAS,2017_14_WAS_LAC,Jay Gruden
2017,ARI,2017_15_ARI_WAS,Bruce Arians
2017,WAS,2017_15_ARI_WAS,Jay Gruden
2017,ATL,2017_15_ATL_TB,Steve Sarkisian
2017,TB,2017_15_ATL_TB,Dirk Koetter
2017,BAL,2017_15_BAL_CLE,Marty Mornhinweg
2017,CLE,2017_15_BAL_CLE,Hue Jackson
2017,DET,2017_15_CHI_DET,Jim Bob Cooter
2017,CHI,2017_15_CHI_DET,Dowell Loggains
2017,MIN,2017_15_CIN_MIN,Pat Shurmur
2017,CIN,2017_15_CIN_MIN,Bill Lazor
2017,DAL,2017_15_DAL_OAK,Scott Linehan
2017,LV,2017_15_DAL_OAK,Todd Downing
2017,DEN,2017_15_DEN_IND,Bill Musgrave
2017,IND,2017_15_DEN_IND,Rob Chudzinski
2017,GB,2017_15_GB_CAR,Mike McCarthy
2017,CAR,2017_15_GB_CAR,Mike Shula
2017,HOU,2017_15_HOU_JAX,Bill O'Brien
2017,JAX,2017_15_HOU_JAX,Nathaniel Hackett
2017,SEA,2017_15_LA_SEA,Darrell Bevell
2017,LA,2017_15_LA_SEA,Sean McVay
2017,LAC,2017_15_LAC_KC,Ken Whisenhunt
2017,KC,2017_15_LAC_KC,Andy Reid
2017,BUF,2017_15_MIA_BUF,Rick Dennison
2017,MIA,2017_15_MIA_BUF,Adam Gase
2017,PIT,2017_15_NE_PIT,Todd Haley
2017,NE,2017_15_NE_PIT,Josh McDaniels
2017,NO,2017_15_NYJ_NO,Sean Payton
2017,NYJ,2017_15_NYJ_NO,John Morton
2017,NYG,2017_15_PHI_NYG,Mike Sullivan
2017,PHI,2017_15_PHI_NYG,Doug Pederson
2017,SF,2017_15_TEN_SF,Kyle Shanahan
2017,TEN,2017_15_TEN_SF,Terry Robiskie
2017,ATL,2017_16_ATL_NO,Steve Sarkisian
2017,NO,2017_16_ATL_NO,Sean Payton
2017,NE,2017_16_BUF_NE,Josh McDaniels
2017,BUF,2017_16_BUF_NE,Rick Dennison
2017,CLE,2017_16_CLE_CHI,Hue Jackson
2017,CHI,2017_16_CLE_CHI,Dowell Loggains
2017,DEN,2017_16_DEN_WAS,Bill Musgrave
2017,WAS,2017_16_DEN_WAS,Jay Gruden
2017,CIN,2017_16_DET_CIN,Bill Lazor
2017,DET,2017_16_DET_CIN,Jim Bob Cooter
2017,IND,2017_16_IND_BAL,Rob Chudzinski
2017,BAL,2017_16_IND_BAL,Marty Mornhinweg
2017,SF,2017_16_JAX_SF,Kyle Shanahan
2017,JAX,2017_16_JAX_SF,Nathaniel Hackett
2017,LA,2017_16_LA_TEN,Sean McVay
2017,TEN,2017_16_LA_TEN,Terry Robiskie
2017,LAC,2017_16_LAC_NYJ,Ken Whisenhunt
2017,NYJ,2017_16_LAC_NYJ,John Morton
2017,MIA,2017_16_MIA_KC,Adam Gase
2017,KC,2017_16_MIA_KC,Andy Reid
2017,GB,2017_16_MIN_GB,Mike McCarthy
2017,MIN,2017_16_MIN_GB,Pat Shurmur
2017,NYG,2017_16_NYG_ARI,Mike Sullivan
2017,ARI,2017_16_NYG_ARI,Bruce Arians
2017,PHI,2017_16_OAK_PHI,Doug Pederson
2017,LV,2017_16_OAK_PHI,Todd Downing
2017,PIT,2017_16_PIT_HOU,Todd Haley
2017,HOU,2017_16_PIT_HOU,Bill O'Brien
2017,DAL,2017_16_SEA_DAL,Scott Linehan
2017,SEA,2017_16_SEA_DAL,Darrell Bevell
2017,TB,2017_16_TB_CAR,Dirk Koetter
2017,CAR,2017_16_TB_CAR,Mike Shula
2017,ARI,2017_17_ARI_SEA,Bruce Arians
2017,SEA,2017_17_ARI_SEA,Darrell Bevell
2017,MIA,2017_17_BUF_MIA,Adam Gase
2017,BUF,2017_17_BUF_MIA,Rick Dennison
2017,ATL,2017_17_CAR_ATL,Steve Sarkisian
2017,CAR,2017_17_CAR_ATL,Mike Shula
2017,CHI,2017_17_CHI_MIN,Dowell Loggains
2017,MIN,2017_17_CHI_MIN,Pat Shurmur
2017,CIN,2017_17_CIN_BAL,Bill Lazor
2017,BAL,2017_17_CIN_BAL,Marty Mornhinweg
2017,PIT,2017_17_CLE_PIT,Todd Haley
2017,CLE,2017_17_CLE_PIT,Hue Jackson
2017,PHI,2017_17_DAL_PHI,Doug Pederson
2017,DAL,2017_17_DAL_PHI,Scott Linehan
2017,DET,2017_17_GB_DET,Jim Bob Cooter
2017,GB,2017_17_GB_DET,Mike McCarthy
2017,IND,2017_17_HOU_IND,Rob Chudzinski
2017,HOU,2017_17_HOU_IND,Bill O'Brien
2017,JAX,2017_17_JAX_TEN,Nathaniel Hackett
2017,TEN,2017_17_JAX_TEN,Terry Robiskie
2017,KC,2017_17_KC_DEN,Andy Reid
2017,DEN,2017_17_KC_DEN,Bill Musgrave
2017,TB,2017_17_NO_TB,Dirk Koetter
2017,NO,2017_17_NO_TB,Sean Payton
2017,NE,2017_17_NYJ_NE,Josh McDaniels
2017,NYJ,2017_17_NYJ_NE,John Morton
2017,LV,2017_17_OAK_LAC,Todd Downing
2017,LAC,2017_17_OAK_LAC,Ken Whisenhunt
2017,SF,2017_17_SF_LA,Kyle Shanahan
2017,LA,2017_17_SF_LA,Sean McVay
2017,NYG,2017_17_WAS_NYG,Mike Sullivan
2017,WAS,2017_17_WAS_NYG,Jay Gruden
2017,LA,2017_18_ATL_LA,Sean McVay
2017,ATL,2017_18_ATL_LA,Steve Sarkisian
2017,BUF,2017_18_BUF_JAX,Rick Dennison
2017,JAX,2017_18_BUF_JAX,Nathaniel Hackett
2017,NO,2017_18_CAR_NO,Sean Payton
2017,CAR,2017_18_CAR_NO,Mike Shula
2017,KC,2017_18_TEN_KC,Andy Reid
2017,TEN,2017_18_TEN_KC,Terry Robiskie
2017,PHI,2017_19_ATL_PHI,Doug Pederson
2017,ATL,2017_19_ATL_PHI,Steve Sarkisian
2017,JAX,2017_19_JAX_PIT,Nathaniel Hackett
2017,PIT,2017_19_JAX_PIT,Todd Haley
2017,NO,2017_19_NO_MIN,Sean Payton
2017,MIN,2017_19_NO_MIN,Pat Shurmur
2017,NE,2017_19_TEN_NE,Josh McDaniels
2017,TEN,2017_19_TEN_NE,Terry Robiskie
2017,NE,2017_20_JAX_NE,Josh McDaniels
2017,JAX,2017_20_JAX_NE,Nathaniel Hackett
2017,MIN,2017_20_MIN_PHI,Pat Shurmur
2017,PHI,2017_20_MIN_PHI,Doug Pederson
2017,PHI,2017_21_PHI_NE,Doug Pederson
2017,NE,2017_21_PHI_NE,Josh McDaniels
2018,ATL,2018_01_ATL_PHI,Steve Sarkisian
2018,PHI,2018_01_ATL_PHI,Doug Pederson
2018,BAL,2018_01_BUF_BAL,Marty Mornhinweg
2018,BUF,2018_01_BUF_BAL,Rick Dennison
2018,GB,2018_01_CHI_GB,Mike McCarthy
2018,CHI,2018_01_CHI_GB,Matt Nagy
2018,CIN,2018_01_CIN_IND,Bill Lazor
2018,IND,2018_01_CIN_IND,Frank Reich
2018,DAL,2018_01_DAL_CAR,Scott Linehan
2018,CAR,2018_01_DAL_CAR,Norv Turner
2018,NE,2018_01_HOU_NE,Josh McDaniels
2018,HOU,2018_01_HOU_NE,Bill O'Brien
2018,JAX,2018_01_JAX_NYG,Nathaniel Hackett
2018,NYG,2018_01_JAX_NYG,Pat Shurmur
2018,LAC,2018_01_KC_LAC,Ken Whisenhunt
2018,KC,2018_01_KC_LAC,Andy Reid
2018,LV,2018_01_LA_OAK,Jon Gruden
2018,LA,2018_01_LA_OAK,Sean McVay
2018,NYJ,2018_01_NYJ_DET,Jeremy Bates
2018,DET,2018_01_NYJ_DET,Jim Bob Cooter
2018,PIT,2018_01_PIT_CLE,Randy Fichtner
2018,CLE,2018_01_PIT_CLE,Todd Haley
2018,DEN,2018_01_SEA_DEN,Bill Musgrave
2018,SEA,2018_01_SEA_DEN,Brian Schottenheimer
2018,MIN,2018_01_SF_MIN,John DeFilippo
2018,SF,2018_01_SF_MIN,Kyle Shanahan
2018,NO,2018_01_TB_NO,Sean Payton
2018,TB,2018_01_TB_NO,Todd Monken
2018,TEN,2018_01_TEN_MIA,Matt LaFleur
2018,MIA,2018_01_TEN_MIA,Adam Gase
2018,WAS,2018_01_WAS_ARI,Jay Gruden
2018,ARI,2018_01_WAS_ARI,Mike McCoy
2018,LA,2018_02_ARI_LA,Sean McVay
2018,ARI,2018_02_ARI_LA,Mike McCoy
2018,BAL,2018_02_BAL_CIN,Marty Mornhinweg
2018,CIN,2018_02_BAL_CIN,Bill Lazor
2018,CAR,2018_02_CAR_ATL,Norv Turner
2018,ATL,2018_02_CAR_ATL,Steve Sarkisian
2018,CLE,2018_02_CLE_NO,Todd Haley
2018,NO,2018_02_CLE_NO,Sean Payton
2018,DET,2018_02_DET_SF,Jim Bob Cooter
2018,SF,2018_02_DET_SF,Kyle Shanahan
2018,HOU,2018_02_HOU_TEN,Bill O'Brien
2018,TEN,2018_02_HOU_TEN,Matt LaFleur
2018,IND,2018_02_IND_WAS,Frank Reich
2018,WAS,2018_02_IND_WAS,Jay Gruden
2018,PIT,2018_02_KC_PIT,Randy Fichtner
2018,KC,2018_02_KC_PIT,Andy Reid
2018,LAC,2018_02_LAC_BUF,Ken Whisenhunt
2018,BUF,2018_02_LAC_BUF,Rick Dennison
2018,MIA,2018_02_MIA_NYJ,Adam Gase
2018,NYJ,2018_02_MIA_NYJ,Jeremy Bates
2018,GB,2018_02_MIN_GB,Mike McCarthy
2018,MIN,2018_02_MIN_GB,John DeFilippo
2018,NE,2018_02_NE_JAX,Josh McDaniels
2018,JAX,2018_02_NE_JAX,Nathaniel Hackett
2018,DAL,2018_02_NYG_DAL,Scott Linehan
2018,NYG,2018_02_NYG_DAL,Pat Shurmur
2018,LV,2018_02_OAK_DEN,Jon Gruden
2018,DEN,2018_02_OAK_DEN,Bill Musgrave
2018,TB,2018_02_PHI_TB,Todd Monken
2018,PHI,2018_02_PHI_TB,Doug Pederson
2018,SEA,2018_02_SEA_CHI,Brian Schottenheimer
2018,CHI,2018_02_SEA_CHI,Matt Nagy
2018,BUF,2018_03_BUF_MIN,Rick Dennison
2018,MIN,2018_03_BUF_MIN,John DeFilippo
2018,ARI,2018_03_CHI_ARI,Mike McCoy
2018,CHI,2018_03_CHI_ARI,Matt Nagy
2018,CAR,2018_03_CIN_CAR,Norv Turner
2018,CIN,2018_03_CIN_CAR,Bill Lazor
2018,DAL,2018_03_DAL_SEA,Scott Linehan
2018,SEA,2018_03_DAL_SEA,Brian Schottenheimer
2018,BAL,2018_03_DEN_BAL,Marty Mornhinweg
2018,DEN,2018_03_DEN_BAL,Bill Musgrave
2018,WAS,2018_03_GB_WAS,Jay Gruden
2018,GB,2018_03_GB_WAS,Mike McCarthy
2018,IND,2018_03_IND_PHI,Frank Reich
2018,PHI,2018_03_IND_PHI,Doug Pederson
2018,LA,2018_03_LAC_LA,Sean McVay
2018,LAC,2018_03_LAC_LA,Ken Whisenhunt
2018,NE,2018_03_NE_DET,Josh McDaniels
2018,DET,2018_03_NE_DET,Jim Bob Cooter
2018,NO,2018_03_NO_ATL,Sean Payton
2018,ATL,2018_03_NO_ATL,Steve Sarkisian
2018,HOU,2018_03_NYG_HOU,Bill O'Brien
2018,NYG,2018_03_NYG_HOU,Pat Shurmur
2018,CLE,2018_03_NYJ_CLE,Todd Haley
2018,NYJ,2018_03_NYJ_CLE,Jeremy Bates
2018,LV,2018_03_OAK_MIA,Jon Gruden
2018,MIA,2018_03_OAK_MIA,Adam Gase
2018,PIT,2018_03_PIT_TB,Randy Fichtner
2018,TB,2018_03_PIT_TB,Todd Monken
2018,SF,2018_03_SF_KC,Kyle Shanahan
2018,KC,2018_03_SF_KC,Andy Reid
2018,JAX,2018_03_TEN_JAX,Nathaniel Hackett
2018,TEN,2018_03_TEN_JAX,Matt LaFleur
2018,BAL,2018_04_BAL_PIT,Marty Mornhinweg
2018,PIT,2018_04_BAL_PIT,Randy Fichtner
2018,BUF,2018_04_BUF_GB,Rick Dennison
2018,GB,2018_04_BUF_GB,Mike McCarthy
2018,ATL,2018_04_CIN_ATL,Steve Sarkisian
2018,CIN,2018_04_CIN_ATL,Bill Lazor
2018,LV,2018_04_CLE_OAK,Jon Gruden
2018,CLE,2018_04_CLE_OAK,Todd Haley
2018,DET,2018_04_DET_DAL,Jim Bob Cooter
2018,DAL,2018_04_DET_DAL,Scott Linehan
2018,IND,2018_04_HOU_IND,Frank Reich
2018,HOU,2018_04_HOU_IND,Bill O'Brien
2018,DEN,2018_04_KC_DEN,Bill Musgrave
2018,KC,2018_04_KC_DEN,Andy Reid
2018,MIA,2018_04_MIA_NE,Adam Gase
2018,NE,2018_04_MIA_NE,Josh McDaniels
2018,MIN,2018_04_MIN_LA,John DeFilippo
2018,LA,2018_04_MIN_LA,Sean McVay
2018,NO,2018_04_NO_NYG,Sean Payton
2018,NYG,2018_04_NO_NYG,Pat Shurmur
2018,NYJ,2018_04_NYJ_JAX,Jeremy Bates
2018,JAX,2018_04_NYJ_JAX,Nathaniel Hackett
2018,TEN,2018_04_PHI_TEN,Matt LaFleur
2018,PHI,2018_04_PHI_TEN,Doug Pederson
2018,SEA,2018_04_SEA_ARI,Brian Schottenheimer
2018,ARI,2018_04_SEA_ARI,Mike McCoy
2018,LAC,2018_04_SF_LAC,Ken Whisenhunt
2018,SF,2018_04_SF_LAC,Kyle Shanahan
2018,CHI,2018_04_TB_CHI,Matt Nagy
2018,TB,2018_04_TB_CHI,Todd Monken
2018,SF,2018_05_ARI_SF,Kyle Shanahan
2018,ARI,2018_05_ARI_SF,Mike McCoy
2018,PIT,2018_05_ATL_PIT,Randy Fichtner
2018,ATL,2018_05_ATL_PIT,Steve Sarkisian
2018,BAL,2018_05_BAL_CLE,Marty Mornhinweg
2018,CLE,2018_05_BAL_CLE,Todd Haley
2018,DAL,2018_05_DAL_HOU,Scott Linehan
2018,HOU,2018_05_DAL_HOU,Bill O'Brien
2018,DEN,2018_05_DEN_NYJ,Bill Musgrave
2018,NYJ,2018_05_DEN_NYJ,Jeremy Bates
2018,DET,2018_05_GB_DET,Jim Bob Cooter
2018,GB,2018_05_GB_DET,Mike McCarthy
2018,NE,2018_05_IND_NE,Josh McDaniels
2018,IND,2018_05_IND_NE,Frank Reich
2018,JAX,2018_05_JAX_KC,Nathaniel Hackett
2018,KC,2018_05_JAX_KC,Andy Reid
2018,LA,2018_05_LA_SEA,Sean McVay
2018,SEA,2018_05_LA_SEA,Brian Schottenheimer
2018,MIA,2018_05_MIA_CIN,Adam Gase
2018,CIN,2018_05_MIA_CIN,Bill Lazor
2018,MIN,2018_05_MIN_PHI,John DeFilippo
2018,PHI,2018_05_MIN_PHI,Doug Pederson
2018,NYG,2018_05_NYG_CAR,Pat Shurmur
2018,CAR,2018_05_NYG_CAR,Norv Turner
2018,LAC,2018_05_OAK_LAC,Ken Whisenhunt
2018,LV,2018_05_OAK_LAC,Jon Gruden
2018,TEN,2018_05_TEN_BUF,Matt LaFleur
2018,BUF,2018_05_TEN_BUF,Rick Dennison
2018,WAS,2018_05_WAS_NO,Jay Gruden
2018,NO,2018_05_WAS_NO,Sean Payton
2018,ARI,2018_06_ARI_MIN,Mike McCoy
2018,MIN,2018_06_ARI_MIN,John DeFilippo
2018,TEN,2018_06_BAL_TEN,Matt LaFleur
2018,BAL,2018_06_BAL_TEN,Marty Mornhinweg
2018,BUF,2018_06_BUF_HOU,Rick Dennison
2018,HOU,2018_06_BUF_HOU,Bill O'Brien
2018,CAR,2018_06_CAR_WAS,Norv Turner
2018,WAS,2018_06_CAR_WAS,Jay Gruden
2018,MIA,2018_06_CHI_MIA,Adam Gase
2018,CHI,2018_06_CHI_MIA,Matt Nagy
2018,IND,2018_06_IND_NYJ,Frank Reich
2018,NYJ,2018_06_IND_NYJ,Jeremy Bates
2018,JAX,2018_06_JAX_DAL,Nathaniel Hackett
2018,DAL,2018_06_JAX_DAL,Scott Linehan
2018,NE,2018_06_KC_NE,Josh McDaniels
2018,KC,2018_06_KC_NE,Andy Reid
2018,DEN,2018_06_LA_DEN,Bill Musgrave
2018,LA,2018_06_LA_DEN,Sean McVay
2018,CLE,2018_06_LAC_CLE,Todd Haley
2018,LAC,2018_06_LAC_CLE,Ken Whisenhunt
2018,NYG,2018_06_PHI_NYG,Pat Shurmur
2018,PHI,2018_06_PHI_NYG,Doug Pederson
2018,PIT,2018_06_PIT_CIN,Randy Fichtner
2018,CIN,2018_06_PIT_CIN,Bill Lazor
2018,SEA,2018_06_SEA_OAK,Brian Schottenheimer
2018,LV,2018_06_SEA_OAK,Jon Gruden
2018,SF,2018_06_SF_GB,Kyle Shanahan
2018,GB,2018_06_SF_GB,Mike McCarthy
2018,TB,2018_06_TB_ATL,Todd Monken
2018,ATL,2018_06_TB_ATL,Steve Sarkisian
2018,IND,2018_07_BUF_IND,Frank Reich
2018,BUF,2018_07_BUF_IND,Rick Dennison
2018,PHI,2018_07_CAR_PHI,Doug Pederson
2018,CAR,2018_07_CAR_PHI,Norv Turner
2018,CIN,2018_07_CIN_KC,Bill Lazor
2018,KC,2018_07_CIN_KC,Andy Reid
2018,CLE,2018_07_CLE_TB,Todd Haley
2018,TB,2018_07_CLE_TB,Todd Monken
2018,DAL,2018_07_DAL_WAS,Scott Linehan
2018,WAS,2018_07_DAL_WAS,Jay Gruden
2018,ARI,2018_07_DEN_ARI,Mike McCoy
2018,DEN,2018_07_DEN_ARI,Bill Musgrave
2018,MIA,2018_07_DET_MIA,Adam Gase
2018,DET,2018_07_DET_MIA,Jim Bob Cooter
2018,JAX,2018_07_HOU_JAX,Nathaniel Hackett
2018,HOU,2018_07_HOU_JAX,Bill O'Brien
2018,LA,2018_07_LA_SF,Sean McVay
2018,SF,2018_07_LA_SF,Kyle Shanahan
2018,MIN,2018_07_MIN_NYJ,John DeFilippo
2018,NYJ,2018_07_MIN_NYJ,Jeremy Bates
2018,NE,2018_07_NE_CHI,Josh McDaniels
2018,CHI,2018_07_NE_CHI,Matt Nagy
2018,NO,2018_07_NO_BAL,Sean Payton
2018,BAL,2018_07_NO_BAL,Marty Mornhinweg
2018,ATL,2018_07_NYG_ATL,Steve Sarkisian
2018,NYG,2018_07_NYG_ATL,Pat Shurmur
2018,TEN,2018_07_TEN_LAC,Matt LaFleur
2018,LAC,2018_07_TEN_LAC,Ken Whisenhunt
2018,BAL,2018_08_BAL_CAR,Marty Mornhinweg
2018,CAR,2018_08_BAL_CAR,Norv Turner
2018,CLE,2018_08_CLE_PIT,Todd Haley
2018,PIT,2018_08_CLE_PIT,Randy Fichtner
2018,DEN,2018_08_DEN_KC,Bill Musgrave
2018,KC,2018_08_DEN_KC,Andy Reid
2018,GB,2018_08_GB_LA,Mike McCarthy
2018,LA,2018_08_GB_LA,Sean McVay
2018,IND,2018_08_IND_OAK,Frank Reich
2018,LV,2018_08_IND_OAK,Jon Gruden
2018,MIA,2018_08_MIA_HOU,Adam Gase
2018,HOU,2018_08_MIA_HOU,Bill O'Brien
2018,NE,2018_08_NE_BUF,Josh McDaniels
2018,BUF,2018_08_NE_BUF,Rick Dennison
2018,NO,2018_08_NO_MIN,Sean Payton
2018,MIN,2018_08_NO_MIN,John DeFilippo
2018,NYJ,2018_08_NYJ_CHI,Jeremy Bates
2018,CHI,2018_08_NYJ_CHI,Matt Nagy
2018,PHI,2018_08_PHI_JAX,Doug Pederson
2018,JAX,2018_08_PHI_JAX,Nathaniel Hackett
2018,SEA,2018_08_SEA_DET,Brian Schottenheimer
2018,DET,2018_08_SEA_DET,Jim Bob Cooter
2018,SF,2018_08_SF_ARI,Kyle Shanahan
2018,ARI,2018_08_SF_ARI,Byron Leftwich
2018,CIN,2018_08_TB_CIN,Bill Lazor
2018,TB,2018_08_TB_CIN,Todd Monken
2018,WAS,2018_08_WAS_NYG,Jay Gruden
2018,NYG,2018_08_WAS_NYG,Pat Shurmur
2018,WAS,2018_09_ATL_WAS,Jay Gruden
2018,ATL,2018_09_ATL_WAS,Steve Sarkisian
2018,CHI,2018_09_CHI_BUF,Matt Nagy
2018,BUF,2018_09_CHI_BUF,Rick Dennison
2018,MIN,2018_09_DET_MIN,John DeFilippo
2018,DET,2018_09_DET_MIN,Jim Bob Cooter
2018,NE,2018_09_GB_NE,Josh McDaniels
2018,GB,2018_09_GB_NE,Mike McCarthy
2018,HOU,2018_09_HOU_DEN,Bill O'Brien
2018,DEN,2018_09_HOU_DEN,Bill Musgrave
2018,CLE,2018_09_KC_CLE,Freddie Kitchens
2018,KC,2018_09_KC_CLE,Andy Reid
2018,NO,2018_09_LA_NO,Sean Payton
2018,LA,2018_09_LA_NO,Sean McVay
2018,SEA,2018_09_LAC_SEA,Brian Schottenheimer
2018,LAC,2018_09_LAC_SEA,Ken Whisenhunt
2018,MIA,2018_09_NYJ_MIA,Adam Gase
2018,NYJ,2018_09_NYJ_MIA,Jeremy Bates
2018,LV,2018_09_OAK_SF,Jon Gruden
2018,SF,2018_09_OAK_SF,Kyle Shanahan
2018,BAL,2018_09_PIT_BAL,Marty Mornhinweg
2018,PIT,2018_09_PIT_BAL,Randy Fichtner
2018,TB,2018_09_TB_CAR,Todd Monken
2018,CAR,2018_09_TB_CAR,Norv Turner
2018,DAL,2018_09_TEN_DAL,Scott Linehan
2018,TEN,2018_09_TEN_DAL,Matt LaFleur
2018,KC,2018_10_ARI_KC,Andy Reid
2018,ARI,2018_10_ARI_KC,Byron Leftwich
2018,CLE,2018_10_ATL_CLE,Freddie Kitchens
2018,ATL,2018_10_ATL_CLE,Steve Sarkisian
2018,BUF,2018_10_BUF_NYJ,Rick Dennison
2018,NYJ,2018_10_BUF_NYJ,Jeremy Bates
2018,CAR,2018_10_CAR_PIT,Norv Turner
2018,PIT,2018_10_CAR_PIT,Randy Fichtner
2018,PHI,2018_10_DAL_PHI,Doug Pederson
2018,DAL,2018_10_DAL_PHI,Scott Linehan
2018,CHI,2018_10_DET_CHI,Matt Nagy
2018,DET,2018_10_DET_CHI,Jim Bob Cooter
2018,IND,2018_10_JAX_IND,Frank Reich
2018,JAX,2018_10_JAX_IND,Nathaniel Hackett
2018,LV,2018_10_LAC_OAK,Jon Gruden
2018,LAC,2018_10_LAC_OAK,Ken Whisenhunt
2018,MIA,2018_10_MIA_GB,Adam Gase
2018,GB,2018_10_MIA_GB,Mike McCarthy
2018,TEN,2018_10_NE_TEN,Matt LaFleur
2018,NE,2018_10_NE_TEN,Josh McDaniels
2018,NO,2018_10_NO_CIN,Sean Payton
2018,CIN,2018_10_NO_CIN,Bill Lazor
2018,NYG,2018_10_NYG_SF,Pat Shurmur
2018,SF,2018_10_NYG_SF,Kyle Shanahan
2018,SEA,2018_10_SEA_LA,Brian Schottenheimer
2018,LA,2018_10_SEA_LA,Sean McVay
2018,TB,2018_10_WAS_TB,Todd Monken
2018,WAS,2018_10_WAS_TB,Jay Gruden
2018,CAR,2018_11_CAR_DET,Norv Turner
2018,DET,2018_11_CAR_DET,Jim Bob Cooter
2018,CIN,2018_11_CIN_BAL,Bill Lazor
2018,BAL,2018_11_CIN_BAL,Marty Mornhinweg
2018,ATL,2018_11_DAL_ATL,Steve Sarkisian
2018,DAL,2018_11_DAL_ATL,Scott Linehan
2018,DEN,2018_11_DEN_LAC,Bill Musgrave
2018,LAC,2018_11_DEN_LAC,Ken Whisenhunt
2018,SEA,2018_11_GB_SEA,Brian Schottenheimer
2018,GB,2018_11_GB_SEA,Mike McCarthy
2018,WAS,2018_11_HOU_WAS,Jay Gruden
2018,HOU,2018_11_HOU_WAS,Bill O'Brien
2018,LA,2018_11_KC_LA,Sean McVay
2018,KC,2018_11_KC_LA,Andy Reid
2018,MIN,2018_11_MIN_CHI,John DeFilippo
2018,CHI,2018_11_MIN_CHI,Matt Nagy
2018,ARI,2018_11_OAK_ARI,Byron Leftwich
2018,LV,2018_11_OAK_ARI,Jon Gruden
2018,PHI,2018_11_PHI_NO,Doug Pederson
2018,NO,2018_11_PHI_NO,Sean Payton
2018,JAX,2018_11_PIT_JAX,Nathaniel Hackett
2018,PIT,2018_11_PIT_JAX,Randy Fichtner
2018,NYG,2018_11_TB_NYG,Pat Shurmur
2018,TB,2018_11_TB_NYG,Todd Monken
2018,TEN,2018_11_TEN_IND,Matt LaFleur
2018,IND,2018_11_TEN_IND,Frank Reich
2018,ARI,2018_12_ARI_LAC,Byron Leftwich
2018,LAC,2018_12_ARI_LAC,Ken Whisenhunt
2018,NO,2018_12_ATL_NO,Sean Payton
2018,ATL,2018_12_ATL_NO,Steve Sarkisian
2018,DET,2018_12_CHI_DET,Jim Bob Cooter
2018,CHI,2018_12_CHI_DET,Matt Nagy
2018,CLE,2018_12_CLE_CIN,Freddie Kitchens
2018,CIN,2018_12_CLE_CIN,Bill Lazor
2018,MIN,2018_12_GB_MIN,John DeFilippo
2018,GB,2018_12_GB_MIN,Mike McCarthy
2018,BUF,2018_12_JAX_BUF,Rick Dennison
2018,JAX,2018_12_JAX_BUF,Nathaniel Hackett
2018,MIA,2018_12_MIA_IND,Adam Gase
2018,IND,2018_12_MIA_IND,Frank Reich
2018,NYJ,2018_12_NE_NYJ,Jeremy Bates
2018,NE,2018_12_NE_NYJ,Josh McDaniels
2018,NYG,2018_12_NYG_PHI,Pat Shurmur
2018,PHI,2018_12_NYG_PHI,Doug Pederson
2018,LV,2018_12_OAK_BAL,Jon Gruden
2018,BAL,2018_12_OAK_BAL,Marty Mornhinweg
2018,DEN,2018_12_PIT_DEN,Bill Musgrave
2018,PIT,2018_12_PIT_DEN,Randy Fichtner
2018,SEA,2018_12_SEA_CAR,Brian Schottenheimer
2018,CAR,2018_12_SEA_CAR,Norv Turner
2018,TB,2018_12_SF_TB,Todd Monken
2018,SF,2018_12_SF_TB,Kyle Shanahan
2018,TEN,2018_12_TEN_HOU,Matt LaFleur
2018,HOU,2018_12_TEN_HOU,Bill O'Brien
2018,DAL,2018_12_WAS_DAL,Scott Linehan
2018,WAS,2018_12_WAS_DAL,Jay Gruden
2018,GB,2018_13_ARI_GB,Mike McCarthy
2018,ARI,2018_13_ARI_GB,Byron Leftwich
2018,ATL,2018_13_BAL_ATL,Steve Sarkisian
2018,BAL,2018_13_BAL_ATL,Marty Mornhinweg
2018,MIA,2018_13_BUF_MIA,Adam Gase
2018,BUF,2018_13_BUF_MIA,Rick Dennison
2018,TB,2018_13_CAR_TB,Todd Monken
2018,CAR,2018_13_CAR_TB,Norv Turner
2018,CHI,2018_13_CHI_NYG,Matt Nagy
2018,NYG,2018_13_CHI_NYG,Pat Shurmur
2018,HOU,2018_13_CLE_HOU,Bill O'Brien
2018,CLE,2018_13_CLE_HOU,Freddie Kitchens
2018,DEN,2018_13_DEN_CIN,Bill Musgrave
2018,CIN,2018_13_DEN_CIN,Bill Lazor
2018,JAX,2018_13_IND_JAX,Scott Milanovich
2018,IND,2018_13_IND_JAX,Frank Reich
2018,KC,2018_13_KC_OAK,Andy Reid
2018,LV,2018_13_KC_OAK,Jon Gruden
2018,LA,2018_13_LA_DET,Sean McVay
2018,DET,2018_13_LA_DET,Jim Bob Cooter
2018,LAC,2018_13_LAC_PIT,Ken Whisenhunt
2018,PIT,2018_13_LAC_PIT,Randy Fichtner
2018,MIN,2018_13_MIN_NE,John DeFilippo
2018,NE,2018_13_MIN_NE,Josh McDaniels
2018,DAL,2018_13_NO_DAL,Scott Linehan
2018,NO,2018_13_NO_DAL,Sean Payton
2018,TEN,2018_13_NYJ_TEN,Matt LaFleur
2018,NYJ,2018_13_NYJ_TEN,Jeremy Bates
2018,SF,2018_13_SF_SEA,Kyle Shanahan
2018,SEA,2018_13_SF_SEA,Brian Schottenheimer
2018,PHI,2018_13_WAS_PHI,Doug Pederson
2018,WAS,2018_13_WAS_PHI,Jay Gruden
2018,ATL,2018_14_ATL_GB,Steve Sarkisian
2018,GB,2018_14_ATL_GB,Joe Philbin
2018,KC,2018_14_BAL_KC,Andy Reid
2018,BAL,2018_14_BAL_KC,Marty Mornhinweg
2018,CAR,2018_14_CAR_CLE,Norv Turner
2018,CLE,2018_14_CAR_CLE,Freddie Kitchens
2018,LAC,2018_14_CIN_LAC,Ken Whisenhunt
2018,CIN,2018_14_CIN_LAC,Bill Lazor
2018,SF,2018_14_DEN_SF,Kyle Shanahan
2018,DEN,2018_14_DEN_SF,Bill Musgrave
2018,DET,2018_14_DET_ARI,Jim Bob Cooter
2018,ARI,2018_14_DET_ARI,Byron Leftwich
2018,IND,2018_14_IND_HOU,Frank Reich
2018,HOU,2018_14_IND_HOU,Bill O'Brien
2018,TEN,2018_14_JAX_TEN,Matt LaFleur
2018,JAX,2018_14_JAX_TEN,Scott Milanovich
2018,CHI,2018_14_LA_CHI,Matt Nagy
2018,LA,2018_14_LA_CHI,Sean McVay
2018,MIN,2018_14_MIN_SEA,John DeFilippo
2018,SEA,2018_14_MIN_SEA,Brian Schottenheimer
2018,NE,2018_14_NE_MIA,Josh McDaniels
2018,MIA,2018_14_NE_MIA,Adam Gase
2018,TB,2018_14_NO_TB,Todd Monken
2018,NO,2018_14_NO_TB,Sean Payton
2018,WAS,2018_14_NYG_WAS,Jay Gruden
2018,NYG,2018_14_NYG_WAS,Pat Shurmur
2018,BUF,2018_14_NYJ_BUF,Rick Dennison
2018,NYJ,2018_14_NYJ_BUF,Jeremy Bates
2018,DAL,2018_14_PHI_DAL,Scott Linehan
2018,PHI,2018_14_PHI_DAL,Doug Pederson
2018,LV,2018_14_PIT_OAK,Jon Gruden
2018,PIT,2018_14_PIT_OAK,Randy Fichtner
2018,ATL,2018_15_ARI_ATL,Steve Sarkisian
2018,ARI,2018_15_ARI_ATL,Byron Leftwich
2018,DEN,2018_15_CLE_DEN,Bill Musgrave
2018,CLE,2018_15_CLE_DEN,Freddie Kitchens
2018,DAL,2018_15_DAL_IND,Scott Linehan
2018,IND,2018_15_DAL_IND,Frank Reich
2018,BUF,2018_15_DET_BUF,Rick Dennison
2018,DET,2018_15_DET_BUF,Jim Bob Cooter
2018,CHI,2018_15_GB_CHI,Matt Nagy
2018,GB,2018_15_GB_CHI,Joe Philbin
2018,NYJ,2018_15_HOU_NYJ,Jeremy Bates
2018,HOU,2018_15_HOU_NYJ,Bill O'Brien
2018,LAC,2018_15_LAC_KC,Ken Whisenhunt
2018,KC,2018_15_LAC_KC,Andy Reid
2018,MIN,2018_15_MIA_MIN,Kevin Stefanski
2018,MIA,2018_15_MIA_MIN,Adam Gase
2018,PIT,2018_15_NE_PIT,Randy Fichtner
2018,NE,2018_15_NE_PIT,Josh McDaniels
2018,CAR,2018_15_NO_CAR,Norv Turner
2018,NO,2018_15_NO_CAR,Sean Payton
2018,LV,2018_15_OAK_CIN,Jon Gruden
2018,CIN,2018_15_OAK_CIN,Bill Lazor
2018,LA,2018_15_PHI_LA,Sean McVay
2018,PHI,2018_15_PHI_LA,Doug Pederson
2018,SF,2018_15_SEA_SF,Kyle Shanahan
2018,SEA,2018_15_SEA_SF,Brian Schottenheimer
2018,TB,2018_15_TB_BAL,Todd Monken
2018,BAL,2018_15_TB_BAL,Marty Mornhinweg
2018,TEN,2018_15_TEN_NYG,Matt LaFleur
2018,NYG,2018_15_TEN_NYG,Pat Shurmur
2018,JAX,2018_15_WAS_JAX,Scott Milanovich
2018,WAS,2018_15_WAS_JAX,Jay Gruden
2018,CAR,2018_16_ATL_CAR,Norv Turner
2018,ATL,2018_16_ATL_CAR,Steve Sarkisian
2018,LAC,2018_16_BAL_LAC,Ken Whisenhunt
2018,BAL,2018_16_BAL_LAC,Marty Mornhinweg
2018,BUF,2018_16_BUF_NE,Rick Dennison
2018,NE,2018_16_BUF_NE,Josh McDaniels
2018,CHI,2018_16_CHI_SF,Matt Nagy
2018,SF,2018_16_CHI_SF,Kyle Shanahan
2018,CLE,2018_16_CIN_CLE,Freddie Kitchens
2018,CIN,2018_16_CIN_CLE,Bill Lazor
2018,DEN,2018_16_DEN_OAK,Bill Musgrave
2018,LV,2018_16_DEN_OAK,Jon Gruden
2018,NYJ,2018_16_GB_NYJ,Jeremy Bates
2018,GB,2018_16_GB_NYJ,Joe Philbin
2018,HOU,2018_16_HOU_PHI,Bill O'Brien
2018,PHI,2018_16_HOU_PHI,Doug Pederson
2018,MIA,2018_16_JAX_MIA,Adam Gase
2018,JAX,2018_16_JAX_MIA,Scott Milanovich
2018,KC,2018_16_KC_SEA,Andy Reid
2018,SEA,2018_16_KC_SEA,Brian Schottenheimer
2018,LA,2018_16_LA_ARI,Sean McVay
2018,ARI,2018_16_LA_ARI,Byron Leftwich
2018,DET,2018_16_MIN_DET,Jim Bob Cooter
2018,MIN,2018_16_MIN_DET,Kevin Stefanski
2018,IND,2018_16_NYG_IND,Frank Reich
2018,NYG,2018_16_NYG_IND,Pat Shurmur
2018,PIT,2018_16_PIT_NO,Randy Fichtner
2018,NO,2018_16_PIT_NO,Sean Payton
2018,TB,2018_16_TB_DAL,Todd Monken
2018,DAL,2018_16_TB_DAL,Scott Linehan
2018,WAS,2018_16_WAS_TEN,Jay Gruden
2018,TEN,2018_16_WAS_TEN,Matt LaFleur
2018,ARI,2018_17_ARI_SEA,Byron Leftwich
2018,SEA,2018_17_ARI_SEA,Brian Schottenheimer
2018,TB,2018_17_ATL_TB,Todd Monken
2018,ATL,2018_17_ATL_TB,Steve Sarkisian
2018,CAR,2018_17_CAR_NO,Norv Turner
2018,NO,2018_17_CAR_NO,Sean Payton
2018,MIN,2018_17_CHI_MIN,Kevin Stefanski
2018,CHI,2018_17_CHI_MIN,Matt Nagy
2018,PIT,2018_17_CIN_PIT,Randy Fichtner
2018,CIN,2018_17_CIN_PIT,Bill Lazor
2018,CLE,2018_17_CLE_BAL,Freddie Kitchens
2018,BAL,2018_17_CLE_BAL,Marty Mornhinweg
2018,NYG,2018_17_DAL_NYG,Pat Shurmur
2018,DAL,2018_17_DAL_NYG,Scott Linehan
2018,DET,2018_17_DET_GB,Jim Bob Cooter
2018,GB,2018_17_DET_GB,Joe Philbin
2018,TEN,2018_17_IND_TEN,Matt LaFleur
2018,IND,2018_17_IND_TEN,Frank Reich
2018,HOU,2018_17_JAX_HOU,Bill O'Brien
2018,JAX,2018_17_JAX_HOU,Scott Milanovich
2018,LAC,2018_17_LAC_DEN,Ken Whisenhunt
2018,DEN,2018_17_LAC_DEN,Bill Musgrave
2018,BUF,2018_17_MIA_BUF,Rick Dennison
2018,MIA,2018_17_MIA_BUF,Adam Gase
2018,NE,2018_17_NYJ_NE,Josh McDaniels
2018,NYJ,2018_17_NYJ_NE,Jeremy Bates
2018,KC,2018_17_OAK_KC,Andy Reid
2018,LV,2018_17_OAK_KC,Jon Gruden
2018,WAS,2018_17_PHI_WAS,Jay Gruden
2018,PHI,2018_17_PHI_WAS,Doug Pederson
2018,SF,2018_17_SF_LA,Kyle Shanahan
2018,LA,2018_17_SF_LA,Sean McVay
2018,IND,2018_18_IND_HOU,Frank Reich
2018,HOU,2018_18_IND_HOU,Bill O'Brien
2018,BAL,2018_18_LAC_BAL,Marty Mornhinweg
2018,LAC,2018_18_LAC_BAL,Ken Whisenhunt
2018,PHI,2018_18_PHI_CHI,Doug Pederson
2018,CHI,2018_18_PHI_CHI,Matt Nagy
2018,DAL,2018_18_SEA_DAL,Scott Linehan
2018,SEA,2018_18_SEA_DAL,Brian Schottenheimer
2018,LA,2018_19_DAL_LA,Sean McVay
2018,DAL,2018_19_DAL_LA,Scott Linehan
2018,IND,2018_19_IND_KC,Frank Reich
2018,KC,2018_19_IND_KC,Andy Reid
2018,NE,2018_19_LAC_NE,Josh McDaniels
2018,LAC,2018_19_LAC_NE,Ken Whisenhunt
2018,NO,2018_19_PHI_NO,Sean Payton
2018,PHI,2018_19_PHI_NO,Doug Pederson
2018,NO,2018_20_LA_NO,Sean Payton
2018,LA,2018_20_LA_NO,Sean McVay
2018,NE,2018_20_NE_KC,Josh McDaniels
2018,KC,2018_20_NE_KC,Andy Reid
2018,NE,2018_21_NE_LA,Josh McDaniels
2018,LA,2018_21_NE_LA,Sean McVay
2019,ATL,2019_01_ATL_MIN,Dirk Koetter
2019,MIN,2019_01_ATL_MIN,Kevin Stefanski
2019,BAL,2019_01_BAL_MIA,Greg Roman
2019,MIA,2019_01_BAL_MIA,Chad O'Shea
2019,BUF,2019_01_BUF_NYJ,Brian Daboll
2019,NYJ,2019_01_BUF_NYJ,Adam Gase
2019,CIN,2019_01_CIN_SEA,Zac Taylor
2019,SEA,2019_01_CIN_SEA,Brian Schottenheimer
2019,LV,2019_01_DEN_OAK,Jon Gruden
2019,DEN,2019_01_DEN_OAK,Rich Scangarello
2019,DET,2019_01_DET_ARI,Darrell Bevell
2019,ARI,2019_01_DET_ARI,Kliff Kingsbury
2019,GB,2019_01_GB_CHI,Matt LaFleur
2019,CHI,2019_01_GB_CHI,Matt Nagy
2019,HOU,2019_01_HOU_NO,Bill O'Brien
2019,NO,2019_01_HOU_NO,Sean Payton
2019,LAC,2019_01_IND_LAC,Ken Whisenhunt
2019,IND,2019_01_IND_LAC,Frank Reich
2019,KC,2019_01_KC_JAX,Andy Reid
2019,JAX,2019_01_KC_JAX,John DeFilippo
2019,CAR,2019_01_LA_CAR,Norv Turner
2019,LA,2019_01_LA_CAR,Sean McVay
2019,DAL,2019_01_NYG_DAL,Kellen Moore
2019,NYG,2019_01_NYG_DAL,Pat Shurmur
2019,NE,2019_01_PIT_NE,Josh McDaniels
2019,PIT,2019_01_PIT_NE,Randy Fichtner
2019,TB,2019_01_SF_TB,Byron Leftwich
2019,SF,2019_01_SF_TB,Kyle Shanahan
2019,CLE,2019_01_TEN_CLE,Freddie Kitchens
2019,TEN,2019_01_TEN_CLE,Arthur Smith
2019,WAS,2019_01_WAS_PHI,Jay Gruden
2019,PHI,2019_01_WAS_PHI,Doug Pederson
2019,ARI,2019_02_ARI_BAL,Kliff Kingsbury
2019,BAL,2019_02_ARI_BAL,Greg Roman
2019,NYG,2019_02_BUF_NYG,Pat Shurmur
2019,BUF,2019_02_BUF_NYG,Brian Daboll
2019,DEN,2019_02_CHI_DEN,Rich Scangarello
2019,CHI,2019_02_CHI_DEN,Matt Nagy
2019,CLE,2019_02_CLE_NYJ,Freddie Kitchens
2019,NYJ,2019_02_CLE_NYJ,Adam Gase
2019,WAS,2019_02_DAL_WAS,Jay Gruden
2019,DAL,2019_02_DAL_WAS,Kellen Moore
2019,TEN,2019_02_IND_TEN,Arthur Smith
2019,IND,2019_02_IND_TEN,Frank Reich
2019,JAX,2019_02_JAX_HOU,John DeFilippo
2019,HOU,2019_02_JAX_HOU,Bill O'Brien
2019,LV,2019_02_KC_OAK,Jon Gruden
2019,KC,2019_02_KC_OAK,Andy Reid
2019,LAC,2019_02_LAC_DET,Ken Whisenhunt
2019,DET,2019_02_LAC_DET,Darrell Bevell
2019,GB,2019_02_MIN_GB,Matt LaFleur
2019,MIN,2019_02_MIN_GB,Kevin Stefanski
2019,MIA,2019_02_NE_MIA,Chad O'Shea
2019,NE,2019_02_NE_MIA,Josh McDaniels
2019,NO,2019_02_NO_LA,Sean Payton
2019,LA,2019_02_NO_LA,Sean McVay
2019,ATL,2019_02_PHI_ATL,Dirk Koetter
2019,PHI,2019_02_PHI_ATL,Doug Pederson
2019,PIT,2019_02_SEA_PIT,Randy Fichtner
2019,SEA,2019_02_SEA_PIT,Brian Schottenheimer
2019,CIN,2019_02_SF_CIN,Zac Taylor
2019,SF,2019_02_SF_CIN,Kyle Shanahan
2019,TB,2019_02_TB_CAR,Byron Leftwich
2019,CAR,2019_02_TB_CAR,Norv Turner
2019,IND,2019_03_ATL_IND,Frank Reich
2019,ATL,2019_03_ATL_IND,Dirk Koetter
2019,KC,2019_03_BAL_KC,Andy Reid
2019,BAL,2019_03_BAL_KC,Greg Roman
2019,CAR,2019_03_CAR_ARI,Norv Turner
2019,ARI,2019_03_CAR_ARI,Kliff Kingsbury
2019,CHI,2019_03_CHI_WAS,Matt Nagy
2019,WAS,2019_03_CHI_WAS,Jay Gruden
2019,BUF,2019_03_CIN_BUF,Brian Daboll
2019,CIN,2019_03_CIN_BUF,Zac Taylor
2019,GB,2019_03_DEN_GB,Matt LaFleur
2019,DEN,2019_03_DEN_GB,Rich Scangarello
2019,PHI,2019_03_DET_PHI,Doug Pederson
2019,DET,2019_03_DET_PHI,Darrell Bevell
2019,LAC,2019_03_HOU_LAC,Ken Whisenhunt
2019,HOU,2019_03_HOU_LAC,Bill O'Brien
2019,CLE,2019_03_LA_CLE,Freddie Kitchens
2019,LA,2019_03_LA_CLE,Sean McVay
2019,MIA,2019_03_MIA_DAL,Chad O'Shea
2019,DAL,2019_03_MIA_DAL,Kellen Moore
2019,SEA,2019_03_NO_SEA,Brian Schottenheimer
2019,NO,2019_03_NO_SEA,Sean Payton
2019,TB,2019_03_NYG_TB,Byron Leftwich
2019,NYG,2019_03_NYG_TB,Pat Shurmur
2019,NYJ,2019_03_NYJ_NE,Adam Gase
2019,NE,2019_03_NYJ_NE,Josh McDaniels
2019,MIN,2019_03_OAK_MIN,Kevin Stefanski
2019,LV,2019_03_OAK_MIN,Jon Gruden
2019,SF,2019_03_PIT_SF,Kyle Shanahan
2019,PIT,2019_03_PIT_SF,Randy Fichtner
2019,JAX,2019_03_TEN_JAX,John DeFilippo
2019,TEN,2019_03_TEN_JAX,Arthur Smith
2019,CAR,2019_04_CAR_HOU,Norv Turner
2019,HOU,2019_04_CAR_HOU,Bill O'Brien
2019,CIN,2019_04_CIN_PIT,Zac Taylor
2019,PIT,2019_04_CIN_PIT,Randy Fichtner
2019,CLE,2019_04_CLE_BAL,Freddie Kitchens
2019,BAL,2019_04_CLE_BAL,Greg Roman
2019,DAL,2019_04_DAL_NO,Kellen Moore
2019,NO,2019_04_DAL_NO,Sean Payton
2019,DEN,2019_04_JAX_DEN,Rich Scangarello
2019,JAX,2019_04_JAX_DEN,John DeFilippo
2019,DET,2019_04_KC_DET,Darrell Bevell
2019,KC,2019_04_KC_DET,Andy Reid
2019,LAC,2019_04_LAC_MIA,Ken Whisenhunt
2019,MIA,2019_04_LAC_MIA,Chad O'Shea
2019,CHI,2019_04_MIN_CHI,Matt Nagy
2019,MIN,2019_04_MIN_CHI,Kevin Stefanski
2019,NE,2019_04_NE_BUF,Josh McDaniels
2019,BUF,2019_04_NE_BUF,Brian Daboll
2019,LV,2019_04_OAK_IND,Jon Gruden
2019,IND,2019_04_OAK_IND,Frank Reich
2019,PHI,2019_04_PHI_GB,Doug Pederson
2019,GB,2019_04_PHI_GB,Matt LaFleur
2019,ARI,2019_04_SEA_ARI,Kliff Kingsbury
2019,SEA,2019_04_SEA_ARI,Brian Schottenheimer
2019,TB,2019_04_TB_LA,Byron Leftwich
2019,LA,2019_04_TB_LA,Sean McVay
2019,TEN,2019_04_TEN_ATL,Arthur Smith
2019,ATL,2019_04_TEN_ATL,Dirk Koetter
2019,WAS,2019_04_WAS_NYG,Jay Gruden
2019,NYG,2019_04_WAS_NYG,Pat Shurmur
2019,ARI,2019_05_ARI_CIN,Kliff Kingsbury
2019,CIN,2019_05_ARI_CIN,Zac Taylor
2019,ATL,2019_05_ATL_HOU,Dirk Koetter
2019,HOU,2019_05_ATL_HOU,Bill O'Brien
2019,PIT,2019_05_BAL_PIT,Randy Fichtner
2019,BAL,2019_05_BAL_PIT,Greg Roman
2019,TEN,2019_05_BUF_TEN,Arthur Smith
2019,BUF,2019_05_BUF_TEN,Brian Daboll
2019,LV,2019_05_CHI_OAK,Jon Gruden
2019,CHI,2019_05_CHI_OAK,Matt Nagy
2019,CLE,2019_05_CLE_SF,Freddie Kitchens
2019,SF,2019_05_CLE_SF,Kyle Shanahan
2019,DEN,2019_05_DEN_LAC,Rich Scangarello
2019,LAC,2019_05_DEN_LAC,Ken Whisenhunt
2019,GB,2019_05_GB_DAL,Matt LaFleur
2019,DAL,2019_05_GB_DAL,Kellen Moore
2019,KC,2019_05_IND_KC,Andy Reid
2019,IND,2019_05_IND_KC,Frank Reich
2019,CAR,2019_05_JAX_CAR,Norv Turner
2019,JAX,2019_05_JAX_CAR,John DeFilippo
2019,SEA,2019_05_LA_SEA,Brian Schottenheimer
2019,LA,2019_05_LA_SEA,Sean McVay
2019,MIN,2019_05_MIN_NYG,Kevin Stefanski
2019,NYG,2019_05_MIN_NYG,Pat Shurmur
2019,WAS,2019_05_NE_WAS,Jay Gruden
2019,NE,2019_05_NE_WAS,Josh McDaniels
2019,NYJ,2019_05_NYJ_PHI,Adam Gase
2019,PHI,2019_05_NYJ_PHI,Doug Pederson
2019,TB,2019_05_TB_NO,Byron Leftwich
2019,NO,2019_05_TB_NO,Sean Payton
2019,ATL,2019_06_ATL_ARI,Dirk Koetter
2019,ARI,2019_06_ATL_ARI,Kliff Kingsbury
2019,TB,2019_06_CAR_TB,Byron Leftwich
2019,CAR,2019_06_CAR_TB,Norv Turner
2019,CIN,2019_06_CIN_BAL,Zac Taylor
2019,BAL,2019_06_CIN_BAL,Greg Roman
2019,NYJ,2019_06_DAL_NYJ,Adam Gase
2019,DAL,2019_06_DAL_NYJ,Kellen Moore
2019,DET,2019_06_DET_GB,Darrell Bevell
2019,GB,2019_06_DET_GB,Matt LaFleur
2019,KC,2019_06_HOU_KC,Andy Reid
2019,HOU,2019_06_HOU_KC,Bill O'Brien
2019,NO,2019_06_NO_JAX,Sean Payton
2019,JAX,2019_06_NO_JAX,John DeFilippo
2019,NE,2019_06_NYG_NE,Josh McDaniels
2019,NYG,2019_06_NYG_NE,Pat Shurmur
2019,MIN,2019_06_PHI_MIN,Kevin Stefanski
2019,PHI,2019_06_PHI_MIN,Doug Pederson
2019,LAC,2019_06_PIT_LAC,Ken Whisenhunt
2019,PIT,2019_06_PIT_LAC,Randy Fichtner
2019,CLE,2019_06_SEA_CLE,Freddie Kitchens
2019,SEA,2019_06_SEA_CLE,Brian Schottenheimer
2019,SF,2019_06_SF_LA,Kyle Shanahan
2019,LA,2019_06_SF_LA,Sean McVay
2019,TEN,2019_06_TEN_DEN,Arthur Smith
2019,DEN,2019_06_TEN_DEN,Rich Scangarello
2019,WAS,2019_06_WAS_MIA,Kevin O'Connell
2019,MIA,2019_06_WAS_MIA,Chad O'Shea
2019,ARI,2019_07_ARI_NYG,Kliff Kingsbury
2019,NYG,2019_07_ARI_NYG,Pat Shurmur
2019,BAL,2019_07_BAL_SEA,Greg Roman
2019,SEA,2019_07_BAL_SEA,Brian Schottenheimer
2019,HOU,2019_07_HOU_IND,Bill O'Brien
2019,IND,2019_07_HOU_IND,Frank Reich
2019,JAX,2019_07_JAX_CIN,John DeFilippo
2019,CIN,2019_07_JAX_CIN,Zac Taylor
2019,DEN,2019_07_KC_DEN,Rich Scangarello
2019,KC,2019_07_KC_DEN,Andy Reid
2019,ATL,2019_07_LA_ATL,Dirk Koetter
2019,LA,2019_07_LA_ATL,Sean McVay
2019,LAC,2019_07_LAC_TEN,Ken Whisenhunt
2019,TEN,2019_07_LAC_TEN,Arthur Smith
2019,BUF,2019_07_MIA_BUF,Brian Daboll
2019,MIA,2019_07_MIA_BUF,Chad O'Shea
2019,DET,2019_07_MIN_DET,Darrell Bevell
2019,MIN,2019_07_MIN_DET,Kevin Stefanski
2019,NE,2019_07_NE_NYJ,Josh McDaniels
2019,NYJ,2019_07_NE_NYJ,Adam Gase
2019,CHI,2019_07_NO_CHI,Matt Nagy
2019,NO,2019_07_NO_CHI,Sean Payton
2019,LV,2019_07_OAK_GB,Jon Gruden
2019,GB,2019_07_OAK_GB,Matt LaFleur
2019,PHI,2019_07_PHI_DAL,Doug Pederson
2019,DAL,2019_07_PHI_DAL,Kellen Moore
2019,WAS,2019_07_SF_WAS,Kevin O'Connell
2019,SF,2019_07_SF_WAS,Kyle Shanahan
2019,NO,2019_08_ARI_NO,Sean Payton
2019,ARI,2019_08_ARI_NO,Kliff Kingsbury
2019,SF,2019_08_CAR_SF,Kyle Shanahan
2019,CAR,2019_08_CAR_SF,Norv Turner
2019,CIN,2019_08_CIN_LA,Zac Taylor
2019,LA,2019_08_CIN_LA,Sean McVay
2019,NE,2019_08_CLE_NE,Josh McDaniels
2019,CLE,2019_08_CLE_NE,Freddie Kitchens
2019,IND,2019_08_DEN_IND,Frank Reich
2019,DEN,2019_08_DEN_IND,Rich Scangarello
2019,GB,2019_08_GB_KC,Matt LaFleur
2019,KC,2019_08_GB_KC,Andy Reid
2019,LAC,2019_08_LAC_CHI,Ken Whisenhunt
2019,CHI,2019_08_LAC_CHI,Matt Nagy
2019,MIA,2019_08_MIA_PIT,Chad O'Shea
2019,PIT,2019_08_MIA_PIT,Randy Fichtner
2019,NYG,2019_08_NYG_DET,Pat Shurmur
2019,DET,2019_08_NYG_DET,Darrell Bevell
2019,JAX,2019_08_NYJ_JAX,John DeFilippo
2019,NYJ,2019_08_NYJ_JAX,Adam Gase
2019,LV,2019_08_OAK_HOU,Jon Gruden
2019,HOU,2019_08_OAK_HOU,Bill O'Brien
2019,BUF,2019_08_PHI_BUF,Brian Daboll
2019,PHI,2019_08_PHI_BUF,Doug Pederson
2019,SEA,2019_08_SEA_ATL,Brian Schottenheimer
2019,ATL,2019_08_SEA_ATL,Dirk Koetter
2019,TB,2019_08_TB_TEN,Byron Leftwich
2019,TEN,2019_08_TB_TEN,Arthur Smith
2019,MIN,2019_08_WAS_MIN,Kevin Stefanski
2019,WAS,2019_08_WAS_MIN,Kevin O'Connell
2019,CHI,2019_09_CHI_PHI,Matt Nagy
2019,PHI,2019_09_CHI_PHI,Doug Pederson
2019,DEN,2019_09_CLE_DEN,Rich Scangarello
2019,CLE,2019_09_CLE_DEN,Freddie Kitchens
2019,DAL,2019_09_DAL_NYG,Kellen Moore
2019,NYG,2019_09_DAL_NYG,Pat Shurmur
2019,DET,2019_09_DET_OAK,Darrell Bevell
2019,LV,2019_09_DET_OAK,Jon Gruden
2019,LAC,2019_09_GB_LAC,Shane Steichen
2019,GB,2019_09_GB_LAC,Matt LaFleur
2019,HOU,2019_09_HOU_JAX,Bill O'Brien
2019,JAX,2019_09_HOU_JAX,John DeFilippo
2019,PIT,2019_09_IND_PIT,Randy Fichtner
2019,IND,2019_09_IND_PIT,Frank Reich
2019,MIN,2019_09_MIN_KC,Kevin Stefanski
2019,KC,2019_09_MIN_KC,Andy Reid
2019,BAL,2019_09_NE_BAL,Greg Roman
2019,NE,2019_09_NE_BAL,Josh McDaniels
2019,NYJ,2019_09_NYJ_MIA,Adam Gase
2019,MIA,2019_09_NYJ_MIA,Chad O'Shea
2019,ARI,2019_09_SF_ARI,Kliff Kingsbury
2019,SF,2019_09_SF_ARI,Kyle Shanahan
2019,TB,2019_09_TB_SEA,Byron Leftwich
2019,SEA,2019_09_TB_SEA,Brian Schottenheimer
2019,CAR,2019_09_TEN_CAR,Norv Turner
2019,TEN,2019_09_TEN_CAR,Arthur Smith
2019,WAS,2019_09_WAS_BUF,Kevin O'Connell
2019,BUF,2019_09_WAS_BUF,Brian Daboll
2019,TB,2019_10_ARI_TB,Byron Leftwich
2019,ARI,2019_10_ARI_TB,Kliff Kingsbury
2019,ATL,2019_10_ATL_NO,Dirk Koetter
2019,NO,2019_10_ATL_NO,Sean Payton
2019,BAL,2019_10_BAL_CIN,Greg Roman
2019,CIN,2019_10_BAL_CIN,Zac Taylor
2019,CLE,2019_10_BUF_CLE,Freddie Kitchens
2019,BUF,2019_10_BUF_CLE,Brian Daboll
2019,CAR,2019_10_CAR_GB,Norv Turner
2019,GB,2019_10_CAR_GB,Matt LaFleur
2019,DET,2019_10_DET_CHI,Darrell Bevell
2019,CHI,2019_10_DET_CHI,Matt Nagy
2019,KC,2019_10_KC_TEN,Andy Reid
2019,TEN,2019_10_KC_TEN,Arthur Smith
2019,PIT,2019_10_LA_PIT,Randy Fichtner
2019,LA,2019_10_LA_PIT,Sean McVay
2019,LAC,2019_10_LAC_OAK,Shane Steichen
2019,LV,2019_10_LAC_OAK,Jon Gruden
2019,MIA,2019_10_MIA_IND,Chad O'Shea
2019,IND,2019_10_MIA_IND,Frank Reich
2019,DAL,2019_10_MIN_DAL,Kellen Moore
2019,MIN,2019_10_MIN_DAL,Kevin Stefanski
2019,NYJ,2019_10_NYG_NYJ,Adam Gase
2019,NYG,2019_10_NYG_NYJ,Pat Shurmur
2019,SF,2019_10_SEA_SF,Kyle Shanahan
2019,SEA,2019_10_SEA_SF,Brian Schottenheimer
2019,ARI,2019_11_ARI_SF,Kliff Kingsbury
2019,SF,2019_11_ARI_SF,Kyle Shanahan
2019,ATL,2019_11_ATL_CAR,Dirk Koetter
2019,CAR,2019_11_ATL_CAR,Norv Turner
2019,BUF,2019_11_BUF_MIA,Brian Daboll
2019,MIA,2019_11_BUF_MIA,Chad O'Shea
2019,CHI,2019_11_CHI_LA,Matt Nagy
2019,LA,2019_11_CHI_LA,Sean McVay
2019,LV,2019_11_CIN_OAK,Jon Gruden
2019,CIN,2019_11_CIN_OAK,Zac Taylor
2019,DAL,2019_11_DAL_DET,Kellen Moore
2019,DET,2019_11_DAL_DET,Darrell Bevell
2019,DEN,2019_11_DEN_MIN,Rich Scangarello
2019,MIN,2019_11_DEN_MIN,Kevin Stefanski
2019,HOU,2019_11_HOU_BAL,Bill O'Brien
2019,BAL,2019_11_HOU_BAL,Greg Roman
2019,JAX,2019_11_JAX_IND,John DeFilippo
2019,IND,2019_11_JAX_IND,Frank Reich
2019,LAC,2019_11_KC_LAC,Shane Steichen
2019,KC,2019_11_KC_LAC,Andy Reid
2019,PHI,2019_11_NE_PHI,Doug Pederson
2019,NE,2019_11_NE_PHI,Josh McDaniels
2019,NO,2019_11_NO_TB,Sean Payton
2019,TB,2019_11_NO_TB,Byron Leftwich
2019,NYJ,2019_11_NYJ_WAS,Adam Gase
2019,WAS,2019_11_NYJ_WAS,Kevin O'Connell
2019,PIT,2019_11_PIT_CLE,Randy Fichtner
2019,CLE,2019_11_PIT_CLE,Freddie Kitchens
2019,LA,2019_12_BAL_LA,Sean McVay
2019,BAL,2019_12_BAL_LA,Greg Roman
2019,NO,2019_12_CAR_NO,Sean Payton
2019,CAR,2019_12_CAR_NO,Norv Turner
2019,DAL,2019_12_DAL_NE,Kellen Moore
2019,NE,2019_12_DAL_NE,Josh McDaniels
2019,DEN,2019_12_DEN_BUF,Rich Scangarello
2019,BUF,2019_12_DEN_BUF,Brian Daboll
2019,WAS,2019_12_DET_WAS,Kevin O'Connell
2019,DET,2019_12_DET_WAS,Darrell Bevell
2019,GB,2019_12_GB_SF,Matt LaFleur
2019,SF,2019_12_GB_SF,Kyle Shanahan
2019,IND,2019_12_IND_HOU,Frank Reich
2019,HOU,2019_12_IND_HOU,Bill O'Brien
2019,JAX,2019_12_JAX_TEN,John DeFilippo
2019,TEN,2019_12_JAX_TEN,Arthur Smith
2019,CLE,2019_12_MIA_CLE,Freddie Kitchens
2019,MIA,2019_12_MIA_CLE,Chad O'Shea
2019,NYG,2019_12_NYG_CHI,Pat Shurmur
2019,CHI,2019_12_NYG_CHI,Matt Nagy
2019,LV,2019_12_OAK_NYJ,Jon Gruden
2019,NYJ,2019_12_OAK_NYJ,Adam Gase
2019,CIN,2019_12_PIT_CIN,Zac Taylor
2019,PIT,2019_12_PIT_CIN,Randy Fichtner
2019,PHI,2019_12_SEA_PHI,Doug Pederson
2019,SEA,2019_12_SEA_PHI,Brian Schottenheimer
2019,ATL,2019_12_TB_ATL,Dirk Koetter
2019,TB,2019_12_TB_ATL,Byron Leftwich
2019,DAL,2019_13_BUF_DAL,Kellen Moore
2019,BUF,2019_13_BUF_DAL,Brian Daboll
2019,CHI,2019_13_CHI_DET,Matt Nagy
2019,DET,2019_13_CHI_DET,Darrell Bevell
2019,CLE,2019_13_CLE_PIT,Freddie Kitchens
2019,PIT,2019_13_CLE_PIT,Randy Fichtner
2019,NYG,2019_13_GB_NYG,Pat Shurmur
2019,GB,2019_13_GB_NYG,Matt LaFleur
2019,LA,2019_13_LA_ARI,Sean McVay
2019,ARI,2019_13_LA_ARI,Kliff Kingsbury
2019,DEN,2019_13_LAC_DEN,Rich Scangarello
2019,LAC,2019_13_LAC_DEN,Shane Steichen
2019,SEA,2019_13_MIN_SEA,Brian Schottenheimer
2019,MIN,2019_13_MIN_SEA,Kevin Stefanski
2019,HOU,2019_13_NE_HOU,Bill O'Brien
2019,NE,2019_13_NE_HOU,Josh McDaniels
2019,ATL,2019_13_NO_ATL,Dirk Koetter
2019,NO,2019_13_NO_ATL,Sean Payton
2019,NYJ,2019_13_NYJ_CIN,Adam Gase
2019,CIN,2019_13_NYJ_CIN,Zac Taylor
2019,LV,2019_13_OAK_KC,Jon Gruden
2019,KC,2019_13_OAK_KC,Andy Reid
2019,MIA,2019_13_PHI_MIA,Chad O'Shea
2019,PHI,2019_13_PHI_MIA,Doug Pederson
2019,SF,2019_13_SF_BAL,Kyle Shanahan
2019,BAL,2019_13_SF_BAL,Greg Roman
2019,TB,2019_13_TB_JAX,Byron Leftwich
2019,JAX,2019_13_TB_JAX,John DeFilippo
2019,TEN,2019_13_TEN_IND,Arthur Smith
2019,IND,2019_13_TEN_IND,Frank Reich
2019,CAR,2019_13_WAS_CAR,Norv Turner
2019,WAS,2019_13_WAS_CAR,Kevin O'Connell
2019,BUF,2019_14_BAL_BUF,Brian Daboll
2019,BAL,2019_14_BAL_BUF,Greg Roman
2019,ATL,2019_14_CAR_ATL,Dirk Koetter
2019,CAR,2019_14_CAR_ATL,Scott Turner
2019,CIN,2019_14_CIN_CLE,Zac Taylor
2019,CLE,2019_14_CIN_CLE,Freddie Kitchens
2019,DAL,2019_14_DAL_CHI,Kellen Moore
2019,CHI,2019_14_DAL_CHI,Matt Nagy
2019,HOU,2019_14_DEN_HOU,Bill O'Brien
2019,DEN,2019_14_DEN_HOU,Rich Scangarello
2019,DET,2019_14_DET_MIN,Darrell Bevell
2019,MIN,2019_14_DET_MIN,Kevin Stefanski
2019,TB,2019_14_IND_TB,Byron Leftwich
2019,IND,2019_14_IND_TB,Frank Reich
2019,NE,2019_14_KC_NE,Josh McDaniels
2019,KC,2019_14_KC_NE,Andy Reid
2019,JAX,2019_14_LAC_JAX,John DeFilippo
2019,LAC,2019_14_LAC_JAX,Shane Steichen
2019,NYJ,2019_14_MIA_NYJ,Adam Gase
2019,MIA,2019_14_MIA_NYJ,Chad O'Shea
2019,PHI,2019_14_NYG_PHI,Doug Pederson
2019,NYG,2019_14_NYG_PHI,Pat Shurmur
2019,ARI,2019_14_PIT_ARI,Kliff Kingsbury
2019,PIT,2019_14_PIT_ARI,Randy Fichtner
2019,SEA,2019_14_SEA_LA,Brian Schottenheimer
2019,LA,2019_14_SEA_LA,Sean McVay
2019,NO,2019_14_SF_NO,Sean Payton
2019,SF,2019_14_SF_NO,Kyle Shanahan
2019,TEN,2019_14_TEN_OAK,Arthur Smith
2019,LV,2019_14_TEN_OAK,Jon Gruden
2019,WAS,2019_14_WAS_GB,Kevin O'Connell
2019,GB,2019_14_WAS_GB,Matt LaFleur
2019,ATL,2019_15_ATL_SF,Dirk Koetter
2019,SF,2019_15_ATL_SF,Kyle Shanahan
2019,BUF,2019_15_BUF_PIT,Brian Daboll
2019,PIT,2019_15_BUF_PIT,Randy Fichtner
2019,CHI,2019_15_CHI_GB,Matt Nagy
2019,GB,2019_15_CHI_GB,Matt LaFleur
2019,ARI,2019_15_CLE_ARI,Kliff Kingsbury
2019,CLE,2019_15_CLE_ARI,Freddie Kitchens
2019,DEN,2019_15_DEN_KC,Rich Scangarello
2019,KC,2019_15_DEN_KC,Andy Reid
2019,HOU,2019_15_HOU_TEN,Bill O'Brien
2019,TEN,2019_15_HOU_TEN,Arthur Smith
2019,IND,2019_15_IND_NO,Frank Reich
2019,NO,2019_15_IND_NO,Sean Payton
2019,LV,2019_15_JAX_OAK,Jon Gruden
2019,JAX,2019_15_JAX_OAK,John DeFilippo
2019,LA,2019_15_LA_DAL,Sean McVay
2019,DAL,2019_15_LA_DAL,Kellen Moore
2019,MIA,2019_15_MIA_NYG,Chad O'Shea
2019,NYG,2019_15_MIA_NYG,Pat Shurmur
2019,MIN,2019_15_MIN_LAC,Kevin Stefanski
2019,LAC,2019_15_MIN_LAC,Shane Steichen
2019,NE,2019_15_NE_CIN,Josh McDaniels
2019,CIN,2019_15_NE_CIN,Zac Taylor
2019,NYJ,2019_15_NYJ_BAL,Adam Gase
2019,BAL,2019_15_NYJ_BAL,Greg Roman
2019,WAS,2019_15_PHI_WAS,Kevin O'Connell
2019,PHI,2019_15_PHI_WAS,Doug Pederson
2019,SEA,2019_15_SEA_CAR,Brian Schottenheimer
2019,CAR,2019_15_SEA_CAR,Scott Turner
2019,TB,2019_15_TB_DET,Byron Leftwich
2019,DET,2019_15_TB_DET,Darrell Bevell
2019,ARI,2019_16_ARI_SEA,Kliff Kingsbury
2019,SEA,2019_16_ARI_SEA,Brian Schottenheimer
2019,CLE,2019_16_BAL_CLE,Freddie Kitchens
2019,BAL,2019_16_BAL_CLE,Greg Roman
2019,NE,2019_16_BUF_NE,Josh McDaniels
2019,BUF,2019_16_BUF_NE,Brian Daboll
2019,CAR,2019_16_CAR_IND,Scott Turner
2019,IND,2019_16_CAR_IND,Frank Reich
2019,MIA,2019_16_CIN_MIA,Chad O'Shea
2019,CIN,2019_16_CIN_MIA,Zac Taylor
2019,PHI,2019_16_DAL_PHI,Doug Pederson
2019,DAL,2019_16_DAL_PHI,Kellen Moore
2019,DET,2019_16_DET_DEN,Darrell Bevell
2019,DEN,2019_16_DET_DEN,Rich Scangarello
2019,GB,2019_16_GB_MIN,Matt LaFleur
2019,MIN,2019_16_GB_MIN,Kevin Stefanski
2019,TB,2019_16_HOU_TB,Byron Leftwich
2019,HOU,2019_16_HOU_TB,Bill O'Brien
2019,ATL,2019_16_JAX_ATL,Dirk Koetter
2019,JAX,2019_16_JAX_ATL,John DeFilippo
2019,CHI,2019_16_KC_CHI,Matt Nagy
2019,KC,2019_16_KC_CHI,Andy Reid
2019,LA,2019_16_LA_SF,Sean McVay
2019,SF,2019_16_LA_SF,Kyle Shanahan
2019,TEN,2019_16_NO_TEN,Arthur Smith
2019,NO,2019_16_NO_TEN,Sean Payton
2019,NYG,2019_16_NYG_WAS,Pat Shurmur
2019,WAS,2019_16_NYG_WAS,Kevin O'Connell
2019,LAC,2019_16_OAK_LAC,Shane Steichen
2019,LV,2019_16_OAK_LAC,Jon Gruden
2019,NYJ,2019_16_PIT_NYJ,Adam Gase
2019,PIT,2019_16_PIT_NYJ,Randy Fichtner
2019,LA,2019_17_ARI_LA,Sean McVay
2019,ARI,2019_17_ARI_LA,Kliff Kingsbury
2019,ATL,2019_17_ATL_TB,Dirk Koetter
2019,TB,2019_17_ATL_TB,Byron Leftwich
2019,MIN,2019_17_CHI_MIN,Kevin Stefanski
2019,CHI,2019_17_CHI_MIN,Matt Nagy
2019,CLE,2019_17_CLE_CIN,Freddie Kitchens
2019,CIN,2019_17_CLE_CIN,Zac Taylor
2019,DET,2019_17_GB_DET,Darrell Bevell
2019,GB,2019_17_GB_DET,Matt LaFleur
2019,IND,2019_17_IND_JAX,Frank Reich
2019,JAX,2019_17_IND_JAX,John DeFilippo
2019,LAC,2019_17_LAC_KC,Shane Steichen
2019,KC,2019_17_LAC_KC,Andy Reid
2019,MIA,2019_17_MIA_NE,Chad O'Shea
2019,NE,2019_17_MIA_NE,Josh McDaniels
2019,NO,2019_17_NO_CAR,Sean Payton
2019,CAR,2019_17_NO_CAR,Scott Turner
2019,NYJ,2019_17_NYJ_BUF,Adam Gase
2019,BUF,2019_17_NYJ_BUF,Brian Daboll
2019,DEN,2019_17_OAK_DEN,Rich Scangarello
2019,LV,2019_17_OAK_DEN,Jon Gruden
2019,PHI,2019_17_PHI_NYG,Doug Pederson
2019,NYG,2019_17_PHI_NYG,Pat Shurmur
2019,BAL,2019_17_PIT_BAL,Greg Roman
2019,PIT,2019_17_PIT_BAL,Randy Fichtner
2019,SEA,2019_17_SF_SEA,Brian Schottenheimer
2019,SF,2019_17_SF_SEA,Kyle Shanahan
2019,HOU,2019_17_TEN_HOU,Bill O'Brien
2019,TEN,2019_17_TEN_HOU,Arthur Smith
2019,DAL,2019_17_WAS_DAL,Kellen Moore
2019,WAS,2019_17_WAS_DAL,Kevin O'Connell
2019,BUF,2019_18_BUF_HOU,Brian Daboll
2019,HOU,2019_18_BUF_HOU,Bill O'Brien
2019,MIN,2019_18_MIN_NO,Kevin Stefanski
2019,NO,2019_18_MIN_NO,Sean Payton
2019,SEA,2019_18_SEA_PHI,Brian Schottenheimer
2019,PHI,2019_18_SEA_PHI,Doug Pederson
2019,NE,2019_18_TEN_NE,Josh McDaniels
2019,TEN,2019_18_TEN_NE,Arthur Smith
2019,HOU,2019_19_HOU_KC,Bill O'Brien
2019,KC,2019_19_HOU_KC,Andy Reid
2019,MIN,2019_19_MIN_SF,Kevin Stefanski
2019,SF,2019_19_MIN_SF,Kyle Shanahan
2019,GB,2019_19_SEA_GB,Matt LaFleur
2019,SEA,2019_19_SEA_GB,Brian Schottenheimer
2019,TEN,2019_19_TEN_BAL,Arthur Smith
2019,BAL,2019_19_TEN_BAL,Greg Roman
2019,SF,2019_20_GB_SF,Kyle Shanahan
2019,GB,2019_20_GB_SF,Matt LaFleur
2019,TEN,2019_20_TEN_KC,Arthur Smith
2019,KC,2019_20_TEN_KC,Andy Reid
2019,KC,2019_21_SF_KC,Andy Reid
2019,SF,2019_21_SF_KC,Kyle Shanahan
2020,SF,2020_01_ARI_SF,Kyle Shanahan
2020,ARI,2020_01_ARI_SF,Kliff Kingsbury
2020,CHI,2020_01_CHI_DET,Matt Nagy
2020,DET,2020_01_CHI_DET,Darrell Bevell
2020,CLE,2020_01_CLE_BAL,Kevin Stefanski
2020,BAL,2020_01_CLE_BAL,Greg Roman
2020,LA,2020_01_DAL_LA,Sean McVay
2020,DAL,2020_01_DAL_LA,Kellen Moore
2020,GB,2020_01_GB_MIN,Matt LaFleur
2020,MIN,2020_01_GB_MIN,Gary Kubiak
2020,HOU,2020_01_HOU_KC,Tim Kelly
2020,KC,2020_01_HOU_KC,Andy Reid
2020,IND,2020_01_IND_JAX,Frank Reich
2020,JAX,2020_01_IND_JAX,Jay Gruden
2020,CIN,2020_01_LAC_CIN,Zac Taylor
2020,LAC,2020_01_LAC_CIN,Shane Steichen
2020,LV,2020_01_LV_CAR,Jon Gruden
2020,CAR,2020_01_LV_CAR,Joe Brady
2020,MIA,2020_01_MIA_NE,Chan Gailey
2020,NE,2020_01_MIA_NE,Josh McDaniels
2020,NYJ,2020_01_NYJ_BUF,Adam Gase
2020,BUF,2020_01_NYJ_BUF,Brian Daboll
2020,WAS,2020_01_PHI_WAS,Scott Turner
2020,PHI,2020_01_PHI_WAS,Doug Pederson
2020,NYG,2020_01_PIT_NYG,Jason Garrett
2020,PIT,2020_01_PIT_NYG,Randy Fichtner
2020,ATL,2020_01_SEA_ATL,Dirk Koetter
2020,SEA,2020_01_SEA_ATL,Brian Schottenheimer
2020,NO,2020_01_TB_NO,Sean Payton
2020,TB,2020_01_TB_NO,Byron Leftwich
2020,TEN,2020_01_TEN_DEN,Arthur Smith
2020,DEN,2020_01_TEN_DEN,Pat Shurmur
2020,ATL,2020_02_ATL_DAL,Dirk Koetter
2020,DAL,2020_02_ATL_DAL,Kellen Moore
2020,HOU,2020_02_BAL_HOU,Tim Kelly
2020,BAL,2020_02_BAL_HOU,Greg Roman
2020,BUF,2020_02_BUF_MIA,Brian Daboll
2020,MIA,2020_02_BUF_MIA,Chan Gailey
2020,TB,2020_02_CAR_TB,Byron Leftwich
2020,CAR,2020_02_CAR_TB,Joe Brady
2020,CIN,2020_02_CIN_CLE,Zac Taylor
2020,CLE,2020_02_CIN_CLE,Kevin Stefanski
2020,DEN,2020_02_DEN_PIT,Pat Shurmur
2020,PIT,2020_02_DEN_PIT,Randy Fichtner
2020,DET,2020_02_DET_GB,Darrell Bevell
2020,GB,2020_02_DET_GB,Matt LaFleur
2020,TEN,2020_02_JAX_TEN,Arthur Smith
2020,JAX,2020_02_JAX_TEN,Jay Gruden
2020,LAC,2020_02_KC_LAC,Shane Steichen
2020,KC,2020_02_KC_LAC,Andy Reid
2020,PHI,2020_02_LA_PHI,Doug Pederson
2020,LA,2020_02_LA_PHI,Sean McVay
2020,MIN,2020_02_MIN_IND,Gary Kubiak
2020,IND,2020_02_MIN_IND,Frank Reich
2020,SEA,2020_02_NE_SEA,Brian Schottenheimer
2020,NE,2020_02_NE_SEA,Josh McDaniels
2020,NO,2020_02_NO_LV,Sean Payton
2020,LV,2020_02_NO_LV,Jon Gruden
2020,CHI,2020_02_NYG_CHI,Matt Nagy
2020,NYG,2020_02_NYG_CHI,Jason Garrett
2020,SF,2020_02_SF_NYJ,Kyle Shanahan
2020,NYJ,2020_02_SF_NYJ,Adam Gase
2020,WAS,2020_02_WAS_ARI,Scott Turner
2020,ARI,2020_02_WAS_ARI,Kliff Kingsbury
2020,CAR,2020_03_CAR_LAC,Joe Brady
2020,LAC,2020_03_CAR_LAC,Shane Steichen
2020,CHI,2020_03_CHI_ATL,Matt Nagy
2020,ATL,2020_03_CHI_ATL,Dirk Koetter
2020,CIN,2020_03_CIN_PHI,Zac Taylor
2020,PHI,2020_03_CIN_PHI,Doug Pederson
2020,SEA,2020_03_DAL_SEA,Brian Schottenheimer
2020,DAL,2020_03_DAL_SEA,Kellen Moore
2020,DET,2020_03_DET_ARI,Darrell Bevell
2020,ARI,2020_03_DET_ARI,Kliff Kingsbury
2020,NO,2020_03_GB_NO,Sean Payton
2020,GB,2020_03_GB_NO,Matt LaFleur
2020,HOU,2020_03_HOU_PIT,Tim Kelly
2020,PIT,2020_03_HOU_PIT,Randy Fichtner
2020,BAL,2020_03_KC_BAL,Greg Roman
2020,KC,2020_03_KC_BAL,Andy Reid
2020,BUF,2020_03_LA_BUF,Brian Daboll
2020,LA,2020_03_LA_BUF,Sean McVay
2020,NE,2020_03_LV_NE,Josh McDaniels
2020,LV,2020_03_LV_NE,Jon Gruden
2020,MIA,2020_03_MIA_JAX,Chan Gailey
2020,JAX,2020_03_MIA_JAX,Jay Gruden
2020,NYJ,2020_03_NYJ_IND,Adam Gase
2020,IND,2020_03_NYJ_IND,Frank Reich
2020,SF,2020_03_SF_NYG,Kyle Shanahan
2020,NYG,2020_03_SF_NYG,Jason Garrett
2020,DEN,2020_03_TB_DEN,Pat Shurmur
2020,TB,2020_03_TB_DEN,Byron Leftwich
2020,TEN,2020_03_TEN_MIN,Arthur Smith
2020,MIN,2020_03_TEN_MIN,Gary Kubiak
2020,CLE,2020_03_WAS_CLE,Kevin Stefanski
2020,WAS,2020_03_WAS_CLE,Scott Turner
2020,ARI,2020_04_ARI_CAR,Kliff Kingsbury
2020,CAR,2020_04_ARI_CAR,Joe Brady
2020,ATL,2020_04_ATL_GB,Dirk Koetter
2020,GB,2020_04_ATL_GB,Matt LaFleur
2020,WAS,2020_04_BAL_WAS,Scott Turner
2020,BAL,2020_04_BAL_WAS,Greg Roman
2020,BUF,2020_04_BUF_LV,Brian Daboll
2020,LV,2020_04_BUF_LV,Jon Gruden
2020,DAL,2020_04_CLE_DAL,Kellen Moore
2020,CLE,2020_04_CLE_DAL,Kevin Stefanski
2020,NYJ,2020_04_DEN_NYJ,Adam Gase
2020,DEN,2020_04_DEN_NYJ,Pat Shurmur
2020,CHI,2020_04_IND_CHI,Matt Nagy
2020,IND,2020_04_IND_CHI,Frank Reich
2020,JAX,2020_04_JAX_CIN,Jay Gruden
2020,CIN,2020_04_JAX_CIN,Zac Taylor
2020,TB,2020_04_LAC_TB,Byron Leftwich
2020,LAC,2020_04_LAC_TB,Shane Steichen
2020,HOU,2020_04_MIN_HOU,Tim Kelly
2020,MIN,2020_04_MIN_HOU,Gary Kubiak
2020,KC,2020_04_NE_KC,Andy Reid
2020,NE,2020_04_NE_KC,Josh McDaniels
2020,DET,2020_04_NO_DET,Darrell Bevell
2020,NO,2020_04_NO_DET,Sean Payton
2020,NYG,2020_04_NYG_LA,Jason Garrett
2020,LA,2020_04_NYG_LA,Sean McVay
2020,PHI,2020_04_PHI_SF,Doug Pederson
2020,SF,2020_04_PHI_SF,Kyle Shanahan
2020,MIA,2020_04_SEA_MIA,Chan Gailey
2020,SEA,2020_04_SEA_MIA,Brian Schottenheimer
2020,NYJ,2020_05_ARI_NYJ,Adam Gase
2020,ARI,2020_05_ARI_NYJ,Kliff Kingsbury
2020,BUF,2020_05_BUF_TEN,Brian Daboll
2020,TEN,2020_05_BUF_TEN,Arthur Smith
2020,CAR,2020_05_CAR_ATL,Joe Brady
2020,ATL,2020_05_CAR_ATL,Dirk Koetter
2020,CIN,2020_05_CIN_BAL,Zac Taylor
2020,BAL,2020_05_CIN_BAL,Greg Roman
2020,CLE,2020_05_IND_CLE,Kevin Stefanski
2020,IND,2020_05_IND_CLE,Frank Reich
2020,JAX,2020_05_JAX_HOU,Jay Gruden
2020,HOU,2020_05_JAX_HOU,Tim Kelly
2020,WAS,2020_05_LA_WAS,Scott Turner
2020,LA,2020_05_LA_WAS,Sean McVay
2020,LAC,2020_05_LAC_NO,Shane Steichen
2020,NO,2020_05_LAC_NO,Sean Payton
2020,KC,2020_05_LV_KC,Andy Reid
2020,LV,2020_05_LV_KC,Jon Gruden
2020,SF,2020_05_MIA_SF,Kyle Shanahan
2020,MIA,2020_05_MIA_SF,Chan Gailey
2020,MIN,2020_05_MIN_SEA,Gary Kubiak
2020,SEA,2020_05_MIN_SEA,Brian Schottenheimer
2020,DAL,2020_05_NYG_DAL,Kellen Moore
2020,NYG,2020_05_NYG_DAL,Jason Garrett
2020,PHI,2020_05_PHI_PIT,Doug Pederson
2020,PIT,2020_05_PHI_PIT,Randy Fichtner
2020,TB,2020_05_TB_CHI,Byron Leftwich
2020,CHI,2020_05_TB_CHI,Matt Nagy
2020,ARI,2020_06_ARI_DAL,Kliff Kingsbury
2020,DAL,2020_06_ARI_DAL,Kellen Moore
2020,MIN,2020_06_ATL_MIN,Gary Kubiak
2020,ATL,2020_06_ATL_MIN,Dirk Koetter
2020,PHI,2020_06_BAL_PHI,Doug Pederson
2020,BAL,2020_06_BAL_PHI,Greg Roman
2020,CAR,2020_06_CHI_CAR,Joe Brady
2020,CHI,2020_06_CHI_CAR,Matt Nagy
2020,IND,2020_06_CIN_IND,Frank Reich
2020,CIN,2020_06_CIN_IND,Zac Taylor
2020,PIT,2020_06_CLE_PIT,Randy Fichtner
2020,CLE,2020_06_CLE_PIT,Kevin Stefanski
2020,DEN,2020_06_DEN_NE,Pat Shurmur
2020,NE,2020_06_DEN_NE,Josh McDaniels
2020,JAX,2020_06_DET_JAX,Jay Gruden
2020,DET,2020_06_DET_JAX,Darrell Bevell
2020,GB,2020_06_GB_TB,Matt LaFleur
2020,TB,2020_06_GB_TB,Byron Leftwich
2020,TEN,2020_06_HOU_TEN,Arthur Smith
2020,HOU,2020_06_HOU_TEN,Tim Kelly
2020,BUF,2020_06_KC_BUF,Brian Daboll
2020,KC,2020_06_KC_BUF,Andy Reid
2020,SF,2020_06_LA_SF,Kyle Shanahan
2020,LA,2020_06_LA_SF,Sean McVay
2020,NYJ,2020_06_NYJ_MIA,Adam Gase
2020,MIA,2020_06_NYJ_MIA,Chan Gailey
2020,WAS,2020_06_WAS_NYG,Scott Turner
2020,NYG,2020_06_WAS_NYG,Jason Garrett
2020,NYJ,2020_07_BUF_NYJ,Dowell Loggains
2020,BUF,2020_07_BUF_NYJ,Brian Daboll
2020,NO,2020_07_CAR_NO,Sean Payton
2020,CAR,2020_07_CAR_NO,Joe Brady
2020,CHI,2020_07_CHI_LA,Matt Nagy
2020,LA,2020_07_CHI_LA,Sean McVay
2020,CIN,2020_07_CLE_CIN,Zac Taylor
2020,CLE,2020_07_CLE_CIN,Kevin Stefanski
2020,WAS,2020_07_DAL_WAS,Scott Turner
2020,DAL,2020_07_DAL_WAS,Kellen Moore
2020,ATL,2020_07_DET_ATL,Dirk Koetter
2020,DET,2020_07_DET_ATL,Darrell Bevell
2020,GB,2020_07_GB_HOU,Matt LaFleur
2020,HOU,2020_07_GB_HOU,Tim Kelly
2020,JAX,2020_07_JAX_LAC,Jay Gruden
2020,LAC,2020_07_JAX_LAC,Shane Steichen
2020,DEN,2020_07_KC_DEN,Pat Shurmur
2020,KC,2020_07_KC_DEN,Andy Reid
2020,PHI,2020_07_NYG_PHI,Doug Pederson
2020,NYG,2020_07_NYG_PHI,Jason Garrett
2020,PIT,2020_07_PIT_TEN,Randy Fichtner
2020,TEN,2020_07_PIT_TEN,Arthur Smith
2020,SEA,2020_07_SEA_ARI,Brian Schottenheimer
2020,ARI,2020_07_SEA_ARI,Kliff Kingsbury
2020,SF,2020_07_SF_NE,Kyle Shanahan
2020,NE,2020_07_SF_NE,Josh McDaniels
2020,TB,2020_07_TB_LV,Byron Leftwich
2020,LV,2020_07_TB_LV,Jon Gruden
2020,ATL,2020_08_ATL_CAR,Dirk Koetter
2020,CAR,2020_08_ATL_CAR,Joe Brady
2020,DAL,2020_08_DAL_PHI,Kellen Moore
2020,PHI,2020_08_DAL_PHI,Doug Pederson
2020,IND,2020_08_IND_DET,Frank Reich
2020,DET,2020_08_IND_DET,Darrell Bevell
2020,LA,2020_08_LA_MIA,Sean McVay
2020,MIA,2020_08_LA_MIA,Chan Gailey
2020,DEN,2020_08_LAC_DEN,Pat Shurmur
2020,LAC,2020_08_LAC_DEN,Shane Steichen
2020,LV,2020_08_LV_CLE,Jon Gruden
2020,CLE,2020_08_LV_CLE,Kevin Stefanski
2020,GB,2020_08_MIN_GB,Matt LaFleur
2020,MIN,2020_08_MIN_GB,Gary Kubiak
2020,NE,2020_08_NE_BUF,Josh McDaniels
2020,BUF,2020_08_NE_BUF,Brian Daboll
2020,NO,2020_08_NO_CHI,Sean Payton
2020,CHI,2020_08_NO_CHI,Matt Nagy
2020,KC,2020_08_NYJ_KC,Andy Reid
2020,NYJ,2020_08_NYJ_KC,Dowell Loggains
2020,BAL,2020_08_PIT_BAL,Greg Roman
2020,PIT,2020_08_PIT_BAL,Randy Fichtner
2020,SEA,2020_08_SF_SEA,Brian Schottenheimer
2020,SF,2020_08_SF_SEA,Kyle Shanahan
2020,TB,2020_08_TB_NYG,Byron Leftwich
2020,NYG,2020_08_TB_NYG,Jason Garrett
2020,CIN,2020_08_TEN_CIN,Zac Taylor
2020,TEN,2020_08_TEN_CIN,Arthur Smith
2020,IND,2020_09_BAL_IND,Frank Reich
2020,BAL,2020_09_BAL_IND,Greg Roman
2020,CAR,2020_09_CAR_KC,Joe Brady
2020,KC,2020_09_CAR_KC,Andy Reid
2020,TEN,2020_09_CHI_TEN,Arthur Smith
2020,CHI,2020_09_CHI_TEN,Matt Nagy
2020,ATL,2020_09_DEN_ATL,Dirk Koetter
2020,DEN,2020_09_DEN_ATL,Pat Shurmur
2020,DET,2020_09_DET_MIN,Darrell Bevell
2020,MIN,2020_09_DET_MIN,Gary Kubiak
2020,GB,2020_09_GB_SF,Matt LaFleur
2020,SF,2020_09_GB_SF,Kyle Shanahan
2020,JAX,2020_09_HOU_JAX,Jay Gruden
2020,HOU,2020_09_HOU_JAX,Tim Kelly
2020,LAC,2020_09_LV_LAC,Shane Steichen
2020,LV,2020_09_LV_LAC,Jon Gruden
2020,MIA,2020_09_MIA_ARI,Chan Gailey
2020,ARI,2020_09_MIA_ARI,Kliff Kingsbury
2020,NYJ,2020_09_NE_NYJ,Dowell Loggains
2020,NE,2020_09_NE_NYJ,Josh McDaniels
2020,TB,2020_09_NO_TB,Byron Leftwich
2020,NO,2020_09_NO_TB,Sean Payton
2020,NYG,2020_09_NYG_WAS,Jason Garrett
2020,WAS,2020_09_NYG_WAS,Scott Turner
2020,PIT,2020_09_PIT_DAL,Randy Fichtner
2020,DAL,2020_09_PIT_DAL,Kellen Moore
2020,BUF,2020_09_SEA_BUF,Brian Daboll
2020,SEA,2020_09_SEA_BUF,Brian Schottenheimer
2020,BAL,2020_10_BAL_NE,Greg Roman
2020,NE,2020_10_BAL_NE,Josh McDaniels
2020,ARI,2020_10_BUF_ARI,Kliff Kingsbury
2020,BUF,2020_10_BUF_ARI,Brian Daboll
2020,PIT,2020_10_CIN_PIT,Randy Fichtner
2020,CIN,2020_10_CIN_PIT,Zac Taylor
2020,DEN,2020_10_DEN_LV,Pat Shurmur
2020,LV,2020_10_DEN_LV,Jon Gruden
2020,CLE,2020_10_HOU_CLE,Kevin Stefanski
2020,HOU,2020_10_HOU_CLE,Tim Kelly
2020,TEN,2020_10_IND_TEN,Arthur Smith
2020,IND,2020_10_IND_TEN,Frank Reich
2020,GB,2020_10_JAX_GB,Matt LaFleur
2020,JAX,2020_10_JAX_GB,Jay Gruden
2020,LAC,2020_10_LAC_MIA,Shane Steichen
2020,MIA,2020_10_LAC_MIA,Chan Gailey
2020,MIN,2020_10_MIN_CHI,Gary Kubiak
2020,CHI,2020_10_MIN_CHI,Bill Lazor
2020,NYG,2020_10_PHI_NYG,Jason Garrett
2020,PHI,2020_10_PHI_NYG,Doug Pederson
2020,LA,2020_10_SEA_LA,Sean McVay
2020,SEA,2020_10_SEA_LA,Brian Schottenheimer
2020,SF,2020_10_SF_NO,Kyle Shanahan
2020,NO,2020_10_SF_NO,Sean Payton
2020,CAR,2020_10_TB_CAR,Joe Brady
2020,TB,2020_10_TB_CAR,Byron Leftwich
2020,WAS,2020_10_WAS_DET,Scott Turner
2020,DET,2020_10_WAS_DET,Darrell Bevell
2020,SEA,2020_11_ARI_SEA,Brian Schottenheimer
2020,ARI,2020_11_ARI_SEA,Kliff Kingsbury
2020,ATL,2020_11_ATL_NO,Dirk Koetter
2020,NO,2020_11_ATL_NO,Sean Payton
2020,WAS,2020_11_CIN_WAS,Scott Turner
2020,CIN,2020_11_CIN_WAS,Zac Taylor
2020,DAL,2020_11_DAL_MIN,Kellen Moore
2020,MIN,2020_11_DAL_MIN,Gary Kubiak
2020,CAR,2020_11_DET_CAR,Joe Brady
2020,DET,2020_11_DET_CAR,Darrell Bevell
2020,GB,2020_11_GB_IND,Matt LaFleur
2020,IND,2020_11_GB_IND,Frank Reich
2020,LV,2020_11_KC_LV,Jon Gruden
2020,KC,2020_11_KC_LV,Andy Reid
2020,TB,2020_11_LA_TB,Byron Leftwich
2020,LA,2020_11_LA_TB,Sean McVay
2020,MIA,2020_11_MIA_DEN,Chan Gailey
2020,DEN,2020_11_MIA_DEN,Pat Shurmur
2020,HOU,2020_11_NE_HOU,Tim Kelly
2020,NE,2020_11_NE_HOU,Josh McDaniels
2020,LAC,2020_11_NYJ_LAC,Shane Steichen
2020,NYJ,2020_11_NYJ_LAC,Dowell Loggains
2020,CLE,2020_11_PHI_CLE,Kevin Stefanski
2020,PHI,2020_11_PHI_CLE,Doug Pederson
2020,JAX,2020_11_PIT_JAX,Jay Gruden
2020,PIT,2020_11_PIT_JAX,Randy Fichtner
2020,BAL,2020_11_TEN_BAL,Greg Roman
2020,TEN,2020_11_TEN_BAL,Arthur Smith
2020,NE,2020_12_ARI_NE,Josh McDaniels
2020,ARI,2020_12_ARI_NE,Kliff Kingsbury
2020,BAL,2020_12_BAL_PIT,Greg Roman
2020,PIT,2020_12_BAL_PIT,Randy Fichtner
2020,CAR,2020_12_CAR_MIN,Joe Brady
2020,MIN,2020_12_CAR_MIN,Gary Kubiak
2020,GB,2020_12_CHI_GB,Matt LaFleur
2020,CHI,2020_12_CHI_GB,Bill Lazor
2020,JAX,2020_12_CLE_JAX,Jay Gruden
2020,CLE,2020_12_CLE_JAX,Kevin Stefanski
2020,HOU,2020_12_HOU_DET,Tim Kelly
2020,DET,2020_12_HOU_DET,Darrell Bevell
2020,KC,2020_12_KC_TB,Andy Reid
2020,TB,2020_12_KC_TB,Byron Leftwich
2020,LAC,2020_12_LAC_BUF,Shane Steichen
2020,BUF,2020_12_LAC_BUF,Brian Daboll
2020,ATL,2020_12_LV_ATL,Dirk Koetter
2020,LV,2020_12_LV_ATL,Jon Gruden
2020,NYJ,2020_12_MIA_NYJ,Dowell Loggains
2020,MIA,2020_12_MIA_NYJ,Chan Gailey
2020,DEN,2020_12_NO_DEN,Pat Shurmur
2020,NO,2020_12_NO_DEN,Sean Payton
2020,NYG,2020_12_NYG_CIN,Jason Garrett
2020,CIN,2020_12_NYG_CIN,Zac Taylor
2020,PHI,2020_12_SEA_PHI,Doug Pederson
2020,SEA,2020_12_SEA_PHI,Brian Schottenheimer
2020,SF,2020_12_SF_LA,Kyle Shanahan
2020,LA,2020_12_SF_LA,Sean McVay
2020,TEN,2020_12_TEN_IND,Arthur Smith
2020,IND,2020_12_TEN_IND,Frank Reich
2020,WAS,2020_12_WAS_DAL,Scott Turner
2020,DAL,2020_12_WAS_DAL,Kellen Moore
2020,BUF,2020_13_BUF_SF,Brian Daboll
2020,SF,2020_13_BUF_SF,Kyle Shanahan
2020,CIN,2020_13_CIN_MIA,Zac Taylor
2020,MIA,2020_13_CIN_MIA,Chan Gailey
2020,CLE,2020_13_CLE_TEN,Kevin Stefanski
2020,TEN,2020_13_CLE_TEN,Arthur Smith
2020,DAL,2020_13_DAL_BAL,Kellen Moore
2020,BAL,2020_13_DAL_BAL,Greg Roman
2020,DEN,2020_13_DEN_KC,Pat Shurmur
2020,KC,2020_13_DEN_KC,Andy Reid
2020,CHI,2020_13_DET_CHI,Bill Lazor
2020,DET,2020_13_DET_CHI,Darrell Bevell
2020,HOU,2020_13_IND_HOU,Tim Kelly
2020,IND,2020_13_IND_HOU,Frank Reich
2020,JAX,2020_13_JAX_MIN,Jay Gruden
2020,MIN,2020_13_JAX_MIN,Gary Kubiak
2020,ARI,2020_13_LA_ARI,Kliff Kingsbury
2020,LA,2020_13_LA_ARI,Sean McVay
2020,NYJ,2020_13_LV_NYJ,Dowell Loggains
2020,LV,2020_13_LV_NYJ,Jon Gruden
2020,NE,2020_13_NE_LAC,Josh McDaniels
2020,LAC,2020_13_NE_LAC,Shane Steichen
2020,ATL,2020_13_NO_ATL,Dirk Koetter
2020,NO,2020_13_NO_ATL,Sean Payton
2020,SEA,2020_13_NYG_SEA,Brian Schottenheimer
2020,NYG,2020_13_NYG_SEA,Jason Garrett
2020,PHI,2020_13_PHI_GB,Doug Pederson
2020,GB,2020_13_PHI_GB,Matt LaFleur
2020,PIT,2020_13_WAS_PIT,Randy Fichtner
2020,WAS,2020_13_WAS_PIT,Scott Turner
2020,NYG,2020_14_ARI_NYG,Jason Garrett
2020,ARI,2020_14_ARI_NYG,Kliff Kingsbury
2020,ATL,2020_14_ATL_LAC,Dirk Koetter
2020,LAC,2020_14_ATL_LAC,Shane Steichen
2020,CLE,2020_14_BAL_CLE,Kevin Stefanski
2020,BAL,2020_14_BAL_CLE,Greg Roman
2020,CIN,2020_14_DAL_CIN,Zac Taylor
2020,DAL,2020_14_DAL_CIN,Kellen Moore
2020,DEN,2020_14_DEN_CAR,Pat Shurmur
2020,CAR,2020_14_DEN_CAR,Joe Brady
2020,DET,2020_14_GB_DET,Darrell Bevell
2020,GB,2020_14_GB_DET,Matt LaFleur
2020,HOU,2020_14_HOU_CHI,Tim Kelly
2020,CHI,2020_14_HOU_CHI,Bill Lazor
2020,IND,2020_14_IND_LV,Frank Reich
2020,LV,2020_14_IND_LV,Jon Gruden
2020,MIA,2020_14_KC_MIA,Chan Gailey
2020,KC,2020_14_KC_MIA,Andy Reid
2020,MIN,2020_14_MIN_TB,Gary Kubiak
2020,TB,2020_14_MIN_TB,Byron Leftwich
2020,LA,2020_14_NE_LA,Sean McVay
2020,NE,2020_14_NE_LA,Josh McDaniels
2020,NO,2020_14_NO_PHI,Sean Payton
2020,PHI,2020_14_NO_PHI,Doug Pederson
2020,NYJ,2020_14_NYJ_SEA,Dowell Loggains
2020,SEA,2020_14_NYJ_SEA,Brian Schottenheimer
2020,PIT,2020_14_PIT_BUF,Randy Fichtner
2020,BUF,2020_14_PIT_BUF,Brian Daboll
2020,JAX,2020_14_TEN_JAX,Jay Gruden
2020,TEN,2020_14_TEN_JAX,Arthur Smith
2020,SF,2020_14_WAS_SF,Kyle Shanahan
2020,WAS,2020_14_WAS_SF,Scott Turner
2020,DEN,2020_15_BUF_DEN,Pat Shurmur
2020,BUF,2020_15_BUF_DEN,Brian Daboll
2020,CAR,2020_15_CAR_GB,Joe Brady
2020,GB,2020_15_CAR_GB,Matt LaFleur
2020,CHI,2020_15_CHI_MIN,Bill Lazor
2020,MIN,2020_15_CHI_MIN,Gary Kubiak
2020,NYG,2020_15_CLE_NYG,Freddie Kitchens
2020,CLE,2020_15_CLE_NYG,Kevin Stefanski
2020,TEN,2020_15_DET_TEN,Arthur Smith
2020,DET,2020_15_DET_TEN,Darrell Bevell
2020,HOU,2020_15_HOU_IND,Tim Kelly
2020,IND,2020_15_HOU_IND,Frank Reich
2020,BAL,2020_15_JAX_BAL,Greg Roman
2020,JAX,2020_15_JAX_BAL,Jay Gruden
2020,KC,2020_15_KC_NO,Andy Reid
2020,NO,2020_15_KC_NO,Sean Payton
2020,LV,2020_15_LAC_LV,Jon Gruden
2020,LAC,2020_15_LAC_LV,Shane Steichen
2020,NE,2020_15_NE_MIA,Josh McDaniels
2020,MIA,2020_15_NE_MIA,Chan Gailey
2020,LA,2020_15_NYJ_LA,Sean McVay
2020,NYJ,2020_15_NYJ_LA,Dowell Loggains
2020,ARI,2020_15_PHI_ARI,Kliff Kingsbury
2020,PHI,2020_15_PHI_ARI,Doug Pederson
2020,PIT,2020_15_PIT_CIN,Randy Fichtner
2020,CIN,2020_15_PIT_CIN,Zac Taylor
2020,WAS,2020_15_SEA_WAS,Scott Turner
2020,SEA,2020_15_SEA_WAS,Brian Schottenheimer
2020,SF,2020_15_SF_DAL,Kyle Shanahan
2020,DAL,2020_15_SF_DAL,Kellen Moore
2020,ATL,2020_15_TB_ATL,Dirk Koetter
2020,TB,2020_15_TB_ATL,Byron Leftwich
2020,ATL,2020_16_ATL_KC,Dirk Koetter
2020,KC,2020_16_ATL_KC,Andy Reid
2020,NE,2020_16_BUF_NE,Josh McDaniels
2020,BUF,2020_16_BUF_NE,Brian Daboll
2020,WAS,2020_16_CAR_WAS,Scott Turner
2020,CAR,2020_16_CAR_WAS,Joe Brady
2020,JAX,2020_16_CHI_JAX,Jay Gruden
2020,CHI,2020_16_CHI_JAX,Bill Lazor
2020,HOU,2020_16_CIN_HOU,Tim Kelly
2020,CIN,2020_16_CIN_HOU,Zac Taylor
2020,CLE,2020_16_CLE_NYJ,Kevin Stefanski
2020,NYJ,2020_16_CLE_NYJ,Dowell Loggains
2020,LAC,2020_16_DEN_LAC,Shane Steichen
2020,DEN,2020_16_DEN_LAC,Pat Shurmur
2020,PIT,2020_16_IND_PIT,Randy Fichtner
2020,IND,2020_16_IND_PIT,Frank Reich
2020,LA,2020_16_LA_SEA,Sean McVay
2020,SEA,2020_16_LA_SEA,Brian Schottenheimer
2020,LV,2020_16_MIA_LV,Jon Gruden
2020,MIA,2020_16_MIA_LV,Chan Gailey
2020,NO,2020_16_MIN_NO,Sean Payton
2020,MIN,2020_16_MIN_NO,Gary Kubiak
2020,BAL,2020_16_NYG_BAL,Greg Roman
2020,NYG,2020_16_NYG_BAL,Jason Garrett
2020,PHI,2020_16_PHI_DAL,Doug Pederson
2020,DAL,2020_16_PHI_DAL,Kellen Moore
2020,ARI,2020_16_SF_ARI,Kliff Kingsbury
2020,SF,2020_16_SF_ARI,Kyle Shanahan
2020,TB,2020_16_TB_DET,Byron Leftwich
2020,DET,2020_16_TB_DET,Darrell Bevell
2020,GB,2020_16_TEN_GB,Matt LaFleur
2020,TEN,2020_16_TEN_GB,Arthur Smith
2020,ARI,2020_17_ARI_LA,Kliff Kingsbury
2020,LA,2020_17_ARI_LA,Sean McVay
2020,TB,2020_17_ATL_TB,Byron Leftwich
2020,ATL,2020_17_ATL_TB,Dirk Koetter
2020,BAL,2020_17_BAL_CIN,Greg Roman
2020,CIN,2020_17_BAL_CIN,Zac Taylor
2020,NYG,2020_17_DAL_NYG,Jason Garrett
2020,DAL,2020_17_DAL_NYG,Kellen Moore
2020,CHI,2020_17_GB_CHI,Bill Lazor
2020,GB,2020_17_GB_CHI,Matt LaFleur
2020,JAX,2020_17_JAX_IND,Jay Gruden
2020,IND,2020_17_JAX_IND,Frank Reich
2020,KC,2020_17_LAC_KC,Andy Reid
2020,LAC,2020_17_LAC_KC,Shane Steichen
2020,LV,2020_17_LV_DEN,Jon Gruden
2020,DEN,2020_17_LV_DEN,Pat Shurmur
2020,BUF,2020_17_MIA_BUF,Brian Daboll
2020,MIA,2020_17_MIA_BUF,Chan Gailey
2020,MIN,2020_17_MIN_DET,Gary Kubiak
2020,DET,2020_17_MIN_DET,Sean Ryan
2020,CAR,2020_17_NO_CAR,Joe Brady
2020,NO,2020_17_NO_CAR,Sean Payton
2020,NE,2020_17_NYJ_NE,Josh McDaniels
2020,NYJ,2020_17_NYJ_NE,Dowell Loggains
2020,PIT,2020_17_PIT_CLE,Randy Fichtner
2020,CLE,2020_17_PIT_CLE,Kevin Stefanski
2020,SEA,2020_17_SEA_SF,Brian Schottenheimer
2020,SF,2020_17_SEA_SF,Kyle Shanahan
2020,HOU,2020_17_TEN_HOU,Tim Kelly
2020,TEN,2020_17_TEN_HOU,Arthur Smith
2020,PHI,2020_17_WAS_PHI,Doug Pederson
2020,WAS,2020_17_WAS_PHI,Scott Turner
2020,TEN,2020_18_BAL_TEN,Arthur Smith
2020,BAL,2020_18_BAL_TEN,Greg Roman
2020,NO,2020_18_CHI_NO,Sean Payton
2020,CHI,2020_18_CHI_NO,Bill Lazor
2020,PIT,2020_18_CLE_PIT,Randy Fichtner
2020,CLE,2020_18_CLE_PIT,Alex Van Pelt
2020,IND,2020_18_IND_BUF,Frank Reich
2020,BUF,2020_18_IND_BUF,Brian Daboll
2020,LA,2020_18_LA_SEA,Sean McVay
2020,SEA,2020_18_LA_SEA,Brian Schottenheimer
2020,TB,2020_18_TB_WAS,Byron Leftwich
2020,WAS,2020_18_TB_WAS,Scott Turner
2020,BAL,2020_19_BAL_BUF,Greg Roman
2020,BUF,2020_19_BAL_BUF,Brian Daboll
2020,KC,2020_19_CLE_KC,Andy Reid
2020,CLE,2020_19_CLE_KC,Kevin Stefanski
2020,LA,2020_19_LA_GB,Sean McVay
2020,GB,2020_19_LA_GB,Matt LaFleur
2020,TB,2020_19_TB_NO,Byron Leftwich
2020,NO,2020_19_TB_NO,Sean Payton
2020,BUF,2020_20_BUF_KC,Brian Daboll
2020,KC,2020_20_BUF_KC,Andy Reid
2020,TB,2020_20_TB_GB,Byron Leftwich
2020,GB,2020_20_TB_GB,Matt LaFleur
2020,TB,2020_21_KC_TB,Byron Leftwich
2020,KC,2020_21_KC_TB,Andy Reid
,,,
,,,
,,,
,,,
,,,
,,,
,,,
,,,
,,,
,,,
,,,
,,,
,,,
,,,
,,,
,,,
,,,
,,,
,,,
